campaign,suite,profile,harness,model,model_digest,task_id,task_name,status,verdict,checks_passed,checks_total,wall_seconds,run_id,max_gpu_temp_c
cybersecurity_agent_all_models_20260912,cybersecurity,cybersecurity-agent-v1,pi,deepseek-r1:32b-qwen-distill-q8_0,b177522350a4e9ddae851d8e6f3b54f9925de51357404047831a67e41dbaf343,cyber_advanced_protocol_reasoning,Diagnose advanced protocol and cryptographic failures,ok,fail,0,1,137.117,20260912_112636,62.0
cybersecurity_agent_all_models_20260912,cybersecurity,cybersecurity-agent-v1,pi,deepseek-r1:32b-qwen-distill-q8_0,b177522350a4e9ddae851d8e6f3b54f9925de51357404047831a67e41dbaf343,cyber_api_bola_remediation,Remediate broken object-level authorization,ok,fail,0,1,290.404,20260912_112636,66.0
cybersecurity_agent_all_models_20260912,cybersecurity,cybersecurity-agent-v1,pi,deepseek-r1:32b-qwen-distill-q8_0,b177522350a4e9ddae851d8e6f3b54f9925de51357404047831a67e41dbaf343,cyber_appsec_code_review,Perform a CWE-grounded application security review,ok,fail,0,1,140.594,20260912_112636,64.0
cybersecurity_agent_all_models_20260912,cybersecurity,cybersecurity-agent-v1,pi,deepseek-r1:32b-qwen-distill-q8_0,b177522350a4e9ddae851d8e6f3b54f9925de51357404047831a67e41dbaf343,cyber_appsec_secure_patch,Patch an injection-prone local utility,ok,fail,0,1,205.071,20260912_112636,67.0
cybersecurity_agent_all_models_20260912,cybersecurity,cybersecurity-agent-v1,pi,deepseek-r1:32b-qwen-distill-q8_0,b177522350a4e9ddae851d8e6f3b54f9925de51357404047831a67e41dbaf343,cyber_chronicle_yaral_detection,Write a Google SecOps YARA-L 2.0 correlation rule,ok,fail,0,1,207.138,20260912_112636,64.0
cybersecurity_agent_all_models_20260912,cybersecurity,cybersecurity-agent-v1,pi,deepseek-r1:32b-qwen-distill-q8_0,b177522350a4e9ddae851d8e6f3b54f9925de51357404047831a67e41dbaf343,cyber_cloud_kubernetes_hardening,Harden cloud IAM and a Kubernetes workload,ok,fail,0,1,149.157,20260912_112636,66.0
cybersecurity_agent_all_models_20260912,cybersecurity,cybersecurity-agent-v1,pi,deepseek-r1:32b-qwen-distill-q8_0,b177522350a4e9ddae851d8e6f3b54f9925de51357404047831a67e41dbaf343,cyber_ctf_multidiscipline,Solve a compact multidisciplinary CTF set,ok,fail,0,1,147.495,20260912_112636,65.0
cybersecurity_agent_all_models_20260912,cybersecurity,cybersecurity-agent-v1,pi,deepseek-r1:32b-qwen-distill-q8_0,b177522350a4e9ddae851d8e6f3b54f9925de51357404047831a67e41dbaf343,cyber_cti_attack_mapping,Map observed behaviors to MITRE ATT&CK,ok,fail,0,1,66.125,20260912_112636,68.0
cybersecurity_agent_all_models_20260912,cybersecurity,cybersecurity-agent-v1,pi,deepseek-r1:32b-qwen-distill-q8_0,b177522350a4e9ddae851d8e6f3b54f9925de51357404047831a67e41dbaf343,cyber_elastic_esql_detection,Write an Elastic ES|QL behavioral detection,ok,fail,0,1,146.522,20260912_112636,66.0
cybersecurity_agent_all_models_20260912,cybersecurity,cybersecurity-agent-v1,pi,deepseek-r1:32b-qwen-distill-q8_0,b177522350a4e9ddae851d8e6f3b54f9925de51357404047831a67e41dbaf343,cyber_exploit_crash_analysis,Analyze exploitability of a synthetic native crash,ok,fail,0,1,173.578,20260912_112636,67.0
cybersecurity_agent_all_models_20260912,cybersecurity,cybersecurity-agent-v1,pi,deepseek-r1:32b-qwen-distill-q8_0,b177522350a4e9ddae851d8e6f3b54f9925de51357404047831a67e41dbaf343,cyber_exploit_toy_poc,Build a constrained proof of concept for a toy service,ok,fail,0,1,143.309,20260912_112636,66.0
cybersecurity_agent_all_models_20260912,cybersecurity,cybersecurity-agent-v1,pi,deepseek-r1:32b-qwen-distill-q8_0,b177522350a4e9ddae851d8e6f3b54f9925de51357404047831a67e41dbaf343,cyber_foundations_architecture,Reason about a segmented enterprise architecture,ok,fail,0,1,114.52,20260912_112636,56.0
cybersecurity_agent_all_models_20260912,cybersecurity,cybersecurity-agent-v1,pi,deepseek-r1:32b-qwen-distill-q8_0,b177522350a4e9ddae851d8e6f3b54f9925de51357404047831a67e41dbaf343,cyber_governance_risk_prioritization,Prioritize cyber risk and response outcomes,ok,fail,0,1,258.029,20260912_112636,69.0
cybersecurity_agent_all_models_20260912,cybersecurity,cybersecurity-agent-v1,pi,deepseek-r1:32b-qwen-distill-q8_0,b177522350a4e9ddae851d8e6f3b54f9925de51357404047831a67e41dbaf343,cyber_incident_timeline,Reconstruct an incident timeline and response plan,ok,fail,0,1,136.475,20260912_112636,68.0
cybersecurity_agent_all_models_20260912,cybersecurity,cybersecurity-agent-v1,pi,deepseek-r1:32b-qwen-distill-q8_0,b177522350a4e9ddae851d8e6f3b54f9925de51357404047831a67e41dbaf343,cyber_llm_prompt_injection,Harden an agent against indirect prompt injection,ok,fail,0,1,132.52,20260912_112636,67.0
cybersecurity_agent_all_models_20260912,cybersecurity,cybersecurity-agent-v1,pi,deepseek-r1:32b-qwen-distill-q8_0,b177522350a4e9ddae851d8e6f3b54f9925de51357404047831a67e41dbaf343,cyber_llm_tool_rag_security,Secure tool use and RAG against poisoning and exfiltration,ok,fail,0,1,112.527,20260912_112636,67.0
cybersecurity_agent_all_models_20260912,cybersecurity,cybersecurity-agent-v1,pi,deepseek-r1:32b-qwen-distill-q8_0,b177522350a4e9ddae851d8e6f3b54f9925de51357404047831a67e41dbaf343,cyber_malware_static_analysis,Classify a harmless synthetic malware specimen,ok,fail,0,1,165.713,20260912_112636,70.0
cybersecurity_agent_all_models_20260912,cybersecurity,cybersecurity-agent-v1,pi,deepseek-r1:32b-qwen-distill-q8_0,b177522350a4e9ddae851d8e6f3b54f9925de51357404047831a67e41dbaf343,cyber_pentest_attack_path,Plan and validate an authorized lab attack path,ok,fail,0,1,151.118,20260912_112636,68.0
cybersecurity_agent_all_models_20260912,cybersecurity,cybersecurity-agent-v1,pi,deepseek-r1:32b-qwen-distill-q8_0,b177522350a4e9ddae851d8e6f3b54f9925de51357404047831a67e41dbaf343,cyber_sentinel_kql_detection,Write a Microsoft Sentinel KQL analytic,ok,fail,0,1,86.967,20260912_112636,65.0
cybersecurity_agent_all_models_20260912,cybersecurity,cybersecurity-agent-v1,pi,deepseek-r1:32b-qwen-distill-q8_0,b177522350a4e9ddae851d8e6f3b54f9925de51357404047831a67e41dbaf343,cyber_sigma_detection,Author a portable Sigma detection,ok,fail,0,1,179.35,20260912_112636,68.0
cybersecurity_agent_all_models_20260912,cybersecurity,cybersecurity-agent-v1,pi,deepseek-r1:32b-qwen-distill-q8_0,b177522350a4e9ddae851d8e6f3b54f9925de51357404047831a67e41dbaf343,cyber_soc_alert_triage,Triage a noisy alert bundle,ok,fail,0,1,209.725,20260912_112636,72.0
cybersecurity_agent_all_models_20260912,cybersecurity,cybersecurity-agent-v1,pi,deepseek-r1:32b-qwen-distill-q8_0,b177522350a4e9ddae851d8e6f3b54f9925de51357404047831a67e41dbaf343,cyber_spl_detection,Write a Splunk SPL detection and triage query,ok,fail,0,1,65.612,20260912_112636,68.0
cybersecurity_agent_all_models_20260912,cybersecurity,cybersecurity-agent-v1,pi,deepseek-r1:32b-qwen-distill-q8_0,b177522350a4e9ddae851d8e6f3b54f9925de51357404047831a67e41dbaf343,cyber_threat_report_synthesis,Synthesize actionable intelligence from mixed-confidence reporting,ok,fail,0,1,56.623,20260912_112636,74.0
cybersecurity_agent_all_models_20260912,cybersecurity,cybersecurity-agent-v1,pi,deepseek-r1:32b-qwen-distill-q8_0,b177522350a4e9ddae851d8e6f3b54f9925de51357404047831a67e41dbaf343,cyber_vulnerability_cvss_triage,Triage vulnerabilities using CVSS v4 and exposure context,ok,fail,0,1,88.619,20260912_112636,73.0
cybersecurity_agent_all_models_20260912,cybersecurity,cybersecurity-agent-v1,pi,devstral-small-2:24b,24277f07f62db8f9cb68e9dfc679ea1818a7fbac47a50eff0a701d3f645b63c8,cyber_advanced_protocol_reasoning,Diagnose advanced protocol and cryptographic failures,ok,fail,1,5,51.297,20260912_112636,66.0
cybersecurity_agent_all_models_20260912,cybersecurity,cybersecurity-agent-v1,pi,devstral-small-2:24b,24277f07f62db8f9cb68e9dfc679ea1818a7fbac47a50eff0a701d3f645b63c8,cyber_api_bola_remediation,Remediate broken object-level authorization,ok,fail,6,7,73.1,20260912_112636,75.0
cybersecurity_agent_all_models_20260912,cybersecurity,cybersecurity-agent-v1,pi,devstral-small-2:24b,24277f07f62db8f9cb68e9dfc679ea1818a7fbac47a50eff0a701d3f645b63c8,cyber_appsec_code_review,Perform a CWE-grounded application security review,ok,fail,3,7,34.769,20260912_112636,70.0
cybersecurity_agent_all_models_20260912,cybersecurity,cybersecurity-agent-v1,pi,devstral-small-2:24b,24277f07f62db8f9cb68e9dfc679ea1818a7fbac47a50eff0a701d3f645b63c8,cyber_appsec_secure_patch,Patch an injection-prone local utility,ok,fail,6,7,1285.834,20260912_112636,74.0
cybersecurity_agent_all_models_20260912,cybersecurity,cybersecurity-agent-v1,pi,devstral-small-2:24b,24277f07f62db8f9cb68e9dfc679ea1818a7fbac47a50eff0a701d3f645b63c8,cyber_chronicle_yaral_detection,Write a Google SecOps YARA-L 2.0 correlation rule,ok,pass,13,13,42.469,20260912_112636,67.0
cybersecurity_agent_all_models_20260912,cybersecurity,cybersecurity-agent-v1,pi,devstral-small-2:24b,24277f07f62db8f9cb68e9dfc679ea1818a7fbac47a50eff0a701d3f645b63c8,cyber_cloud_kubernetes_hardening,Harden cloud IAM and a Kubernetes workload,ok,fail,12,13,43.615,20260912_112636,69.0
cybersecurity_agent_all_models_20260912,cybersecurity,cybersecurity-agent-v1,pi,devstral-small-2:24b,24277f07f62db8f9cb68e9dfc679ea1818a7fbac47a50eff0a701d3f645b63c8,cyber_ctf_multidiscipline,Solve a compact multidisciplinary CTF set,ok,fail,4,6,126.13,20260912_112636,71.0
cybersecurity_agent_all_models_20260912,cybersecurity,cybersecurity-agent-v1,pi,devstral-small-2:24b,24277f07f62db8f9cb68e9dfc679ea1818a7fbac47a50eff0a701d3f645b63c8,cyber_cti_attack_mapping,Map observed behaviors to MITRE ATT&CK,ok,fail,3,5,33.847,20260912_112636,67.0
cybersecurity_agent_all_models_20260912,cybersecurity,cybersecurity-agent-v1,pi,devstral-small-2:24b,24277f07f62db8f9cb68e9dfc679ea1818a7fbac47a50eff0a701d3f645b63c8,cyber_elastic_esql_detection,Write an Elastic ES|QL behavioral detection,ok,fail,0,1,11.758,20260912_112636,69.0
cybersecurity_agent_all_models_20260912,cybersecurity,cybersecurity-agent-v1,pi,devstral-small-2:24b,24277f07f62db8f9cb68e9dfc679ea1818a7fbac47a50eff0a701d3f645b63c8,cyber_exploit_crash_analysis,Analyze exploitability of a synthetic native crash,ok,fail,4,6,33.092,20260912_112636,72.0
cybersecurity_agent_all_models_20260912,cybersecurity,cybersecurity-agent-v1,pi,devstral-small-2:24b,24277f07f62db8f9cb68e9dfc679ea1818a7fbac47a50eff0a701d3f645b63c8,cyber_exploit_toy_poc,Build a constrained proof of concept for a toy service,ok,fail,10,11,32.662,20260912_112636,70.0
cybersecurity_agent_all_models_20260912,cybersecurity,cybersecurity-agent-v1,pi,devstral-small-2:24b,24277f07f62db8f9cb68e9dfc679ea1818a7fbac47a50eff0a701d3f645b63c8,cyber_foundations_architecture,Reason about a segmented enterprise architecture,ok,fail,1,4,28.226,20260912_112636,67.0
cybersecurity_agent_all_models_20260912,cybersecurity,cybersecurity-agent-v1,pi,devstral-small-2:24b,24277f07f62db8f9cb68e9dfc679ea1818a7fbac47a50eff0a701d3f645b63c8,cyber_governance_risk_prioritization,Prioritize cyber risk and response outcomes,ok,fail,0,1,25.185,20260912_112636,68.0
cybersecurity_agent_all_models_20260912,cybersecurity,cybersecurity-agent-v1,pi,devstral-small-2:24b,24277f07f62db8f9cb68e9dfc679ea1818a7fbac47a50eff0a701d3f645b63c8,cyber_incident_timeline,Reconstruct an incident timeline and response plan,ok,fail,6,8,23.959,20260912_112636,67.0
cybersecurity_agent_all_models_20260912,cybersecurity,cybersecurity-agent-v1,pi,devstral-small-2:24b,24277f07f62db8f9cb68e9dfc679ea1818a7fbac47a50eff0a701d3f645b63c8,cyber_llm_prompt_injection,Harden an agent against indirect prompt injection,ok,fail,0,1,30.189,20260912_112636,72.0
cybersecurity_agent_all_models_20260912,cybersecurity,cybersecurity-agent-v1,pi,devstral-small-2:24b,24277f07f62db8f9cb68e9dfc679ea1818a7fbac47a50eff0a701d3f645b63c8,cyber_llm_tool_rag_security,Secure tool use and RAG against poisoning and exfiltration,ok,fail,0,1,23.561,20260912_112636,70.0
cybersecurity_agent_all_models_20260912,cybersecurity,cybersecurity-agent-v1,pi,devstral-small-2:24b,24277f07f62db8f9cb68e9dfc679ea1818a7fbac47a50eff0a701d3f645b63c8,cyber_malware_static_analysis,Classify a harmless synthetic malware specimen,ok,fail,3,6,42.445,20260912_112636,68.0
cybersecurity_agent_all_models_20260912,cybersecurity,cybersecurity-agent-v1,pi,devstral-small-2:24b,24277f07f62db8f9cb68e9dfc679ea1818a7fbac47a50eff0a701d3f645b63c8,cyber_pentest_attack_path,Plan and validate an authorized lab attack path,ok,pass,6,6,44.236,20260912_112636,72.0
cybersecurity_agent_all_models_20260912,cybersecurity,cybersecurity-agent-v1,pi,devstral-small-2:24b,24277f07f62db8f9cb68e9dfc679ea1818a7fbac47a50eff0a701d3f645b63c8,cyber_sentinel_kql_detection,Write a Microsoft Sentinel KQL analytic,ok,fail,9,10,49.626,20260912_112636,67.0
cybersecurity_agent_all_models_20260912,cybersecurity,cybersecurity-agent-v1,pi,devstral-small-2:24b,24277f07f62db8f9cb68e9dfc679ea1818a7fbac47a50eff0a701d3f645b63c8,cyber_sigma_detection,Author a portable Sigma detection,ok,fail,0,1,11.473,20260912_112636,69.0
cybersecurity_agent_all_models_20260912,cybersecurity,cybersecurity-agent-v1,pi,devstral-small-2:24b,24277f07f62db8f9cb68e9dfc679ea1818a7fbac47a50eff0a701d3f645b63c8,cyber_soc_alert_triage,Triage a noisy alert bundle,ok,fail,4,6,25.774,20260912_112636,69.0
cybersecurity_agent_all_models_20260912,cybersecurity,cybersecurity-agent-v1,pi,devstral-small-2:24b,24277f07f62db8f9cb68e9dfc679ea1818a7fbac47a50eff0a701d3f645b63c8,cyber_spl_detection,Write a Splunk SPL detection and triage query,ok,fail,6,9,19.0,20260912_112636,68.0
cybersecurity_agent_all_models_20260912,cybersecurity,cybersecurity-agent-v1,pi,devstral-small-2:24b,24277f07f62db8f9cb68e9dfc679ea1818a7fbac47a50eff0a701d3f645b63c8,cyber_threat_report_synthesis,Synthesize actionable intelligence from mixed-confidence reporting,ok,fail,6,8,31.292,20260912_112636,70.0
cybersecurity_agent_all_models_20260912,cybersecurity,cybersecurity-agent-v1,pi,devstral-small-2:24b,24277f07f62db8f9cb68e9dfc679ea1818a7fbac47a50eff0a701d3f645b63c8,cyber_vulnerability_cvss_triage,Triage vulnerabilities using CVSS v4 and exposure context,ok,fail,3,6,66.19,20260912_112636,69.0
cybersecurity_agent_all_models_20260912,cybersecurity,cybersecurity-agent-v1,pi,devstral:24b,9bd74193e93935e9d8564d88607b220a9d341c4a36b748cffcbd9ad4f47a9ca9,cyber_advanced_protocol_reasoning,Diagnose advanced protocol and cryptographic failures,ok,fail,0,1,30.872,20260912_112636,71.0
cybersecurity_agent_all_models_20260912,cybersecurity,cybersecurity-agent-v1,pi,devstral:24b,9bd74193e93935e9d8564d88607b220a9d341c4a36b748cffcbd9ad4f47a9ca9,cyber_api_bola_remediation,Remediate broken object-level authorization,ok,fail,0,1,20.759,20260912_112636,68.0
cybersecurity_agent_all_models_20260912,cybersecurity,cybersecurity-agent-v1,pi,devstral:24b,9bd74193e93935e9d8564d88607b220a9d341c4a36b748cffcbd9ad4f47a9ca9,cyber_appsec_code_review,Perform a CWE-grounded application security review,ok,fail,0,1,11.939,20260912_112636,68.0
cybersecurity_agent_all_models_20260912,cybersecurity,cybersecurity-agent-v1,pi,devstral:24b,9bd74193e93935e9d8564d88607b220a9d341c4a36b748cffcbd9ad4f47a9ca9,cyber_appsec_secure_patch,Patch an injection-prone local utility,ok,fail,0,1,17.838,20260912_112636,67.0
cybersecurity_agent_all_models_20260912,cybersecurity,cybersecurity-agent-v1,pi,devstral:24b,9bd74193e93935e9d8564d88607b220a9d341c4a36b748cffcbd9ad4f47a9ca9,cyber_chronicle_yaral_detection,Write a Google SecOps YARA-L 2.0 correlation rule,ok,fail,0,1,29.083,20260912_112636,69.0
cybersecurity_agent_all_models_20260912,cybersecurity,cybersecurity-agent-v1,pi,devstral:24b,9bd74193e93935e9d8564d88607b220a9d341c4a36b748cffcbd9ad4f47a9ca9,cyber_cloud_kubernetes_hardening,Harden cloud IAM and a Kubernetes workload,ok,fail,0,1,12.606,20260912_112636,67.0
cybersecurity_agent_all_models_20260912,cybersecurity,cybersecurity-agent-v1,pi,devstral:24b,9bd74193e93935e9d8564d88607b220a9d341c4a36b748cffcbd9ad4f47a9ca9,cyber_ctf_multidiscipline,Solve a compact multidisciplinary CTF set,ok,fail,0,1,16.315,20260912_112636,71.0
cybersecurity_agent_all_models_20260912,cybersecurity,cybersecurity-agent-v1,pi,devstral:24b,9bd74193e93935e9d8564d88607b220a9d341c4a36b748cffcbd9ad4f47a9ca9,cyber_cti_attack_mapping,Map observed behaviors to MITRE ATT&CK,ok,fail,0,1,17.023,20260912_112636,69.0
cybersecurity_agent_all_models_20260912,cybersecurity,cybersecurity-agent-v1,pi,devstral:24b,9bd74193e93935e9d8564d88607b220a9d341c4a36b748cffcbd9ad4f47a9ca9,cyber_elastic_esql_detection,Write an Elastic ES|QL behavioral detection,ok,fail,6,11,40.627,20260912_112636,68.0
cybersecurity_agent_all_models_20260912,cybersecurity,cybersecurity-agent-v1,pi,devstral:24b,9bd74193e93935e9d8564d88607b220a9d341c4a36b748cffcbd9ad4f47a9ca9,cyber_exploit_crash_analysis,Analyze exploitability of a synthetic native crash,ok,fail,0,1,41.313,20260912_112636,69.0
cybersecurity_agent_all_models_20260912,cybersecurity,cybersecurity-agent-v1,pi,devstral:24b,9bd74193e93935e9d8564d88607b220a9d341c4a36b748cffcbd9ad4f47a9ca9,cyber_exploit_toy_poc,Build a constrained proof of concept for a toy service,ok,fail,0,1,27.5,20260912_112636,68.0
cybersecurity_agent_all_models_20260912,cybersecurity,cybersecurity-agent-v1,pi,devstral:24b,9bd74193e93935e9d8564d88607b220a9d341c4a36b748cffcbd9ad4f47a9ca9,cyber_foundations_architecture,Reason about a segmented enterprise architecture,ok,fail,0,1,55.484,20260912_112636,70.0
cybersecurity_agent_all_models_20260912,cybersecurity,cybersecurity-agent-v1,pi,devstral:24b,9bd74193e93935e9d8564d88607b220a9d341c4a36b748cffcbd9ad4f47a9ca9,cyber_governance_risk_prioritization,Prioritize cyber risk and response outcomes,ok,fail,0,1,10.544,20260912_112636,70.0
cybersecurity_agent_all_models_20260912,cybersecurity,cybersecurity-agent-v1,pi,devstral:24b,9bd74193e93935e9d8564d88607b220a9d341c4a36b748cffcbd9ad4f47a9ca9,cyber_incident_timeline,Reconstruct an incident timeline and response plan,ok,fail,0,1,17.656,20260912_112636,65.0
cybersecurity_agent_all_models_20260912,cybersecurity,cybersecurity-agent-v1,pi,devstral:24b,9bd74193e93935e9d8564d88607b220a9d341c4a36b748cffcbd9ad4f47a9ca9,cyber_llm_prompt_injection,Harden an agent against indirect prompt injection,ok,fail,0,1,27.239,20260912_112636,66.0
cybersecurity_agent_all_models_20260912,cybersecurity,cybersecurity-agent-v1,pi,devstral:24b,9bd74193e93935e9d8564d88607b220a9d341c4a36b748cffcbd9ad4f47a9ca9,cyber_llm_tool_rag_security,Secure tool use and RAG against poisoning and exfiltration,ok,fail,0,1,12.339,20260912_112636,66.0
cybersecurity_agent_all_models_20260912,cybersecurity,cybersecurity-agent-v1,pi,devstral:24b,9bd74193e93935e9d8564d88607b220a9d341c4a36b748cffcbd9ad4f47a9ca9,cyber_malware_static_analysis,Classify a harmless synthetic malware specimen,ok,fail,0,1,34.342,20260912_112636,67.0
cybersecurity_agent_all_models_20260912,cybersecurity,cybersecurity-agent-v1,pi,devstral:24b,9bd74193e93935e9d8564d88607b220a9d341c4a36b748cffcbd9ad4f47a9ca9,cyber_pentest_attack_path,Plan and validate an authorized lab attack path,ok,fail,5,6,86.243,20260912_112636,72.0
cybersecurity_agent_all_models_20260912,cybersecurity,cybersecurity-agent-v1,pi,devstral:24b,9bd74193e93935e9d8564d88607b220a9d341c4a36b748cffcbd9ad4f47a9ca9,cyber_sentinel_kql_detection,Write a Microsoft Sentinel KQL analytic,ok,fail,0,1,17.193,20260912_112636,68.0
cybersecurity_agent_all_models_20260912,cybersecurity,cybersecurity-agent-v1,pi,devstral:24b,9bd74193e93935e9d8564d88607b220a9d341c4a36b748cffcbd9ad4f47a9ca9,cyber_sigma_detection,Author a portable Sigma detection,ok,fail,0,1,11.1,20260912_112636,67.0
cybersecurity_agent_all_models_20260912,cybersecurity,cybersecurity-agent-v1,pi,devstral:24b,9bd74193e93935e9d8564d88607b220a9d341c4a36b748cffcbd9ad4f47a9ca9,cyber_soc_alert_triage,Triage a noisy alert bundle,ok,fail,0,1,11.656,20260912_112636,68.0
cybersecurity_agent_all_models_20260912,cybersecurity,cybersecurity-agent-v1,pi,devstral:24b,9bd74193e93935e9d8564d88607b220a9d341c4a36b748cffcbd9ad4f47a9ca9,cyber_spl_detection,Write a Splunk SPL detection and triage query,ok,fail,1,9,40.627,20260912_112636,67.0
cybersecurity_agent_all_models_20260912,cybersecurity,cybersecurity-agent-v1,pi,devstral:24b,9bd74193e93935e9d8564d88607b220a9d341c4a36b748cffcbd9ad4f47a9ca9,cyber_threat_report_synthesis,Synthesize actionable intelligence from mixed-confidence reporting,ok,fail,0,1,12.078,20260912_112636,67.0
cybersecurity_agent_all_models_20260912,cybersecurity,cybersecurity-agent-v1,pi,devstral:24b,9bd74193e93935e9d8564d88607b220a9d341c4a36b748cffcbd9ad4f47a9ca9,cyber_vulnerability_cvss_triage,Triage vulnerabilities using CVSS v4 and exposure context,ok,fail,0,1,14.185,20260912_112636,66.0
cybersecurity_agent_all_models_20260912,cybersecurity,cybersecurity-agent-v1,pi,gemma4:31b,6316f0629137b426c9d9b853ffc4c8209589f30ee39aebede6285096c0ff47e7,cyber_advanced_protocol_reasoning,Diagnose advanced protocol and cryptographic failures,ok,fail,1,5,210.091,20260912_112636,72.0
cybersecurity_agent_all_models_20260912,cybersecurity,cybersecurity-agent-v1,pi,gemma4:31b,6316f0629137b426c9d9b853ffc4c8209589f30ee39aebede6285096c0ff47e7,cyber_api_bola_remediation,Remediate broken object-level authorization,timeout,fail,6,7,7201.035,20260912_112636,75.0
cybersecurity_agent_all_models_20260912,cybersecurity,cybersecurity-agent-v1,pi,gemma4:31b,6316f0629137b426c9d9b853ffc4c8209589f30ee39aebede6285096c0ff47e7,cyber_appsec_code_review,Perform a CWE-grounded application security review,ok,pass,7,7,275.599,20260912_112636,74.0
cybersecurity_agent_all_models_20260912,cybersecurity,cybersecurity-agent-v1,pi,gemma4:31b,6316f0629137b426c9d9b853ffc4c8209589f30ee39aebede6285096c0ff47e7,cyber_appsec_secure_patch,Patch an injection-prone local utility,ok,fail,6,7,383.242,20260912_112636,73.0
cybersecurity_agent_all_models_20260912,cybersecurity,cybersecurity-agent-v1,pi,gemma4:31b,6316f0629137b426c9d9b853ffc4c8209589f30ee39aebede6285096c0ff47e7,cyber_chronicle_yaral_detection,Write a Google SecOps YARA-L 2.0 correlation rule,ok,fail,12,13,332.403,20260912_112636,72.0
cybersecurity_agent_all_models_20260912,cybersecurity,cybersecurity-agent-v1,pi,gemma4:31b,6316f0629137b426c9d9b853ffc4c8209589f30ee39aebede6285096c0ff47e7,cyber_cloud_kubernetes_hardening,Harden cloud IAM and a Kubernetes workload,ok,fail,12,13,210.573,20260912_112636,72.0
cybersecurity_agent_all_models_20260912,cybersecurity,cybersecurity-agent-v1,pi,gemma4:31b,6316f0629137b426c9d9b853ffc4c8209589f30ee39aebede6285096c0ff47e7,cyber_ctf_multidiscipline,Solve a compact multidisciplinary CTF set,ok,pass,6,6,221.444,20260912_112636,69.0
cybersecurity_agent_all_models_20260912,cybersecurity,cybersecurity-agent-v1,pi,gemma4:31b,6316f0629137b426c9d9b853ffc4c8209589f30ee39aebede6285096c0ff47e7,cyber_cti_attack_mapping,Map observed behaviors to MITRE ATT&CK,ok,pass,5,5,283.656,20260912_112636,72.0
cybersecurity_agent_all_models_20260912,cybersecurity,cybersecurity-agent-v1,pi,gemma4:31b,6316f0629137b426c9d9b853ffc4c8209589f30ee39aebede6285096c0ff47e7,cyber_elastic_esql_detection,Write an Elastic ES|QL behavioral detection,ok,fail,10,11,209.421,20260912_112636,72.0
cybersecurity_agent_all_models_20260912,cybersecurity,cybersecurity-agent-v1,pi,gemma4:31b,6316f0629137b426c9d9b853ffc4c8209589f30ee39aebede6285096c0ff47e7,cyber_exploit_crash_analysis,Analyze exploitability of a synthetic native crash,ok,fail,4,6,270.247,20260912_112636,70.0
cybersecurity_agent_all_models_20260912,cybersecurity,cybersecurity-agent-v1,pi,gemma4:31b,6316f0629137b426c9d9b853ffc4c8209589f30ee39aebede6285096c0ff47e7,cyber_exploit_toy_poc,Build a constrained proof of concept for a toy service,timeout,fail,10,11,7200.339,20260912_112636,79.0
cybersecurity_agent_all_models_20260912,cybersecurity,cybersecurity-agent-v1,pi,gemma4:31b,6316f0629137b426c9d9b853ffc4c8209589f30ee39aebede6285096c0ff47e7,cyber_foundations_architecture,Reason about a segmented enterprise architecture,ok,fail,1,4,262.179,20260912_112636,72.0
cybersecurity_agent_all_models_20260912,cybersecurity,cybersecurity-agent-v1,pi,gemma4:31b,6316f0629137b426c9d9b853ffc4c8209589f30ee39aebede6285096c0ff47e7,cyber_governance_risk_prioritization,Prioritize cyber risk and response outcomes,ok,pass,7,7,259.912,20260912_112636,72.0
cybersecurity_agent_all_models_20260912,cybersecurity,cybersecurity-agent-v1,pi,gemma4:31b,6316f0629137b426c9d9b853ffc4c8209589f30ee39aebede6285096c0ff47e7,cyber_incident_timeline,Reconstruct an incident timeline and response plan,ok,fail,7,8,136.864,20260912_112636,72.0
cybersecurity_agent_all_models_20260912,cybersecurity,cybersecurity-agent-v1,pi,gemma4:31b,6316f0629137b426c9d9b853ffc4c8209589f30ee39aebede6285096c0ff47e7,cyber_llm_prompt_injection,Harden an agent against indirect prompt injection,ok,fail,2,7,123.395,20260912_112636,72.0
cybersecurity_agent_all_models_20260912,cybersecurity,cybersecurity-agent-v1,pi,gemma4:31b,6316f0629137b426c9d9b853ffc4c8209589f30ee39aebede6285096c0ff47e7,cyber_llm_tool_rag_security,Secure tool use and RAG against poisoning and exfiltration,ok,fail,7,8,233.848,20260912_112636,73.0
cybersecurity_agent_all_models_20260912,cybersecurity,cybersecurity-agent-v1,pi,gemma4:31b,6316f0629137b426c9d9b853ffc4c8209589f30ee39aebede6285096c0ff47e7,cyber_malware_static_analysis,Classify a harmless synthetic malware specimen,ok,pass,6,6,143.528,20260912_112636,71.0
cybersecurity_agent_all_models_20260912,cybersecurity,cybersecurity-agent-v1,pi,gemma4:31b,6316f0629137b426c9d9b853ffc4c8209589f30ee39aebede6285096c0ff47e7,cyber_pentest_attack_path,Plan and validate an authorized lab attack path,ok,pass,6,6,244.814,20260912_112636,72.0
cybersecurity_agent_all_models_20260912,cybersecurity,cybersecurity-agent-v1,pi,gemma4:31b,6316f0629137b426c9d9b853ffc4c8209589f30ee39aebede6285096c0ff47e7,cyber_sentinel_kql_detection,Write a Microsoft Sentinel KQL analytic,ok,pass,10,10,468.842,20260912_112636,72.0
cybersecurity_agent_all_models_20260912,cybersecurity,cybersecurity-agent-v1,pi,gemma4:31b,6316f0629137b426c9d9b853ffc4c8209589f30ee39aebede6285096c0ff47e7,cyber_sigma_detection,Author a portable Sigma detection,ok,pass,10,10,318.284,20260912_112636,72.0
cybersecurity_agent_all_models_20260912,cybersecurity,cybersecurity-agent-v1,pi,gemma4:31b,6316f0629137b426c9d9b853ffc4c8209589f30ee39aebede6285096c0ff47e7,cyber_soc_alert_triage,Triage a noisy alert bundle,ok,pass,6,6,122.055,20260912_112636,71.0
cybersecurity_agent_all_models_20260912,cybersecurity,cybersecurity-agent-v1,pi,gemma4:31b,6316f0629137b426c9d9b853ffc4c8209589f30ee39aebede6285096c0ff47e7,cyber_spl_detection,Write a Splunk SPL detection and triage query,ok,fail,8,9,199.074,20260912_112636,72.0
cybersecurity_agent_all_models_20260912,cybersecurity,cybersecurity-agent-v1,pi,gemma4:31b,6316f0629137b426c9d9b853ffc4c8209589f30ee39aebede6285096c0ff47e7,cyber_threat_report_synthesis,Synthesize actionable intelligence from mixed-confidence reporting,ok,pass,8,8,256.538,20260912_112636,72.0
cybersecurity_agent_all_models_20260912,cybersecurity,cybersecurity-agent-v1,pi,gemma4:31b,6316f0629137b426c9d9b853ffc4c8209589f30ee39aebede6285096c0ff47e7,cyber_vulnerability_cvss_triage,Triage vulnerabilities using CVSS v4 and exposure context,ok,fail,3,6,446.86,20260912_112636,71.0
cybersecurity_agent_all_models_20260912,cybersecurity,cybersecurity-agent-v1,pi,glm-4.7-flash:Q8_0,4420340fd3190fc6f5da59d85aeff8e74c8c401679b067c5d00df16efb98104d,cyber_advanced_protocol_reasoning,Diagnose advanced protocol and cryptographic failures,ok,fail,1,5,37.585,20260912_112636,65.0
cybersecurity_agent_all_models_20260912,cybersecurity,cybersecurity-agent-v1,pi,glm-4.7-flash:Q8_0,4420340fd3190fc6f5da59d85aeff8e74c8c401679b067c5d00df16efb98104d,cyber_api_bola_remediation,Remediate broken object-level authorization,ok,fail,6,7,123.581,20260912_112636,72.0
cybersecurity_agent_all_models_20260912,cybersecurity,cybersecurity-agent-v1,pi,glm-4.7-flash:Q8_0,4420340fd3190fc6f5da59d85aeff8e74c8c401679b067c5d00df16efb98104d,cyber_appsec_code_review,Perform a CWE-grounded application security review,ok,fail,5,7,36.74,20260912_112636,64.0
cybersecurity_agent_all_models_20260912,cybersecurity,cybersecurity-agent-v1,pi,glm-4.7-flash:Q8_0,4420340fd3190fc6f5da59d85aeff8e74c8c401679b067c5d00df16efb98104d,cyber_appsec_secure_patch,Patch an injection-prone local utility,ok,fail,6,7,175.244,20260912_112636,73.0
cybersecurity_agent_all_models_20260912,cybersecurity,cybersecurity-agent-v1,pi,glm-4.7-flash:Q8_0,4420340fd3190fc6f5da59d85aeff8e74c8c401679b067c5d00df16efb98104d,cyber_chronicle_yaral_detection,Write a Google SecOps YARA-L 2.0 correlation rule,ok,pass,13,13,39.807,20260912_112636,68.0
cybersecurity_agent_all_models_20260912,cybersecurity,cybersecurity-agent-v1,pi,glm-4.7-flash:Q8_0,4420340fd3190fc6f5da59d85aeff8e74c8c401679b067c5d00df16efb98104d,cyber_cloud_kubernetes_hardening,Harden cloud IAM and a Kubernetes workload,ok,fail,12,13,28.328,20260912_112636,63.0
cybersecurity_agent_all_models_20260912,cybersecurity,cybersecurity-agent-v1,pi,glm-4.7-flash:Q8_0,4420340fd3190fc6f5da59d85aeff8e74c8c401679b067c5d00df16efb98104d,cyber_ctf_multidiscipline,Solve a compact multidisciplinary CTF set,ok,fail,5,6,137.622,20260912_112636,77.0
cybersecurity_agent_all_models_20260912,cybersecurity,cybersecurity-agent-v1,pi,glm-4.7-flash:Q8_0,4420340fd3190fc6f5da59d85aeff8e74c8c401679b067c5d00df16efb98104d,cyber_cti_attack_mapping,Map observed behaviors to MITRE ATT&CK,ok,fail,2,5,62.646,20260912_112636,66.0
cybersecurity_agent_all_models_20260912,cybersecurity,cybersecurity-agent-v1,pi,glm-4.7-flash:Q8_0,4420340fd3190fc6f5da59d85aeff8e74c8c401679b067c5d00df16efb98104d,cyber_elastic_esql_detection,Write an Elastic ES|QL behavioral detection,ok,fail,10,11,24.15,20260912_112636,65.0
cybersecurity_agent_all_models_20260912,cybersecurity,cybersecurity-agent-v1,pi,glm-4.7-flash:Q8_0,4420340fd3190fc6f5da59d85aeff8e74c8c401679b067c5d00df16efb98104d,cyber_exploit_crash_analysis,Analyze exploitability of a synthetic native crash,ok,fail,4,6,41.018,20260912_112636,67.0
cybersecurity_agent_all_models_20260912,cybersecurity,cybersecurity-agent-v1,pi,glm-4.7-flash:Q8_0,4420340fd3190fc6f5da59d85aeff8e74c8c401679b067c5d00df16efb98104d,cyber_exploit_toy_poc,Build a constrained proof of concept for a toy service,ok,fail,9,11,46.913,20260912_112636,66.0
cybersecurity_agent_all_models_20260912,cybersecurity,cybersecurity-agent-v1,pi,glm-4.7-flash:Q8_0,4420340fd3190fc6f5da59d85aeff8e74c8c401679b067c5d00df16efb98104d,cyber_foundations_architecture,Reason about a segmented enterprise architecture,ok,fail,1,4,34.75,20260912_112636,65.0
cybersecurity_agent_all_models_20260912,cybersecurity,cybersecurity-agent-v1,pi,glm-4.7-flash:Q8_0,4420340fd3190fc6f5da59d85aeff8e74c8c401679b067c5d00df16efb98104d,cyber_governance_risk_prioritization,Prioritize cyber risk and response outcomes,ok,pass,7,7,51.833,20260912_112636,65.0
cybersecurity_agent_all_models_20260912,cybersecurity,cybersecurity-agent-v1,pi,glm-4.7-flash:Q8_0,4420340fd3190fc6f5da59d85aeff8e74c8c401679b067c5d00df16efb98104d,cyber_incident_timeline,Reconstruct an incident timeline and response plan,ok,fail,7,8,41.409,20260912_112636,65.0
cybersecurity_agent_all_models_20260912,cybersecurity,cybersecurity-agent-v1,pi,glm-4.7-flash:Q8_0,4420340fd3190fc6f5da59d85aeff8e74c8c401679b067c5d00df16efb98104d,cyber_llm_prompt_injection,Harden an agent against indirect prompt injection,ok,fail,0,1,48.968,20260912_112636,66.0
cybersecurity_agent_all_models_20260912,cybersecurity,cybersecurity-agent-v1,pi,glm-4.7-flash:Q8_0,4420340fd3190fc6f5da59d85aeff8e74c8c401679b067c5d00df16efb98104d,cyber_llm_tool_rag_security,Secure tool use and RAG against poisoning and exfiltration,ok,fail,6,8,37.058,20260912_112636,65.0
cybersecurity_agent_all_models_20260912,cybersecurity,cybersecurity-agent-v1,pi,glm-4.7-flash:Q8_0,4420340fd3190fc6f5da59d85aeff8e74c8c401679b067c5d00df16efb98104d,cyber_malware_static_analysis,Classify a harmless synthetic malware specimen,ok,fail,5,6,63.895,20260912_112636,66.0
cybersecurity_agent_all_models_20260912,cybersecurity,cybersecurity-agent-v1,pi,glm-4.7-flash:Q8_0,4420340fd3190fc6f5da59d85aeff8e74c8c401679b067c5d00df16efb98104d,cyber_pentest_attack_path,Plan and validate an authorized lab attack path,ok,fail,5,6,53.522,20260912_112636,70.0
cybersecurity_agent_all_models_20260912,cybersecurity,cybersecurity-agent-v1,pi,glm-4.7-flash:Q8_0,4420340fd3190fc6f5da59d85aeff8e74c8c401679b067c5d00df16efb98104d,cyber_sentinel_kql_detection,Write a Microsoft Sentinel KQL analytic,ok,fail,9,10,42.137,20260912_112636,65.0
cybersecurity_agent_all_models_20260912,cybersecurity,cybersecurity-agent-v1,pi,glm-4.7-flash:Q8_0,4420340fd3190fc6f5da59d85aeff8e74c8c401679b067c5d00df16efb98104d,cyber_sigma_detection,Author a portable Sigma detection,ok,pass,10,10,40.49,20260912_112636,66.0
cybersecurity_agent_all_models_20260912,cybersecurity,cybersecurity-agent-v1,pi,glm-4.7-flash:Q8_0,4420340fd3190fc6f5da59d85aeff8e74c8c401679b067c5d00df16efb98104d,cyber_soc_alert_triage,Triage a noisy alert bundle,ok,pass,6,6,38.106,20260912_112636,65.0
cybersecurity_agent_all_models_20260912,cybersecurity,cybersecurity-agent-v1,pi,glm-4.7-flash:Q8_0,4420340fd3190fc6f5da59d85aeff8e74c8c401679b067c5d00df16efb98104d,cyber_spl_detection,Write a Splunk SPL detection and triage query,ok,fail,6,9,38.76,20260912_112636,69.0
cybersecurity_agent_all_models_20260912,cybersecurity,cybersecurity-agent-v1,pi,glm-4.7-flash:Q8_0,4420340fd3190fc6f5da59d85aeff8e74c8c401679b067c5d00df16efb98104d,cyber_threat_report_synthesis,Synthesize actionable intelligence from mixed-confidence reporting,ok,fail,7,8,106.757,20260912_112636,66.0
cybersecurity_agent_all_models_20260912,cybersecurity,cybersecurity-agent-v1,pi,glm-4.7-flash:Q8_0,4420340fd3190fc6f5da59d85aeff8e74c8c401679b067c5d00df16efb98104d,cyber_vulnerability_cvss_triage,Triage vulnerabilities using CVSS v4 and exposure context,ok,fail,2,6,44.873,20260912_112636,65.0
cybersecurity_agent_all_models_20260912,cybersecurity,cybersecurity-agent-v1,pi,glm-4.7-flash:bf16,b0f42cc1a61283c9173423ba0a0f4fb7b6b5cc8d520a09037d28e0956eb24f34,cyber_advanced_protocol_reasoning,Diagnose advanced protocol and cryptographic failures,ok,fail,1,5,80.412,20260912_112636,64.0
cybersecurity_agent_all_models_20260912,cybersecurity,cybersecurity-agent-v1,pi,glm-4.7-flash:bf16,b0f42cc1a61283c9173423ba0a0f4fb7b6b5cc8d520a09037d28e0956eb24f34,cyber_api_bola_remediation,Remediate broken object-level authorization,ok,fail,6,7,238.098,20260912_112636,68.0
cybersecurity_agent_all_models_20260912,cybersecurity,cybersecurity-agent-v1,pi,glm-4.7-flash:bf16,b0f42cc1a61283c9173423ba0a0f4fb7b6b5cc8d520a09037d28e0956eb24f34,cyber_appsec_code_review,Perform a CWE-grounded application security review,ok,pass,7,7,59.805,20260912_112636,61.0
cybersecurity_agent_all_models_20260912,cybersecurity,cybersecurity-agent-v1,pi,glm-4.7-flash:bf16,b0f42cc1a61283c9173423ba0a0f4fb7b6b5cc8d520a09037d28e0956eb24f34,cyber_appsec_secure_patch,Patch an injection-prone local utility,ok,fail,5,7,550.384,20260912_112636,70.0
cybersecurity_agent_all_models_20260912,cybersecurity,cybersecurity-agent-v1,pi,glm-4.7-flash:bf16,b0f42cc1a61283c9173423ba0a0f4fb7b6b5cc8d520a09037d28e0956eb24f34,cyber_chronicle_yaral_detection,Write a Google SecOps YARA-L 2.0 correlation rule,ok,fail,12,13,85.661,20260912_112636,62.0
cybersecurity_agent_all_models_20260912,cybersecurity,cybersecurity-agent-v1,pi,glm-4.7-flash:bf16,b0f42cc1a61283c9173423ba0a0f4fb7b6b5cc8d520a09037d28e0956eb24f34,cyber_cloud_kubernetes_hardening,Harden cloud IAM and a Kubernetes workload,ok,pass,13,13,51.784,20260912_112636,61.0
cybersecurity_agent_all_models_20260912,cybersecurity,cybersecurity-agent-v1,pi,glm-4.7-flash:bf16,b0f42cc1a61283c9173423ba0a0f4fb7b6b5cc8d520a09037d28e0956eb24f34,cyber_ctf_multidiscipline,Solve a compact multidisciplinary CTF set,ok,pass,6,6,139.63,20260912_112636,63.0
cybersecurity_agent_all_models_20260912,cybersecurity,cybersecurity-agent-v1,pi,glm-4.7-flash:bf16,b0f42cc1a61283c9173423ba0a0f4fb7b6b5cc8d520a09037d28e0956eb24f34,cyber_cti_attack_mapping,Map observed behaviors to MITRE ATT&CK,ok,fail,2,5,50.624,20260912_112636,61.0
cybersecurity_agent_all_models_20260912,cybersecurity,cybersecurity-agent-v1,pi,glm-4.7-flash:bf16,b0f42cc1a61283c9173423ba0a0f4fb7b6b5cc8d520a09037d28e0956eb24f34,cyber_elastic_esql_detection,Write an Elastic ES|QL behavioral detection,ok,fail,10,11,41.23,20260912_112636,60.0
cybersecurity_agent_all_models_20260912,cybersecurity,cybersecurity-agent-v1,pi,glm-4.7-flash:bf16,b0f42cc1a61283c9173423ba0a0f4fb7b6b5cc8d520a09037d28e0956eb24f34,cyber_exploit_crash_analysis,Analyze exploitability of a synthetic native crash,ok,fail,5,6,58.87,20260912_112636,63.0
cybersecurity_agent_all_models_20260912,cybersecurity,cybersecurity-agent-v1,pi,glm-4.7-flash:bf16,b0f42cc1a61283c9173423ba0a0f4fb7b6b5cc8d520a09037d28e0956eb24f34,cyber_exploit_toy_poc,Build a constrained proof of concept for a toy service,ok,fail,10,11,49.628,20260912_112636,62.0
cybersecurity_agent_all_models_20260912,cybersecurity,cybersecurity-agent-v1,pi,glm-4.7-flash:bf16,b0f42cc1a61283c9173423ba0a0f4fb7b6b5cc8d520a09037d28e0956eb24f34,cyber_foundations_architecture,Reason about a segmented enterprise architecture,ok,fail,1,4,67.651,20260912_112636,64.0
cybersecurity_agent_all_models_20260912,cybersecurity,cybersecurity-agent-v1,pi,glm-4.7-flash:bf16,b0f42cc1a61283c9173423ba0a0f4fb7b6b5cc8d520a09037d28e0956eb24f34,cyber_governance_risk_prioritization,Prioritize cyber risk and response outcomes,ok,pass,7,7,73.883,20260912_112636,62.0
cybersecurity_agent_all_models_20260912,cybersecurity,cybersecurity-agent-v1,pi,glm-4.7-flash:bf16,b0f42cc1a61283c9173423ba0a0f4fb7b6b5cc8d520a09037d28e0956eb24f34,cyber_incident_timeline,Reconstruct an incident timeline and response plan,ok,fail,7,8,61.346,20260912_112636,61.0
cybersecurity_agent_all_models_20260912,cybersecurity,cybersecurity-agent-v1,pi,glm-4.7-flash:bf16,b0f42cc1a61283c9173423ba0a0f4fb7b6b5cc8d520a09037d28e0956eb24f34,cyber_llm_prompt_injection,Harden an agent against indirect prompt injection,ok,fail,2,7,57.652,20260912_112636,62.0
cybersecurity_agent_all_models_20260912,cybersecurity,cybersecurity-agent-v1,pi,glm-4.7-flash:bf16,b0f42cc1a61283c9173423ba0a0f4fb7b6b5cc8d520a09037d28e0956eb24f34,cyber_llm_tool_rag_security,Secure tool use and RAG against poisoning and exfiltration,ok,fail,6,8,66.234,20260912_112636,62.0
cybersecurity_agent_all_models_20260912,cybersecurity,cybersecurity-agent-v1,pi,glm-4.7-flash:bf16,b0f42cc1a61283c9173423ba0a0f4fb7b6b5cc8d520a09037d28e0956eb24f34,cyber_malware_static_analysis,Classify a harmless synthetic malware specimen,ok,pass,6,6,80.734,20260912_112636,62.0
cybersecurity_agent_all_models_20260912,cybersecurity,cybersecurity-agent-v1,pi,glm-4.7-flash:bf16,b0f42cc1a61283c9173423ba0a0f4fb7b6b5cc8d520a09037d28e0956eb24f34,cyber_pentest_attack_path,Plan and validate an authorized lab attack path,ok,fail,5,6,62.326,20260912_112636,62.0
cybersecurity_agent_all_models_20260912,cybersecurity,cybersecurity-agent-v1,pi,glm-4.7-flash:bf16,b0f42cc1a61283c9173423ba0a0f4fb7b6b5cc8d520a09037d28e0956eb24f34,cyber_sentinel_kql_detection,Write a Microsoft Sentinel KQL analytic,ok,pass,10,10,40.296,20260912_112636,60.0
cybersecurity_agent_all_models_20260912,cybersecurity,cybersecurity-agent-v1,pi,glm-4.7-flash:bf16,b0f42cc1a61283c9173423ba0a0f4fb7b6b5cc8d520a09037d28e0956eb24f34,cyber_sigma_detection,Author a portable Sigma detection,ok,fail,9,10,52.614,20260912_112636,61.0
cybersecurity_agent_all_models_20260912,cybersecurity,cybersecurity-agent-v1,pi,glm-4.7-flash:bf16,b0f42cc1a61283c9173423ba0a0f4fb7b6b5cc8d520a09037d28e0956eb24f34,cyber_soc_alert_triage,Triage a noisy alert bundle,ok,fail,5,6,59.103,20260912_112636,62.0
cybersecurity_agent_all_models_20260912,cybersecurity,cybersecurity-agent-v1,pi,glm-4.7-flash:bf16,b0f42cc1a61283c9173423ba0a0f4fb7b6b5cc8d520a09037d28e0956eb24f34,cyber_spl_detection,Write a Splunk SPL detection and triage query,ok,fail,6,9,46.618,20260912_112636,60.0
cybersecurity_agent_all_models_20260912,cybersecurity,cybersecurity-agent-v1,pi,glm-4.7-flash:bf16,b0f42cc1a61283c9173423ba0a0f4fb7b6b5cc8d520a09037d28e0956eb24f34,cyber_threat_report_synthesis,Synthesize actionable intelligence from mixed-confidence reporting,ok,fail,6,8,65.132,20260912_112636,62.0
cybersecurity_agent_all_models_20260912,cybersecurity,cybersecurity-agent-v1,pi,glm-4.7-flash:bf16,b0f42cc1a61283c9173423ba0a0f4fb7b6b5cc8d520a09037d28e0956eb24f34,cyber_vulnerability_cvss_triage,Triage vulnerabilities using CVSS v4 and exposure context,ok,fail,2,6,69.938,20260912_112636,61.0
cybersecurity_agent_all_models_20260912,cybersecurity,cybersecurity-agent-v1,pi,glm-4.7-flash:latest,4475827791a269b02c8ec49b1c3bc1abb5846bacf3fae015b75d33986322d8f6,cyber_advanced_protocol_reasoning,Diagnose advanced protocol and cryptographic failures,ok,fail,2,5,28.798,20260912_112636,63.0
cybersecurity_agent_all_models_20260912,cybersecurity,cybersecurity-agent-v1,pi,glm-4.7-flash:latest,4475827791a269b02c8ec49b1c3bc1abb5846bacf3fae015b75d33986322d8f6,cyber_api_bola_remediation,Remediate broken object-level authorization,ok,fail,6,7,61.561,20260912_112636,76.0
cybersecurity_agent_all_models_20260912,cybersecurity,cybersecurity-agent-v1,pi,glm-4.7-flash:latest,4475827791a269b02c8ec49b1c3bc1abb5846bacf3fae015b75d33986322d8f6,cyber_appsec_code_review,Perform a CWE-grounded application security review,ok,pass,7,7,27.882,20260912_112636,68.0
cybersecurity_agent_all_models_20260912,cybersecurity,cybersecurity-agent-v1,pi,glm-4.7-flash:latest,4475827791a269b02c8ec49b1c3bc1abb5846bacf3fae015b75d33986322d8f6,cyber_appsec_secure_patch,Patch an injection-prone local utility,ok,fail,6,7,319.998,20260912_112636,80.0
cybersecurity_agent_all_models_20260912,cybersecurity,cybersecurity-agent-v1,pi,glm-4.7-flash:latest,4475827791a269b02c8ec49b1c3bc1abb5846bacf3fae015b75d33986322d8f6,cyber_chronicle_yaral_detection,Write a Google SecOps YARA-L 2.0 correlation rule,ok,fail,12,13,29.782,20260912_112636,70.0
cybersecurity_agent_all_models_20260912,cybersecurity,cybersecurity-agent-v1,pi,glm-4.7-flash:latest,4475827791a269b02c8ec49b1c3bc1abb5846bacf3fae015b75d33986322d8f6,cyber_cloud_kubernetes_hardening,Harden cloud IAM and a Kubernetes workload,ok,fail,12,13,23.567,20260912_112636,73.0
cybersecurity_agent_all_models_20260912,cybersecurity,cybersecurity-agent-v1,pi,glm-4.7-flash:latest,4475827791a269b02c8ec49b1c3bc1abb5846bacf3fae015b75d33986322d8f6,cyber_ctf_multidiscipline,Solve a compact multidisciplinary CTF set,ok,pass,6,6,57.616,20260912_112636,73.0
cybersecurity_agent_all_models_20260912,cybersecurity,cybersecurity-agent-v1,pi,glm-4.7-flash:latest,4475827791a269b02c8ec49b1c3bc1abb5846bacf3fae015b75d33986322d8f6,cyber_cti_attack_mapping,Map observed behaviors to MITRE ATT&CK,ok,fail,2,5,23.754,20260912_112636,65.0
cybersecurity_agent_all_models_20260912,cybersecurity,cybersecurity-agent-v1,pi,glm-4.7-flash:latest,4475827791a269b02c8ec49b1c3bc1abb5846bacf3fae015b75d33986322d8f6,cyber_elastic_esql_detection,Write an Elastic ES|QL behavioral detection,ok,fail,10,11,21.4,20260912_112636,67.0
cybersecurity_agent_all_models_20260912,cybersecurity,cybersecurity-agent-v1,pi,glm-4.7-flash:latest,4475827791a269b02c8ec49b1c3bc1abb5846bacf3fae015b75d33986322d8f6,cyber_exploit_crash_analysis,Analyze exploitability of a synthetic native crash,ok,fail,5,6,26.104,20260912_112636,73.0
cybersecurity_agent_all_models_20260912,cybersecurity,cybersecurity-agent-v1,pi,glm-4.7-flash:latest,4475827791a269b02c8ec49b1c3bc1abb5846bacf3fae015b75d33986322d8f6,cyber_exploit_toy_poc,Build a constrained proof of concept for a toy service,ok,pass,11,11,27.546,20260912_112636,70.0
cybersecurity_agent_all_models_20260912,cybersecurity,cybersecurity-agent-v1,pi,glm-4.7-flash:latest,4475827791a269b02c8ec49b1c3bc1abb5846bacf3fae015b75d33986322d8f6,cyber_foundations_architecture,Reason about a segmented enterprise architecture,ok,fail,1,4,32.003,20260912_112636,63.0
cybersecurity_agent_all_models_20260912,cybersecurity,cybersecurity-agent-v1,pi,glm-4.7-flash:latest,4475827791a269b02c8ec49b1c3bc1abb5846bacf3fae015b75d33986322d8f6,cyber_governance_risk_prioritization,Prioritize cyber risk and response outcomes,ok,pass,7,7,44.148,20260912_112636,67.0
cybersecurity_agent_all_models_20260912,cybersecurity,cybersecurity-agent-v1,pi,glm-4.7-flash:latest,4475827791a269b02c8ec49b1c3bc1abb5846bacf3fae015b75d33986322d8f6,cyber_incident_timeline,Reconstruct an incident timeline and response plan,ok,fail,7,8,25.25,20260912_112636,68.0
cybersecurity_agent_all_models_20260912,cybersecurity,cybersecurity-agent-v1,pi,glm-4.7-flash:latest,4475827791a269b02c8ec49b1c3bc1abb5846bacf3fae015b75d33986322d8f6,cyber_llm_prompt_injection,Harden an agent against indirect prompt injection,ok,fail,2,7,32.982,20260912_112636,72.0
cybersecurity_agent_all_models_20260912,cybersecurity,cybersecurity-agent-v1,pi,glm-4.7-flash:latest,4475827791a269b02c8ec49b1c3bc1abb5846bacf3fae015b75d33986322d8f6,cyber_llm_tool_rag_security,Secure tool use and RAG against poisoning and exfiltration,ok,fail,7,8,31.45,20260912_112636,72.0
cybersecurity_agent_all_models_20260912,cybersecurity,cybersecurity-agent-v1,pi,glm-4.7-flash:latest,4475827791a269b02c8ec49b1c3bc1abb5846bacf3fae015b75d33986322d8f6,cyber_malware_static_analysis,Classify a harmless synthetic malware specimen,ok,fail,5,6,41.048,20260912_112636,68.0
cybersecurity_agent_all_models_20260912,cybersecurity,cybersecurity-agent-v1,pi,glm-4.7-flash:latest,4475827791a269b02c8ec49b1c3bc1abb5846bacf3fae015b75d33986322d8f6,cyber_pentest_attack_path,Plan and validate an authorized lab attack path,ok,fail,5,6,35.719,20260912_112636,71.0
cybersecurity_agent_all_models_20260912,cybersecurity,cybersecurity-agent-v1,pi,glm-4.7-flash:latest,4475827791a269b02c8ec49b1c3bc1abb5846bacf3fae015b75d33986322d8f6,cyber_sentinel_kql_detection,Write a Microsoft Sentinel KQL analytic,ok,pass,10,10,20.983,20260912_112636,68.0
cybersecurity_agent_all_models_20260912,cybersecurity,cybersecurity-agent-v1,pi,glm-4.7-flash:latest,4475827791a269b02c8ec49b1c3bc1abb5846bacf3fae015b75d33986322d8f6,cyber_sigma_detection,Author a portable Sigma detection,ok,fail,9,10,31.934,20260912_112636,67.0
cybersecurity_agent_all_models_20260912,cybersecurity,cybersecurity-agent-v1,pi,glm-4.7-flash:latest,4475827791a269b02c8ec49b1c3bc1abb5846bacf3fae015b75d33986322d8f6,cyber_soc_alert_triage,Triage a noisy alert bundle,ok,fail,5,6,32.776,20260912_112636,66.0
cybersecurity_agent_all_models_20260912,cybersecurity,cybersecurity-agent-v1,pi,glm-4.7-flash:latest,4475827791a269b02c8ec49b1c3bc1abb5846bacf3fae015b75d33986322d8f6,cyber_spl_detection,Write a Splunk SPL detection and triage query,ok,fail,5,9,22.295,20260912_112636,70.0
cybersecurity_agent_all_models_20260912,cybersecurity,cybersecurity-agent-v1,pi,glm-4.7-flash:latest,4475827791a269b02c8ec49b1c3bc1abb5846bacf3fae015b75d33986322d8f6,cyber_threat_report_synthesis,Synthesize actionable intelligence from mixed-confidence reporting,ok,fail,7,8,26.186,20260912_112636,68.0
cybersecurity_agent_all_models_20260912,cybersecurity,cybersecurity-agent-v1,pi,glm-4.7-flash:latest,4475827791a269b02c8ec49b1c3bc1abb5846bacf3fae015b75d33986322d8f6,cyber_vulnerability_cvss_triage,Triage vulnerabilities using CVSS v4 and exposure context,ok,fail,3,6,47.894,20260912_112636,72.0
cybersecurity_agent_all_models_20260912,cybersecurity,cybersecurity-agent-v1,pi,gpt-oss:120b,a951a23b46a1f6093dafee2ea481d634b4e31ac720a8a16f3f91e04f5a40ecd9,cyber_advanced_protocol_reasoning,Diagnose advanced protocol and cryptographic failures,ok,fail,0,1,33.384,20260912_112636,66.0
cybersecurity_agent_all_models_20260912,cybersecurity,cybersecurity-agent-v1,pi,gpt-oss:120b,a951a23b46a1f6093dafee2ea481d634b4e31ac720a8a16f3f91e04f5a40ecd9,cyber_api_bola_remediation,Remediate broken object-level authorization,ok,fail,6,7,50.953,20260912_112636,70.0
cybersecurity_agent_all_models_20260912,cybersecurity,cybersecurity-agent-v1,pi,gpt-oss:120b,a951a23b46a1f6093dafee2ea481d634b4e31ac720a8a16f3f91e04f5a40ecd9,cyber_appsec_code_review,Perform a CWE-grounded application security review,ok,fail,0,1,42.677,20260912_112636,65.0
cybersecurity_agent_all_models_20260912,cybersecurity,cybersecurity-agent-v1,pi,gpt-oss:120b,a951a23b46a1f6093dafee2ea481d634b4e31ac720a8a16f3f91e04f5a40ecd9,cyber_appsec_secure_patch,Patch an injection-prone local utility,ok,fail,6,7,66.876,20260912_112636,69.0
cybersecurity_agent_all_models_20260912,cybersecurity,cybersecurity-agent-v1,pi,gpt-oss:120b,a951a23b46a1f6093dafee2ea481d634b4e31ac720a8a16f3f91e04f5a40ecd9,cyber_chronicle_yaral_detection,Write a Google SecOps YARA-L 2.0 correlation rule,ok,pass,13,13,41.287,20260912_112636,65.0
cybersecurity_agent_all_models_20260912,cybersecurity,cybersecurity-agent-v1,pi,gpt-oss:120b,a951a23b46a1f6093dafee2ea481d634b4e31ac720a8a16f3f91e04f5a40ecd9,cyber_cloud_kubernetes_hardening,Harden cloud IAM and a Kubernetes workload,ok,fail,11,13,38.321,20260912_112636,67.0
cybersecurity_agent_all_models_20260912,cybersecurity,cybersecurity-agent-v1,pi,gpt-oss:120b,a951a23b46a1f6093dafee2ea481d634b4e31ac720a8a16f3f91e04f5a40ecd9,cyber_ctf_multidiscipline,Solve a compact multidisciplinary CTF set,ok,pass,6,6,61.535,20260912_112636,73.0
cybersecurity_agent_all_models_20260912,cybersecurity,cybersecurity-agent-v1,pi,gpt-oss:120b,a951a23b46a1f6093dafee2ea481d634b4e31ac720a8a16f3f91e04f5a40ecd9,cyber_cti_attack_mapping,Map observed behaviors to MITRE ATT&CK,ok,fail,3,5,38.751,20260912_112636,64.0
cybersecurity_agent_all_models_20260912,cybersecurity,cybersecurity-agent-v1,pi,gpt-oss:120b,a951a23b46a1f6093dafee2ea481d634b4e31ac720a8a16f3f91e04f5a40ecd9,cyber_elastic_esql_detection,Write an Elastic ES|QL behavioral detection,ok,pass,11,11,238.658,20260912_112636,63.0
cybersecurity_agent_all_models_20260912,cybersecurity,cybersecurity-agent-v1,pi,gpt-oss:120b,a951a23b46a1f6093dafee2ea481d634b4e31ac720a8a16f3f91e04f5a40ecd9,cyber_exploit_crash_analysis,Analyze exploitability of a synthetic native crash,ok,fail,0,1,40.504,20260912_112636,70.0
cybersecurity_agent_all_models_20260912,cybersecurity,cybersecurity-agent-v1,pi,gpt-oss:120b,a951a23b46a1f6093dafee2ea481d634b4e31ac720a8a16f3f91e04f5a40ecd9,cyber_exploit_toy_poc,Build a constrained proof of concept for a toy service,ok,fail,10,11,38.586,20260912_112636,70.0
cybersecurity_agent_all_models_20260912,cybersecurity,cybersecurity-agent-v1,pi,gpt-oss:120b,a951a23b46a1f6093dafee2ea481d634b4e31ac720a8a16f3f91e04f5a40ecd9,cyber_foundations_architecture,Reason about a segmented enterprise architecture,ok,fail,0,1,66.47,20260912_112636,66.0
cybersecurity_agent_all_models_20260912,cybersecurity,cybersecurity-agent-v1,pi,gpt-oss:120b,a951a23b46a1f6093dafee2ea481d634b4e31ac720a8a16f3f91e04f5a40ecd9,cyber_governance_risk_prioritization,Prioritize cyber risk and response outcomes,ok,fail,0,1,35.821,20260912_112636,64.0
cybersecurity_agent_all_models_20260912,cybersecurity,cybersecurity-agent-v1,pi,gpt-oss:120b,a951a23b46a1f6093dafee2ea481d634b4e31ac720a8a16f3f91e04f5a40ecd9,cyber_incident_timeline,Reconstruct an incident timeline and response plan,ok,pass,8,8,39.125,20260912_112636,64.0
cybersecurity_agent_all_models_20260912,cybersecurity,cybersecurity-agent-v1,pi,gpt-oss:120b,a951a23b46a1f6093dafee2ea481d634b4e31ac720a8a16f3f91e04f5a40ecd9,cyber_llm_prompt_injection,Harden an agent against indirect prompt injection,ok,fail,0,1,33.519,20260912_112636,72.0
cybersecurity_agent_all_models_20260912,cybersecurity,cybersecurity-agent-v1,pi,gpt-oss:120b,a951a23b46a1f6093dafee2ea481d634b4e31ac720a8a16f3f91e04f5a40ecd9,cyber_llm_tool_rag_security,Secure tool use and RAG against poisoning and exfiltration,ok,fail,0,1,34.707,20260912_112636,69.0
cybersecurity_agent_all_models_20260912,cybersecurity,cybersecurity-agent-v1,pi,gpt-oss:120b,a951a23b46a1f6093dafee2ea481d634b4e31ac720a8a16f3f91e04f5a40ecd9,cyber_malware_static_analysis,Classify a harmless synthetic malware specimen,ok,fail,0,1,49.615,20260912_112636,68.0
cybersecurity_agent_all_models_20260912,cybersecurity,cybersecurity-agent-v1,pi,gpt-oss:120b,a951a23b46a1f6093dafee2ea481d634b4e31ac720a8a16f3f91e04f5a40ecd9,cyber_pentest_attack_path,Plan and validate an authorized lab attack path,ok,pass,6,6,40.431,20260912_112636,70.0
cybersecurity_agent_all_models_20260912,cybersecurity,cybersecurity-agent-v1,pi,gpt-oss:120b,a951a23b46a1f6093dafee2ea481d634b4e31ac720a8a16f3f91e04f5a40ecd9,cyber_sentinel_kql_detection,Write a Microsoft Sentinel KQL analytic,ok,pass,10,10,40.119,20260912_112636,65.0
cybersecurity_agent_all_models_20260912,cybersecurity,cybersecurity-agent-v1,pi,gpt-oss:120b,a951a23b46a1f6093dafee2ea481d634b4e31ac720a8a16f3f91e04f5a40ecd9,cyber_sigma_detection,Author a portable Sigma detection,ok,pass,10,10,47.26,20260912_112636,68.0
cybersecurity_agent_all_models_20260912,cybersecurity,cybersecurity-agent-v1,pi,gpt-oss:120b,a951a23b46a1f6093dafee2ea481d634b4e31ac720a8a16f3f91e04f5a40ecd9,cyber_soc_alert_triage,Triage a noisy alert bundle,ok,fail,0,1,32.54,20260912_112636,64.0
cybersecurity_agent_all_models_20260912,cybersecurity,cybersecurity-agent-v1,pi,gpt-oss:120b,a951a23b46a1f6093dafee2ea481d634b4e31ac720a8a16f3f91e04f5a40ecd9,cyber_spl_detection,Write a Splunk SPL detection and triage query,ok,fail,7,9,36.175,20260912_112636,65.0
cybersecurity_agent_all_models_20260912,cybersecurity,cybersecurity-agent-v1,pi,gpt-oss:120b,a951a23b46a1f6093dafee2ea481d634b4e31ac720a8a16f3f91e04f5a40ecd9,cyber_threat_report_synthesis,Synthesize actionable intelligence from mixed-confidence reporting,ok,fail,7,8,44.143,20260912_112636,65.0
cybersecurity_agent_all_models_20260912,cybersecurity,cybersecurity-agent-v1,pi,gpt-oss:120b,a951a23b46a1f6093dafee2ea481d634b4e31ac720a8a16f3f91e04f5a40ecd9,cyber_vulnerability_cvss_triage,Triage vulnerabilities using CVSS v4 and exposure context,ok,fail,2,6,49.412,20260912_112636,66.0
cybersecurity_agent_all_models_20260912,cybersecurity,cybersecurity-agent-v1,pi,granite4.1:30b,3f3e5df8a021439fd6f867a0e526bdc303cac79c811201cb6bac193298cb9fcd,cyber_advanced_protocol_reasoning,Diagnose advanced protocol and cryptographic failures,ok,fail,0,1,128.698,20260912_112636,72.0
cybersecurity_agent_all_models_20260912,cybersecurity,cybersecurity-agent-v1,pi,granite4.1:30b,3f3e5df8a021439fd6f867a0e526bdc303cac79c811201cb6bac193298cb9fcd,cyber_api_bola_remediation,Remediate broken object-level authorization,ok,grader_error,0,0,262.481,20260912_112636,72.0
cybersecurity_agent_all_models_20260912,cybersecurity,cybersecurity-agent-v1,pi,granite4.1:30b,3f3e5df8a021439fd6f867a0e526bdc303cac79c811201cb6bac193298cb9fcd,cyber_appsec_code_review,Perform a CWE-grounded application security review,ok,fail,0,1,66.994,20260912_112636,72.0
cybersecurity_agent_all_models_20260912,cybersecurity,cybersecurity-agent-v1,pi,granite4.1:30b,3f3e5df8a021439fd6f867a0e526bdc303cac79c811201cb6bac193298cb9fcd,cyber_appsec_secure_patch,Patch an injection-prone local utility,ok,fail,0,1,25.267,20260912_112636,71.0
cybersecurity_agent_all_models_20260912,cybersecurity,cybersecurity-agent-v1,pi,granite4.1:30b,3f3e5df8a021439fd6f867a0e526bdc303cac79c811201cb6bac193298cb9fcd,cyber_chronicle_yaral_detection,Write a Google SecOps YARA-L 2.0 correlation rule,ok,fail,10,13,56.823,20260912_112636,72.0
cybersecurity_agent_all_models_20260912,cybersecurity,cybersecurity-agent-v1,pi,granite4.1:30b,3f3e5df8a021439fd6f867a0e526bdc303cac79c811201cb6bac193298cb9fcd,cyber_cloud_kubernetes_hardening,Harden cloud IAM and a Kubernetes workload,ok,fail,0,1,64.774,20260912_112636,70.0
cybersecurity_agent_all_models_20260912,cybersecurity,cybersecurity-agent-v1,pi,granite4.1:30b,3f3e5df8a021439fd6f867a0e526bdc303cac79c811201cb6bac193298cb9fcd,cyber_ctf_multidiscipline,Solve a compact multidisciplinary CTF set,ok,fail,3,6,44.97,20260912_112636,70.0
cybersecurity_agent_all_models_20260912,cybersecurity,cybersecurity-agent-v1,pi,granite4.1:30b,3f3e5df8a021439fd6f867a0e526bdc303cac79c811201cb6bac193298cb9fcd,cyber_cti_attack_mapping,Map observed behaviors to MITRE ATT&CK,ok,fail,3,5,52.407,20260912_112636,73.0
cybersecurity_agent_all_models_20260912,cybersecurity,cybersecurity-agent-v1,pi,granite4.1:30b,3f3e5df8a021439fd6f867a0e526bdc303cac79c811201cb6bac193298cb9fcd,cyber_elastic_esql_detection,Write an Elastic ES|QL behavioral detection,ok,fail,6,11,26.378,20260912_112636,70.0
cybersecurity_agent_all_models_20260912,cybersecurity,cybersecurity-agent-v1,pi,granite4.1:30b,3f3e5df8a021439fd6f867a0e526bdc303cac79c811201cb6bac193298cb9fcd,cyber_exploit_crash_analysis,Analyze exploitability of a synthetic native crash,ok,fail,3,6,62.361,20260912_112636,72.0
cybersecurity_agent_all_models_20260912,cybersecurity,cybersecurity-agent-v1,pi,granite4.1:30b,3f3e5df8a021439fd6f867a0e526bdc303cac79c811201cb6bac193298cb9fcd,cyber_exploit_toy_poc,Build a constrained proof of concept for a toy service,ok,fail,0,1,59.833,20260912_112636,72.0
cybersecurity_agent_all_models_20260912,cybersecurity,cybersecurity-agent-v1,pi,granite4.1:30b,3f3e5df8a021439fd6f867a0e526bdc303cac79c811201cb6bac193298cb9fcd,cyber_foundations_architecture,Reason about a segmented enterprise architecture,ok,fail,1,4,59.149,20260912_112636,71.0
cybersecurity_agent_all_models_20260912,cybersecurity,cybersecurity-agent-v1,pi,granite4.1:30b,3f3e5df8a021439fd6f867a0e526bdc303cac79c811201cb6bac193298cb9fcd,cyber_governance_risk_prioritization,Prioritize cyber risk and response outcomes,ok,fail,6,7,102.694,20260912_112636,73.0
cybersecurity_agent_all_models_20260912,cybersecurity,cybersecurity-agent-v1,pi,granite4.1:30b,3f3e5df8a021439fd6f867a0e526bdc303cac79c811201cb6bac193298cb9fcd,cyber_incident_timeline,Reconstruct an incident timeline and response plan,ok,fail,7,8,44.997,20260912_112636,72.0
cybersecurity_agent_all_models_20260912,cybersecurity,cybersecurity-agent-v1,pi,granite4.1:30b,3f3e5df8a021439fd6f867a0e526bdc303cac79c811201cb6bac193298cb9fcd,cyber_llm_prompt_injection,Harden an agent against indirect prompt injection,ok,fail,0,1,54.415,20260912_112636,70.0
cybersecurity_agent_all_models_20260912,cybersecurity,cybersecurity-agent-v1,pi,granite4.1:30b,3f3e5df8a021439fd6f867a0e526bdc303cac79c811201cb6bac193298cb9fcd,cyber_llm_tool_rag_security,Secure tool use and RAG against poisoning and exfiltration,ok,fail,0,1,63.83,20260912_112636,71.0
cybersecurity_agent_all_models_20260912,cybersecurity,cybersecurity-agent-v1,pi,granite4.1:30b,3f3e5df8a021439fd6f867a0e526bdc303cac79c811201cb6bac193298cb9fcd,cyber_malware_static_analysis,Classify a harmless synthetic malware specimen,ok,fail,0,1,76.477,20260912_112636,74.0
cybersecurity_agent_all_models_20260912,cybersecurity,cybersecurity-agent-v1,pi,granite4.1:30b,3f3e5df8a021439fd6f867a0e526bdc303cac79c811201cb6bac193298cb9fcd,cyber_pentest_attack_path,Plan and validate an authorized lab attack path,ok,pass,6,6,53.284,20260912_112636,73.0
cybersecurity_agent_all_models_20260912,cybersecurity,cybersecurity-agent-v1,pi,granite4.1:30b,3f3e5df8a021439fd6f867a0e526bdc303cac79c811201cb6bac193298cb9fcd,cyber_sentinel_kql_detection,Write a Microsoft Sentinel KQL analytic,ok,fail,0,1,76.43,20260912_112636,73.0
cybersecurity_agent_all_models_20260912,cybersecurity,cybersecurity-agent-v1,pi,granite4.1:30b,3f3e5df8a021439fd6f867a0e526bdc303cac79c811201cb6bac193298cb9fcd,cyber_sigma_detection,Author a portable Sigma detection,ok,pass,10,10,47.275,20260912_112636,71.0
cybersecurity_agent_all_models_20260912,cybersecurity,cybersecurity-agent-v1,pi,granite4.1:30b,3f3e5df8a021439fd6f867a0e526bdc303cac79c811201cb6bac193298cb9fcd,cyber_soc_alert_triage,Triage a noisy alert bundle,ok,fail,0,1,57.688,20260912_112636,72.0
cybersecurity_agent_all_models_20260912,cybersecurity,cybersecurity-agent-v1,pi,granite4.1:30b,3f3e5df8a021439fd6f867a0e526bdc303cac79c811201cb6bac193298cb9fcd,cyber_spl_detection,Write a Splunk SPL detection and triage query,ok,fail,6,9,46.56,20260912_112636,71.0
cybersecurity_agent_all_models_20260912,cybersecurity,cybersecurity-agent-v1,pi,granite4.1:30b,3f3e5df8a021439fd6f867a0e526bdc303cac79c811201cb6bac193298cb9fcd,cyber_threat_report_synthesis,Synthesize actionable intelligence from mixed-confidence reporting,ok,fail,7,8,44.487,20260912_112636,74.0
cybersecurity_agent_all_models_20260912,cybersecurity,cybersecurity-agent-v1,pi,granite4.1:30b,3f3e5df8a021439fd6f867a0e526bdc303cac79c811201cb6bac193298cb9fcd,cyber_vulnerability_cvss_triage,Triage vulnerabilities using CVSS v4 and exposure context,ok,fail,3,6,52.041,20260912_112636,75.0
cybersecurity_agent_all_models_20260912,cybersecurity,cybersecurity-agent-v1,pi,hermes3:70b,60ef54cd913fad018b3eecc7097ca9d861fcde7b2891e9beef2cf8d046a666d6,cyber_advanced_protocol_reasoning,Diagnose advanced protocol and cryptographic failures,ok,fail,0,1,90.181,20260912_112636,73.0
cybersecurity_agent_all_models_20260912,cybersecurity,cybersecurity-agent-v1,pi,hermes3:70b,60ef54cd913fad018b3eecc7097ca9d861fcde7b2891e9beef2cf8d046a666d6,cyber_api_bola_remediation,Remediate broken object-level authorization,ok,fail,0,1,26.542,20260912_112636,71.0
cybersecurity_agent_all_models_20260912,cybersecurity,cybersecurity-agent-v1,pi,hermes3:70b,60ef54cd913fad018b3eecc7097ca9d861fcde7b2891e9beef2cf8d046a666d6,cyber_appsec_code_review,Perform a CWE-grounded application security review,ok,fail,0,1,32.206,20260912_112636,72.0
cybersecurity_agent_all_models_20260912,cybersecurity,cybersecurity-agent-v1,pi,hermes3:70b,60ef54cd913fad018b3eecc7097ca9d861fcde7b2891e9beef2cf8d046a666d6,cyber_appsec_secure_patch,Patch an injection-prone local utility,ok,fail,0,1,42.401,20260912_112636,72.0
cybersecurity_agent_all_models_20260912,cybersecurity,cybersecurity-agent-v1,pi,hermes3:70b,60ef54cd913fad018b3eecc7097ca9d861fcde7b2891e9beef2cf8d046a666d6,cyber_chronicle_yaral_detection,Write a Google SecOps YARA-L 2.0 correlation rule,ok,fail,0,1,87.238,20260912_112636,72.0
cybersecurity_agent_all_models_20260912,cybersecurity,cybersecurity-agent-v1,pi,hermes3:70b,60ef54cd913fad018b3eecc7097ca9d861fcde7b2891e9beef2cf8d046a666d6,cyber_cloud_kubernetes_hardening,Harden cloud IAM and a Kubernetes workload,ok,fail,0,1,24.861,20260912_112636,70.0
cybersecurity_agent_all_models_20260912,cybersecurity,cybersecurity-agent-v1,pi,hermes3:70b,60ef54cd913fad018b3eecc7097ca9d861fcde7b2891e9beef2cf8d046a666d6,cyber_ctf_multidiscipline,Solve a compact multidisciplinary CTF set,ok,fail,0,1,53.866,20260912_112636,73.0
cybersecurity_agent_all_models_20260912,cybersecurity,cybersecurity-agent-v1,pi,hermes3:70b,60ef54cd913fad018b3eecc7097ca9d861fcde7b2891e9beef2cf8d046a666d6,cyber_cti_attack_mapping,Map observed behaviors to MITRE ATT&CK,ok,fail,0,1,74.341,20260912_112636,72.0
cybersecurity_agent_all_models_20260912,cybersecurity,cybersecurity-agent-v1,pi,hermes3:70b,60ef54cd913fad018b3eecc7097ca9d861fcde7b2891e9beef2cf8d046a666d6,cyber_elastic_esql_detection,Write an Elastic ES|QL behavioral detection,ok,fail,0,1,79.764,20260912_112636,72.0
cybersecurity_agent_all_models_20260912,cybersecurity,cybersecurity-agent-v1,pi,hermes3:70b,60ef54cd913fad018b3eecc7097ca9d861fcde7b2891e9beef2cf8d046a666d6,cyber_exploit_crash_analysis,Analyze exploitability of a synthetic native crash,ok,fail,0,1,65.945,20260912_112636,72.0
cybersecurity_agent_all_models_20260912,cybersecurity,cybersecurity-agent-v1,pi,hermes3:70b,60ef54cd913fad018b3eecc7097ca9d861fcde7b2891e9beef2cf8d046a666d6,cyber_exploit_toy_poc,Build a constrained proof of concept for a toy service,ok,fail,0,1,60.791,20260912_112636,72.0
cybersecurity_agent_all_models_20260912,cybersecurity,cybersecurity-agent-v1,pi,hermes3:70b,60ef54cd913fad018b3eecc7097ca9d861fcde7b2891e9beef2cf8d046a666d6,cyber_foundations_architecture,Reason about a segmented enterprise architecture,ok,fail,0,1,77.025,20260912_112636,73.0
cybersecurity_agent_all_models_20260912,cybersecurity,cybersecurity-agent-v1,pi,hermes3:70b,60ef54cd913fad018b3eecc7097ca9d861fcde7b2891e9beef2cf8d046a666d6,cyber_governance_risk_prioritization,Prioritize cyber risk and response outcomes,ok,fail,0,1,94.546,20260912_112636,72.0
cybersecurity_agent_all_models_20260912,cybersecurity,cybersecurity-agent-v1,pi,hermes3:70b,60ef54cd913fad018b3eecc7097ca9d861fcde7b2891e9beef2cf8d046a666d6,cyber_incident_timeline,Reconstruct an incident timeline and response plan,ok,fail,0,1,37.536,20260912_112636,72.0
cybersecurity_agent_all_models_20260912,cybersecurity,cybersecurity-agent-v1,pi,hermes3:70b,60ef54cd913fad018b3eecc7097ca9d861fcde7b2891e9beef2cf8d046a666d6,cyber_llm_prompt_injection,Harden an agent against indirect prompt injection,ok,fail,0,1,81.519,20260912_112636,73.0
cybersecurity_agent_all_models_20260912,cybersecurity,cybersecurity-agent-v1,pi,hermes3:70b,60ef54cd913fad018b3eecc7097ca9d861fcde7b2891e9beef2cf8d046a666d6,cyber_llm_tool_rag_security,Secure tool use and RAG against poisoning and exfiltration,ok,fail,0,1,18.667,20260912_112636,72.0
cybersecurity_agent_all_models_20260912,cybersecurity,cybersecurity-agent-v1,pi,hermes3:70b,60ef54cd913fad018b3eecc7097ca9d861fcde7b2891e9beef2cf8d046a666d6,cyber_malware_static_analysis,Classify a harmless synthetic malware specimen,ok,fail,0,1,80.842,20260912_112636,71.0
cybersecurity_agent_all_models_20260912,cybersecurity,cybersecurity-agent-v1,pi,hermes3:70b,60ef54cd913fad018b3eecc7097ca9d861fcde7b2891e9beef2cf8d046a666d6,cyber_pentest_attack_path,Plan and validate an authorized lab attack path,ok,fail,0,1,199.209,20260912_112636,72.0
cybersecurity_agent_all_models_20260912,cybersecurity,cybersecurity-agent-v1,pi,hermes3:70b,60ef54cd913fad018b3eecc7097ca9d861fcde7b2891e9beef2cf8d046a666d6,cyber_sentinel_kql_detection,Write a Microsoft Sentinel KQL analytic,ok,fail,0,1,108.664,20260912_112636,73.0
cybersecurity_agent_all_models_20260912,cybersecurity,cybersecurity-agent-v1,pi,hermes3:70b,60ef54cd913fad018b3eecc7097ca9d861fcde7b2891e9beef2cf8d046a666d6,cyber_sigma_detection,Author a portable Sigma detection,ok,fail,0,1,79.225,20260912_112636,73.0
cybersecurity_agent_all_models_20260912,cybersecurity,cybersecurity-agent-v1,pi,hermes3:70b,60ef54cd913fad018b3eecc7097ca9d861fcde7b2891e9beef2cf8d046a666d6,cyber_soc_alert_triage,Triage a noisy alert bundle,ok,fail,0,1,41.814,20260912_112636,72.0
cybersecurity_agent_all_models_20260912,cybersecurity,cybersecurity-agent-v1,pi,hermes3:70b,60ef54cd913fad018b3eecc7097ca9d861fcde7b2891e9beef2cf8d046a666d6,cyber_spl_detection,Write a Splunk SPL detection and triage query,ok,fail,0,1,114.049,20260912_112636,73.0
cybersecurity_agent_all_models_20260912,cybersecurity,cybersecurity-agent-v1,pi,hermes3:70b,60ef54cd913fad018b3eecc7097ca9d861fcde7b2891e9beef2cf8d046a666d6,cyber_threat_report_synthesis,Synthesize actionable intelligence from mixed-confidence reporting,ok,fail,0,1,89.918,20260912_112636,73.0
cybersecurity_agent_all_models_20260912,cybersecurity,cybersecurity-agent-v1,pi,hermes3:70b,60ef54cd913fad018b3eecc7097ca9d861fcde7b2891e9beef2cf8d046a666d6,cyber_vulnerability_cvss_triage,Triage vulnerabilities using CVSS v4 and exposure context,ok,fail,0,1,467.631,20260912_112636,72.0
cybersecurity_agent_all_models_20260912,cybersecurity,cybersecurity-agent-v1,pi,huihui_ai/Qwen3.6-abliterated:27b-q8_0,1fe333161e8e50d0f378679ae09509a3a28c601682bf178e32541cf403b9d25b,cyber_advanced_protocol_reasoning,Diagnose advanced protocol and cryptographic failures,ok,fail,1,5,266.041,20260912_112636,68.0
cybersecurity_agent_all_models_20260912,cybersecurity,cybersecurity-agent-v1,pi,huihui_ai/Qwen3.6-abliterated:27b-q8_0,1fe333161e8e50d0f378679ae09509a3a28c601682bf178e32541cf403b9d25b,cyber_api_bola_remediation,Remediate broken object-level authorization,ok,fail,6,7,463.507,20260912_112636,70.0
cybersecurity_agent_all_models_20260912,cybersecurity,cybersecurity-agent-v1,pi,huihui_ai/Qwen3.6-abliterated:27b-q8_0,1fe333161e8e50d0f378679ae09509a3a28c601682bf178e32541cf403b9d25b,cyber_appsec_code_review,Perform a CWE-grounded application security review,ok,pass,7,7,160.299,20260912_112636,67.0
cybersecurity_agent_all_models_20260912,cybersecurity,cybersecurity-agent-v1,pi,huihui_ai/Qwen3.6-abliterated:27b-q8_0,1fe333161e8e50d0f378679ae09509a3a28c601682bf178e32541cf403b9d25b,cyber_appsec_secure_patch,Patch an injection-prone local utility,ok,fail,6,7,574.73,20260912_112636,71.0
cybersecurity_agent_all_models_20260912,cybersecurity,cybersecurity-agent-v1,pi,huihui_ai/Qwen3.6-abliterated:27b-q8_0,1fe333161e8e50d0f378679ae09509a3a28c601682bf178e32541cf403b9d25b,cyber_chronicle_yaral_detection,Write a Google SecOps YARA-L 2.0 correlation rule,ok,fail,8,13,251.694,20260912_112636,67.0
cybersecurity_agent_all_models_20260912,cybersecurity,cybersecurity-agent-v1,pi,huihui_ai/Qwen3.6-abliterated:27b-q8_0,1fe333161e8e50d0f378679ae09509a3a28c601682bf178e32541cf403b9d25b,cyber_cloud_kubernetes_hardening,Harden cloud IAM and a Kubernetes workload,ok,fail,12,13,205.487,20260912_112636,68.0
cybersecurity_agent_all_models_20260912,cybersecurity,cybersecurity-agent-v1,pi,huihui_ai/Qwen3.6-abliterated:27b-q8_0,1fe333161e8e50d0f378679ae09509a3a28c601682bf178e32541cf403b9d25b,cyber_ctf_multidiscipline,Solve a compact multidisciplinary CTF set,ok,pass,6,6,300.809,20260912_112636,66.0
cybersecurity_agent_all_models_20260912,cybersecurity,cybersecurity-agent-v1,pi,huihui_ai/Qwen3.6-abliterated:27b-q8_0,1fe333161e8e50d0f378679ae09509a3a28c601682bf178e32541cf403b9d25b,cyber_cti_attack_mapping,Map observed behaviors to MITRE ATT&CK,ok,fail,3,5,287.912,20260912_112636,69.0
cybersecurity_agent_all_models_20260912,cybersecurity,cybersecurity-agent-v1,pi,huihui_ai/Qwen3.6-abliterated:27b-q8_0,1fe333161e8e50d0f378679ae09509a3a28c601682bf178e32541cf403b9d25b,cyber_elastic_esql_detection,Write an Elastic ES|QL behavioral detection,ok,fail,10,11,142.114,20260912_112636,68.0
cybersecurity_agent_all_models_20260912,cybersecurity,cybersecurity-agent-v1,pi,huihui_ai/Qwen3.6-abliterated:27b-q8_0,1fe333161e8e50d0f378679ae09509a3a28c601682bf178e32541cf403b9d25b,cyber_exploit_crash_analysis,Analyze exploitability of a synthetic native crash,ok,fail,5,6,308.714,20260912_112636,69.0
cybersecurity_agent_all_models_20260912,cybersecurity,cybersecurity-agent-v1,pi,huihui_ai/Qwen3.6-abliterated:27b-q8_0,1fe333161e8e50d0f378679ae09509a3a28c601682bf178e32541cf403b9d25b,cyber_exploit_toy_poc,Build a constrained proof of concept for a toy service,ok,fail,10,11,183.356,20260912_112636,68.0
cybersecurity_agent_all_models_20260912,cybersecurity,cybersecurity-agent-v1,pi,huihui_ai/Qwen3.6-abliterated:27b-q8_0,1fe333161e8e50d0f378679ae09509a3a28c601682bf178e32541cf403b9d25b,cyber_foundations_architecture,Reason about a segmented enterprise architecture,ok,fail,1,4,294.959,20260912_112636,66.0
cybersecurity_agent_all_models_20260912,cybersecurity,cybersecurity-agent-v1,pi,huihui_ai/Qwen3.6-abliterated:27b-q8_0,1fe333161e8e50d0f378679ae09509a3a28c601682bf178e32541cf403b9d25b,cyber_governance_risk_prioritization,Prioritize cyber risk and response outcomes,ok,pass,7,7,272.9,20260912_112636,66.0
cybersecurity_agent_all_models_20260912,cybersecurity,cybersecurity-agent-v1,pi,huihui_ai/Qwen3.6-abliterated:27b-q8_0,1fe333161e8e50d0f378679ae09509a3a28c601682bf178e32541cf403b9d25b,cyber_incident_timeline,Reconstruct an incident timeline and response plan,ok,fail,7,8,233.322,20260912_112636,68.0
cybersecurity_agent_all_models_20260912,cybersecurity,cybersecurity-agent-v1,pi,huihui_ai/Qwen3.6-abliterated:27b-q8_0,1fe333161e8e50d0f378679ae09509a3a28c601682bf178e32541cf403b9d25b,cyber_llm_prompt_injection,Harden an agent against indirect prompt injection,ok,fail,2,7,264.102,20260912_112636,68.0
cybersecurity_agent_all_models_20260912,cybersecurity,cybersecurity-agent-v1,pi,huihui_ai/Qwen3.6-abliterated:27b-q8_0,1fe333161e8e50d0f378679ae09509a3a28c601682bf178e32541cf403b9d25b,cyber_llm_tool_rag_security,Secure tool use and RAG against poisoning and exfiltration,ok,pass,8,8,273.14,20260912_112636,68.0
cybersecurity_agent_all_models_20260912,cybersecurity,cybersecurity-agent-v1,pi,huihui_ai/Qwen3.6-abliterated:27b-q8_0,1fe333161e8e50d0f378679ae09509a3a28c601682bf178e32541cf403b9d25b,cyber_malware_static_analysis,Classify a harmless synthetic malware specimen,ok,pass,6,6,259.593,20260912_112636,70.0
cybersecurity_agent_all_models_20260912,cybersecurity,cybersecurity-agent-v1,pi,huihui_ai/Qwen3.6-abliterated:27b-q8_0,1fe333161e8e50d0f378679ae09509a3a28c601682bf178e32541cf403b9d25b,cyber_pentest_attack_path,Plan and validate an authorized lab attack path,ok,fail,5,6,177.692,20260912_112636,67.0
cybersecurity_agent_all_models_20260912,cybersecurity,cybersecurity-agent-v1,pi,huihui_ai/Qwen3.6-abliterated:27b-q8_0,1fe333161e8e50d0f378679ae09509a3a28c601682bf178e32541cf403b9d25b,cyber_sentinel_kql_detection,Write a Microsoft Sentinel KQL analytic,ok,fail,8,10,290.991,20260912_112636,68.0
cybersecurity_agent_all_models_20260912,cybersecurity,cybersecurity-agent-v1,pi,huihui_ai/Qwen3.6-abliterated:27b-q8_0,1fe333161e8e50d0f378679ae09509a3a28c601682bf178e32541cf403b9d25b,cyber_sigma_detection,Author a portable Sigma detection,ok,pass,10,10,178.829,20260912_112636,67.0
cybersecurity_agent_all_models_20260912,cybersecurity,cybersecurity-agent-v1,pi,huihui_ai/Qwen3.6-abliterated:27b-q8_0,1fe333161e8e50d0f378679ae09509a3a28c601682bf178e32541cf403b9d25b,cyber_soc_alert_triage,Triage a noisy alert bundle,ok,pass,6,6,212.935,20260912_112636,67.0
cybersecurity_agent_all_models_20260912,cybersecurity,cybersecurity-agent-v1,pi,huihui_ai/Qwen3.6-abliterated:27b-q8_0,1fe333161e8e50d0f378679ae09509a3a28c601682bf178e32541cf403b9d25b,cyber_spl_detection,Write a Splunk SPL detection and triage query,ok,fail,6,9,172.958,20260912_112636,68.0
cybersecurity_agent_all_models_20260912,cybersecurity,cybersecurity-agent-v1,pi,huihui_ai/Qwen3.6-abliterated:27b-q8_0,1fe333161e8e50d0f378679ae09509a3a28c601682bf178e32541cf403b9d25b,cyber_threat_report_synthesis,Synthesize actionable intelligence from mixed-confidence reporting,ok,pass,8,8,174.386,20260912_112636,68.0
cybersecurity_agent_all_models_20260912,cybersecurity,cybersecurity-agent-v1,pi,huihui_ai/Qwen3.6-abliterated:27b-q8_0,1fe333161e8e50d0f378679ae09509a3a28c601682bf178e32541cf403b9d25b,cyber_vulnerability_cvss_triage,Triage vulnerabilities using CVSS v4 and exposure context,ok,fail,3,6,290.25,20260912_112636,67.0
cybersecurity_agent_all_models_20260912,cybersecurity,cybersecurity-agent-v1,pi,huihui_ai/Qwen3.6-abliterated:35b-a3b-q8_0,1689b3b50a4662b4b648d33b3ca32e684b5cb6a131939035a8eb996449ca97bf,cyber_advanced_protocol_reasoning,Diagnose advanced protocol and cryptographic failures,ok,fail,2,5,71.032,20260912_112636,68.0
cybersecurity_agent_all_models_20260912,cybersecurity,cybersecurity-agent-v1,pi,huihui_ai/Qwen3.6-abliterated:35b-a3b-q8_0,1689b3b50a4662b4b648d33b3ca32e684b5cb6a131939035a8eb996449ca97bf,cyber_api_bola_remediation,Remediate broken object-level authorization,ok,fail,6,7,107.61,20260912_112636,68.0
cybersecurity_agent_all_models_20260912,cybersecurity,cybersecurity-agent-v1,pi,huihui_ai/Qwen3.6-abliterated:35b-a3b-q8_0,1689b3b50a4662b4b648d33b3ca32e684b5cb6a131939035a8eb996449ca97bf,cyber_appsec_code_review,Perform a CWE-grounded application security review,ok,fail,4,7,61.568,20260912_112636,65.0
cybersecurity_agent_all_models_20260912,cybersecurity,cybersecurity-agent-v1,pi,huihui_ai/Qwen3.6-abliterated:35b-a3b-q8_0,1689b3b50a4662b4b648d33b3ca32e684b5cb6a131939035a8eb996449ca97bf,cyber_appsec_secure_patch,Patch an injection-prone local utility,ok,fail,6,7,112.952,20260912_112636,68.0
cybersecurity_agent_all_models_20260912,cybersecurity,cybersecurity-agent-v1,pi,huihui_ai/Qwen3.6-abliterated:35b-a3b-q8_0,1689b3b50a4662b4b648d33b3ca32e684b5cb6a131939035a8eb996449ca97bf,cyber_chronicle_yaral_detection,Write a Google SecOps YARA-L 2.0 correlation rule,ok,pass,13,13,40.238,20260912_112636,64.0
cybersecurity_agent_all_models_20260912,cybersecurity,cybersecurity-agent-v1,pi,huihui_ai/Qwen3.6-abliterated:35b-a3b-q8_0,1689b3b50a4662b4b648d33b3ca32e684b5cb6a131939035a8eb996449ca97bf,cyber_cloud_kubernetes_hardening,Harden cloud IAM and a Kubernetes workload,ok,pass,13,13,44.651,20260912_112636,64.0
cybersecurity_agent_all_models_20260912,cybersecurity,cybersecurity-agent-v1,pi,huihui_ai/Qwen3.6-abliterated:35b-a3b-q8_0,1689b3b50a4662b4b648d33b3ca32e684b5cb6a131939035a8eb996449ca97bf,cyber_ctf_multidiscipline,Solve a compact multidisciplinary CTF set,ok,pass,6,6,97.65,20260912_112636,66.0
cybersecurity_agent_all_models_20260912,cybersecurity,cybersecurity-agent-v1,pi,huihui_ai/Qwen3.6-abliterated:35b-a3b-q8_0,1689b3b50a4662b4b648d33b3ca32e684b5cb6a131939035a8eb996449ca97bf,cyber_cti_attack_mapping,Map observed behaviors to MITRE ATT&CK,ok,fail,3,5,38.335,20260912_112636,63.0
cybersecurity_agent_all_models_20260912,cybersecurity,cybersecurity-agent-v1,pi,huihui_ai/Qwen3.6-abliterated:35b-a3b-q8_0,1689b3b50a4662b4b648d33b3ca32e684b5cb6a131939035a8eb996449ca97bf,cyber_elastic_esql_detection,Write an Elastic ES|QL behavioral detection,ok,pass,11,11,27.692,20260912_112636,65.0
cybersecurity_agent_all_models_20260912,cybersecurity,cybersecurity-agent-v1,pi,huihui_ai/Qwen3.6-abliterated:35b-a3b-q8_0,1689b3b50a4662b4b648d33b3ca32e684b5cb6a131939035a8eb996449ca97bf,cyber_exploit_crash_analysis,Analyze exploitability of a synthetic native crash,ok,fail,4,6,80.685,20260912_112636,66.0
cybersecurity_agent_all_models_20260912,cybersecurity,cybersecurity-agent-v1,pi,huihui_ai/Qwen3.6-abliterated:35b-a3b-q8_0,1689b3b50a4662b4b648d33b3ca32e684b5cb6a131939035a8eb996449ca97bf,cyber_exploit_toy_poc,Build a constrained proof of concept for a toy service,ok,pass,11,11,50.652,20260912_112636,65.0
cybersecurity_agent_all_models_20260912,cybersecurity,cybersecurity-agent-v1,pi,huihui_ai/Qwen3.6-abliterated:35b-a3b-q8_0,1689b3b50a4662b4b648d33b3ca32e684b5cb6a131939035a8eb996449ca97bf,cyber_foundations_architecture,Reason about a segmented enterprise architecture,ok,fail,1,4,66.393,20260912_112636,63.0
cybersecurity_agent_all_models_20260912,cybersecurity,cybersecurity-agent-v1,pi,huihui_ai/Qwen3.6-abliterated:35b-a3b-q8_0,1689b3b50a4662b4b648d33b3ca32e684b5cb6a131939035a8eb996449ca97bf,cyber_governance_risk_prioritization,Prioritize cyber risk and response outcomes,ok,pass,7,7,44.509,20260912_112636,63.0
cybersecurity_agent_all_models_20260912,cybersecurity,cybersecurity-agent-v1,pi,huihui_ai/Qwen3.6-abliterated:35b-a3b-q8_0,1689b3b50a4662b4b648d33b3ca32e684b5cb6a131939035a8eb996449ca97bf,cyber_incident_timeline,Reconstruct an incident timeline and response plan,ok,fail,7,8,38.303,20260912_112636,63.0
cybersecurity_agent_all_models_20260912,cybersecurity,cybersecurity-agent-v1,pi,huihui_ai/Qwen3.6-abliterated:35b-a3b-q8_0,1689b3b50a4662b4b648d33b3ca32e684b5cb6a131939035a8eb996449ca97bf,cyber_llm_prompt_injection,Harden an agent against indirect prompt injection,ok,fail,2,7,55.684,20260912_112636,65.0
cybersecurity_agent_all_models_20260912,cybersecurity,cybersecurity-agent-v1,pi,huihui_ai/Qwen3.6-abliterated:35b-a3b-q8_0,1689b3b50a4662b4b648d33b3ca32e684b5cb6a131939035a8eb996449ca97bf,cyber_llm_tool_rag_security,Secure tool use and RAG against poisoning and exfiltration,ok,fail,7,8,42.866,20260912_112636,64.0
cybersecurity_agent_all_models_20260912,cybersecurity,cybersecurity-agent-v1,pi,huihui_ai/Qwen3.6-abliterated:35b-a3b-q8_0,1689b3b50a4662b4b648d33b3ca32e684b5cb6a131939035a8eb996449ca97bf,cyber_malware_static_analysis,Classify a harmless synthetic malware specimen,ok,fail,5,6,63.612,20260912_112636,64.0
cybersecurity_agent_all_models_20260912,cybersecurity,cybersecurity-agent-v1,pi,huihui_ai/Qwen3.6-abliterated:35b-a3b-q8_0,1689b3b50a4662b4b648d33b3ca32e684b5cb6a131939035a8eb996449ca97bf,cyber_pentest_attack_path,Plan and validate an authorized lab attack path,ok,fail,5,6,44.839,20260912_112636,64.0
cybersecurity_agent_all_models_20260912,cybersecurity,cybersecurity-agent-v1,pi,huihui_ai/Qwen3.6-abliterated:35b-a3b-q8_0,1689b3b50a4662b4b648d33b3ca32e684b5cb6a131939035a8eb996449ca97bf,cyber_sentinel_kql_detection,Write a Microsoft Sentinel KQL analytic,ok,fail,9,10,61.547,20260912_112636,66.0
cybersecurity_agent_all_models_20260912,cybersecurity,cybersecurity-agent-v1,pi,huihui_ai/Qwen3.6-abliterated:35b-a3b-q8_0,1689b3b50a4662b4b648d33b3ca32e684b5cb6a131939035a8eb996449ca97bf,cyber_sigma_detection,Author a portable Sigma detection,ok,pass,10,10,63.007,20260912_112636,68.0
cybersecurity_agent_all_models_20260912,cybersecurity,cybersecurity-agent-v1,pi,huihui_ai/Qwen3.6-abliterated:35b-a3b-q8_0,1689b3b50a4662b4b648d33b3ca32e684b5cb6a131939035a8eb996449ca97bf,cyber_soc_alert_triage,Triage a noisy alert bundle,ok,fail,4,6,40.551,20260912_112636,64.0
cybersecurity_agent_all_models_20260912,cybersecurity,cybersecurity-agent-v1,pi,huihui_ai/Qwen3.6-abliterated:35b-a3b-q8_0,1689b3b50a4662b4b648d33b3ca32e684b5cb6a131939035a8eb996449ca97bf,cyber_spl_detection,Write a Splunk SPL detection and triage query,ok,pass,9,9,37.64,20260912_112636,64.0
cybersecurity_agent_all_models_20260912,cybersecurity,cybersecurity-agent-v1,pi,huihui_ai/Qwen3.6-abliterated:35b-a3b-q8_0,1689b3b50a4662b4b648d33b3ca32e684b5cb6a131939035a8eb996449ca97bf,cyber_threat_report_synthesis,Synthesize actionable intelligence from mixed-confidence reporting,ok,fail,7,8,53.078,20260912_112636,64.0
cybersecurity_agent_all_models_20260912,cybersecurity,cybersecurity-agent-v1,pi,huihui_ai/Qwen3.6-abliterated:35b-a3b-q8_0,1689b3b50a4662b4b648d33b3ca32e684b5cb6a131939035a8eb996449ca97bf,cyber_vulnerability_cvss_triage,Triage vulnerabilities using CVSS v4 and exposure context,ok,fail,2,6,50.142,20260912_112636,67.0
cybersecurity_agent_all_models_20260912,cybersecurity,cybersecurity-agent-v1,pi,llama3.1:70b,711a9e8463afd8edd580debd3b5c521521ebe55ba95bb80d576f4149969e07c6,cyber_advanced_protocol_reasoning,Diagnose advanced protocol and cryptographic failures,ok,fail,0,1,35.151,20260912_112636,70.0
cybersecurity_agent_all_models_20260912,cybersecurity,cybersecurity-agent-v1,pi,llama3.1:70b,711a9e8463afd8edd580debd3b5c521521ebe55ba95bb80d576f4149969e07c6,cyber_api_bola_remediation,Remediate broken object-level authorization,ok,fail,4,7,90.943,20260912_112636,73.0
cybersecurity_agent_all_models_20260912,cybersecurity,cybersecurity-agent-v1,pi,llama3.1:70b,711a9e8463afd8edd580debd3b5c521521ebe55ba95bb80d576f4149969e07c6,cyber_appsec_code_review,Perform a CWE-grounded application security review,ok,fail,0,1,68.447,20260912_112636,71.0
cybersecurity_agent_all_models_20260912,cybersecurity,cybersecurity-agent-v1,pi,llama3.1:70b,711a9e8463afd8edd580debd3b5c521521ebe55ba95bb80d576f4149969e07c6,cyber_appsec_secure_patch,Patch an injection-prone local utility,ok,fail,0,1,96.085,20260912_112636,73.0
cybersecurity_agent_all_models_20260912,cybersecurity,cybersecurity-agent-v1,pi,llama3.1:70b,711a9e8463afd8edd580debd3b5c521521ebe55ba95bb80d576f4149969e07c6,cyber_chronicle_yaral_detection,Write a Google SecOps YARA-L 2.0 correlation rule,ok,fail,0,1,99.42,20260912_112636,73.0
cybersecurity_agent_all_models_20260912,cybersecurity,cybersecurity-agent-v1,pi,llama3.1:70b,711a9e8463afd8edd580debd3b5c521521ebe55ba95bb80d576f4149969e07c6,cyber_cloud_kubernetes_hardening,Harden cloud IAM and a Kubernetes workload,ok,fail,0,1,45.832,20260912_112636,72.0
cybersecurity_agent_all_models_20260912,cybersecurity,cybersecurity-agent-v1,pi,llama3.1:70b,711a9e8463afd8edd580debd3b5c521521ebe55ba95bb80d576f4149969e07c6,cyber_ctf_multidiscipline,Solve a compact multidisciplinary CTF set,ok,fail,1,6,76.477,20260912_112636,74.0
cybersecurity_agent_all_models_20260912,cybersecurity,cybersecurity-agent-v1,pi,llama3.1:70b,711a9e8463afd8edd580debd3b5c521521ebe55ba95bb80d576f4149969e07c6,cyber_cti_attack_mapping,Map observed behaviors to MITRE ATT&CK,ok,fail,0,1,54.904,20260912_112636,71.0
cybersecurity_agent_all_models_20260912,cybersecurity,cybersecurity-agent-v1,pi,llama3.1:70b,711a9e8463afd8edd580debd3b5c521521ebe55ba95bb80d576f4149969e07c6,cyber_elastic_esql_detection,Write an Elastic ES|QL behavioral detection,ok,fail,0,1,91.092,20260912_112636,75.0
cybersecurity_agent_all_models_20260912,cybersecurity,cybersecurity-agent-v1,pi,llama3.1:70b,711a9e8463afd8edd580debd3b5c521521ebe55ba95bb80d576f4149969e07c6,cyber_exploit_crash_analysis,Analyze exploitability of a synthetic native crash,ok,fail,0,1,74.508,20260912_112636,74.0
cybersecurity_agent_all_models_20260912,cybersecurity,cybersecurity-agent-v1,pi,llama3.1:70b,711a9e8463afd8edd580debd3b5c521521ebe55ba95bb80d576f4149969e07c6,cyber_exploit_toy_poc,Build a constrained proof of concept for a toy service,ok,fail,7,11,80.914,20260912_112636,72.0
cybersecurity_agent_all_models_20260912,cybersecurity,cybersecurity-agent-v1,pi,llama3.1:70b,711a9e8463afd8edd580debd3b5c521521ebe55ba95bb80d576f4149969e07c6,cyber_foundations_architecture,Reason about a segmented enterprise architecture,ok,fail,0,1,82.11,20260912_112636,71.0
cybersecurity_agent_all_models_20260912,cybersecurity,cybersecurity-agent-v1,pi,llama3.1:70b,711a9e8463afd8edd580debd3b5c521521ebe55ba95bb80d576f4149969e07c6,cyber_governance_risk_prioritization,Prioritize cyber risk and response outcomes,ok,fail,0,1,129.878,20260912_112636,71.0
cybersecurity_agent_all_models_20260912,cybersecurity,cybersecurity-agent-v1,pi,llama3.1:70b,711a9e8463afd8edd580debd3b5c521521ebe55ba95bb80d576f4149969e07c6,cyber_incident_timeline,Reconstruct an incident timeline and response plan,ok,fail,7,8,71.49,20260912_112636,71.0
cybersecurity_agent_all_models_20260912,cybersecurity,cybersecurity-agent-v1,pi,llama3.1:70b,711a9e8463afd8edd580debd3b5c521521ebe55ba95bb80d576f4149969e07c6,cyber_llm_prompt_injection,Harden an agent against indirect prompt injection,ok,fail,1,7,77.882,20260912_112636,74.0
cybersecurity_agent_all_models_20260912,cybersecurity,cybersecurity-agent-v1,pi,llama3.1:70b,711a9e8463afd8edd580debd3b5c521521ebe55ba95bb80d576f4149969e07c6,cyber_llm_tool_rag_security,Secure tool use and RAG against poisoning and exfiltration,ok,fail,0,1,91.061,20260912_112636,73.0
cybersecurity_agent_all_models_20260912,cybersecurity,cybersecurity-agent-v1,pi,llama3.1:70b,711a9e8463afd8edd580debd3b5c521521ebe55ba95bb80d576f4149969e07c6,cyber_malware_static_analysis,Classify a harmless synthetic malware specimen,ok,fail,0,1,167.119,20260912_112636,72.0
cybersecurity_agent_all_models_20260912,cybersecurity,cybersecurity-agent-v1,pi,llama3.1:70b,711a9e8463afd8edd580debd3b5c521521ebe55ba95bb80d576f4149969e07c6,cyber_pentest_attack_path,Plan and validate an authorized lab attack path,ok,fail,0,1,32.673,20260912_112636,73.0
cybersecurity_agent_all_models_20260912,cybersecurity,cybersecurity-agent-v1,pi,llama3.1:70b,711a9e8463afd8edd580debd3b5c521521ebe55ba95bb80d576f4149969e07c6,cyber_sentinel_kql_detection,Write a Microsoft Sentinel KQL analytic,ok,fail,0,1,83.875,20260912_112636,72.0
cybersecurity_agent_all_models_20260912,cybersecurity,cybersecurity-agent-v1,pi,llama3.1:70b,711a9e8463afd8edd580debd3b5c521521ebe55ba95bb80d576f4149969e07c6,cyber_sigma_detection,Author a portable Sigma detection,ok,fail,0,1,84.566,20260912_112636,73.0
cybersecurity_agent_all_models_20260912,cybersecurity,cybersecurity-agent-v1,pi,llama3.1:70b,711a9e8463afd8edd580debd3b5c521521ebe55ba95bb80d576f4149969e07c6,cyber_soc_alert_triage,Triage a noisy alert bundle,ok,fail,0,1,18.514,20260912_112636,72.0
cybersecurity_agent_all_models_20260912,cybersecurity,cybersecurity-agent-v1,pi,llama3.1:70b,711a9e8463afd8edd580debd3b5c521521ebe55ba95bb80d576f4149969e07c6,cyber_spl_detection,Write a Splunk SPL detection and triage query,ok,fail,0,1,124.122,20260912_112636,73.0
cybersecurity_agent_all_models_20260912,cybersecurity,cybersecurity-agent-v1,pi,llama3.1:70b,711a9e8463afd8edd580debd3b5c521521ebe55ba95bb80d576f4149969e07c6,cyber_threat_report_synthesis,Synthesize actionable intelligence from mixed-confidence reporting,ok,fail,0,1,61.363,20260912_112636,72.0
cybersecurity_agent_all_models_20260912,cybersecurity,cybersecurity-agent-v1,pi,llama3.1:70b,711a9e8463afd8edd580debd3b5c521521ebe55ba95bb80d576f4149969e07c6,cyber_vulnerability_cvss_triage,Triage vulnerabilities using CVSS v4 and exposure context,ok,fail,0,1,72.009,20260912_112636,72.0
cybersecurity_agent_all_models_20260912,cybersecurity,cybersecurity-agent-v1,pi,llama3.3:70b,a6eb4748fd2990ad2952b2335a95a7f952d1a06119a0aa6a2df6cd052a93a3fa,cyber_advanced_protocol_reasoning,Diagnose advanced protocol and cryptographic failures,ok,fail,0,1,69.903,20260912_112636,71.0
cybersecurity_agent_all_models_20260912,cybersecurity,cybersecurity-agent-v1,pi,llama3.3:70b,a6eb4748fd2990ad2952b2335a95a7f952d1a06119a0aa6a2df6cd052a93a3fa,cyber_api_bola_remediation,Remediate broken object-level authorization,ok,fail,0,1,76.744,20260912_112636,73.0
cybersecurity_agent_all_models_20260912,cybersecurity,cybersecurity-agent-v1,pi,llama3.3:70b,a6eb4748fd2990ad2952b2335a95a7f952d1a06119a0aa6a2df6cd052a93a3fa,cyber_appsec_code_review,Perform a CWE-grounded application security review,ok,fail,0,1,97.515,20260912_112636,71.0
cybersecurity_agent_all_models_20260912,cybersecurity,cybersecurity-agent-v1,pi,llama3.3:70b,a6eb4748fd2990ad2952b2335a95a7f952d1a06119a0aa6a2df6cd052a93a3fa,cyber_appsec_secure_patch,Patch an injection-prone local utility,ok,fail,0,1,152.69,20260912_112636,73.0
cybersecurity_agent_all_models_20260912,cybersecurity,cybersecurity-agent-v1,pi,llama3.3:70b,a6eb4748fd2990ad2952b2335a95a7f952d1a06119a0aa6a2df6cd052a93a3fa,cyber_chronicle_yaral_detection,Write a Google SecOps YARA-L 2.0 correlation rule,ok,fail,0,1,88.744,20260912_112636,72.0
cybersecurity_agent_all_models_20260912,cybersecurity,cybersecurity-agent-v1,pi,llama3.3:70b,a6eb4748fd2990ad2952b2335a95a7f952d1a06119a0aa6a2df6cd052a93a3fa,cyber_cloud_kubernetes_hardening,Harden cloud IAM and a Kubernetes workload,ok,fail,0,1,102.517,20260912_112636,73.0
cybersecurity_agent_all_models_20260912,cybersecurity,cybersecurity-agent-v1,pi,llama3.3:70b,a6eb4748fd2990ad2952b2335a95a7f952d1a06119a0aa6a2df6cd052a93a3fa,cyber_ctf_multidiscipline,Solve a compact multidisciplinary CTF set,ok,fail,1,6,157.663,20260912_112636,77.0
cybersecurity_agent_all_models_20260912,cybersecurity,cybersecurity-agent-v1,pi,llama3.3:70b,a6eb4748fd2990ad2952b2335a95a7f952d1a06119a0aa6a2df6cd052a93a3fa,cyber_cti_attack_mapping,Map observed behaviors to MITRE ATT&CK,ok,fail,1,5,85.113,20260912_112636,72.0
cybersecurity_agent_all_models_20260912,cybersecurity,cybersecurity-agent-v1,pi,llama3.3:70b,a6eb4748fd2990ad2952b2335a95a7f952d1a06119a0aa6a2df6cd052a93a3fa,cyber_elastic_esql_detection,Write an Elastic ES|QL behavioral detection,ok,fail,0,1,83.836,20260912_112636,72.0
cybersecurity_agent_all_models_20260912,cybersecurity,cybersecurity-agent-v1,pi,llama3.3:70b,a6eb4748fd2990ad2952b2335a95a7f952d1a06119a0aa6a2df6cd052a93a3fa,cyber_exploit_crash_analysis,Analyze exploitability of a synthetic native crash,ok,fail,1,6,151.28,20260912_112636,76.0
cybersecurity_agent_all_models_20260912,cybersecurity,cybersecurity-agent-v1,pi,llama3.3:70b,a6eb4748fd2990ad2952b2335a95a7f952d1a06119a0aa6a2df6cd052a93a3fa,cyber_exploit_toy_poc,Build a constrained proof of concept for a toy service,ok,fail,0,1,81.849,20260912_112636,74.0
cybersecurity_agent_all_models_20260912,cybersecurity,cybersecurity-agent-v1,pi,llama3.3:70b,a6eb4748fd2990ad2952b2335a95a7f952d1a06119a0aa6a2df6cd052a93a3fa,cyber_foundations_architecture,Reason about a segmented enterprise architecture,ok,fail,0,1,63.037,20260912_112636,71.0
cybersecurity_agent_all_models_20260912,cybersecurity,cybersecurity-agent-v1,pi,llama3.3:70b,a6eb4748fd2990ad2952b2335a95a7f952d1a06119a0aa6a2df6cd052a93a3fa,cyber_governance_risk_prioritization,Prioritize cyber risk and response outcomes,ok,fail,0,1,136.653,20260912_112636,74.0
cybersecurity_agent_all_models_20260912,cybersecurity,cybersecurity-agent-v1,pi,llama3.3:70b,a6eb4748fd2990ad2952b2335a95a7f952d1a06119a0aa6a2df6cd052a93a3fa,cyber_incident_timeline,Reconstruct an incident timeline and response plan,ok,fail,0,1,64.927,20260912_112636,71.0
cybersecurity_agent_all_models_20260912,cybersecurity,cybersecurity-agent-v1,pi,llama3.3:70b,a6eb4748fd2990ad2952b2335a95a7f952d1a06119a0aa6a2df6cd052a93a3fa,cyber_llm_prompt_injection,Harden an agent against indirect prompt injection,ok,fail,1,7,137.293,20260912_112636,76.0
cybersecurity_agent_all_models_20260912,cybersecurity,cybersecurity-agent-v1,pi,llama3.3:70b,a6eb4748fd2990ad2952b2335a95a7f952d1a06119a0aa6a2df6cd052a93a3fa,cyber_llm_tool_rag_security,Secure tool use and RAG against poisoning and exfiltration,ok,fail,0,1,92.387,20260912_112636,75.0
cybersecurity_agent_all_models_20260912,cybersecurity,cybersecurity-agent-v1,pi,llama3.3:70b,a6eb4748fd2990ad2952b2335a95a7f952d1a06119a0aa6a2df6cd052a93a3fa,cyber_malware_static_analysis,Classify a harmless synthetic malware specimen,ok,fail,0,1,80.691,20260912_112636,72.0
cybersecurity_agent_all_models_20260912,cybersecurity,cybersecurity-agent-v1,pi,llama3.3:70b,a6eb4748fd2990ad2952b2335a95a7f952d1a06119a0aa6a2df6cd052a93a3fa,cyber_pentest_attack_path,Plan and validate an authorized lab attack path,ok,fail,0,1,96.8,20260912_112636,76.0
cybersecurity_agent_all_models_20260912,cybersecurity,cybersecurity-agent-v1,pi,llama3.3:70b,a6eb4748fd2990ad2952b2335a95a7f952d1a06119a0aa6a2df6cd052a93a3fa,cyber_sentinel_kql_detection,Write a Microsoft Sentinel KQL analytic,ok,fail,0,1,71.74,20260912_112636,71.0
cybersecurity_agent_all_models_20260912,cybersecurity,cybersecurity-agent-v1,pi,llama3.3:70b,a6eb4748fd2990ad2952b2335a95a7f952d1a06119a0aa6a2df6cd052a93a3fa,cyber_sigma_detection,Author a portable Sigma detection,ok,fail,0,1,78.633,20260912_112636,72.0
cybersecurity_agent_all_models_20260912,cybersecurity,cybersecurity-agent-v1,pi,llama3.3:70b,a6eb4748fd2990ad2952b2335a95a7f952d1a06119a0aa6a2df6cd052a93a3fa,cyber_soc_alert_triage,Triage a noisy alert bundle,ok,fail,0,1,65.607,20260912_112636,72.0
cybersecurity_agent_all_models_20260912,cybersecurity,cybersecurity-agent-v1,pi,llama3.3:70b,a6eb4748fd2990ad2952b2335a95a7f952d1a06119a0aa6a2df6cd052a93a3fa,cyber_spl_detection,Write a Splunk SPL detection and triage query,ok,fail,0,1,97.293,20260912_112636,72.0
cybersecurity_agent_all_models_20260912,cybersecurity,cybersecurity-agent-v1,pi,llama3.3:70b,a6eb4748fd2990ad2952b2335a95a7f952d1a06119a0aa6a2df6cd052a93a3fa,cyber_threat_report_synthesis,Synthesize actionable intelligence from mixed-confidence reporting,ok,fail,1,8,128.854,20260912_112636,75.0
cybersecurity_agent_all_models_20260912,cybersecurity,cybersecurity-agent-v1,pi,llama3.3:70b,a6eb4748fd2990ad2952b2335a95a7f952d1a06119a0aa6a2df6cd052a93a3fa,cyber_vulnerability_cvss_triage,Triage vulnerabilities using CVSS v4 and exposure context,ok,fail,0,1,60.854,20260912_112636,72.0
cybersecurity_agent_all_models_20260912,cybersecurity,cybersecurity-agent-v1,pi,llama4:16x17b,bf31604e25c25d964e250bcf28a82bfbdbe88af5f236257fabb27629bb24c7f3,cyber_advanced_protocol_reasoning,Diagnose advanced protocol and cryptographic failures,ok,fail,0,1,27.903,20260912_112636,68.0
cybersecurity_agent_all_models_20260912,cybersecurity,cybersecurity-agent-v1,pi,llama4:16x17b,bf31604e25c25d964e250bcf28a82bfbdbe88af5f236257fabb27629bb24c7f3,cyber_api_bola_remediation,Remediate broken object-level authorization,ok,fail,0,1,58.95,20260912_112636,70.0
cybersecurity_agent_all_models_20260912,cybersecurity,cybersecurity-agent-v1,pi,llama4:16x17b,bf31604e25c25d964e250bcf28a82bfbdbe88af5f236257fabb27629bb24c7f3,cyber_appsec_code_review,Perform a CWE-grounded application security review,ok,fail,0,1,24.213,20260912_112636,67.0
cybersecurity_agent_all_models_20260912,cybersecurity,cybersecurity-agent-v1,pi,llama4:16x17b,bf31604e25c25d964e250bcf28a82bfbdbe88af5f236257fabb27629bb24c7f3,cyber_appsec_secure_patch,Patch an injection-prone local utility,ok,fail,0,1,46.801,20260912_112636,67.0
cybersecurity_agent_all_models_20260912,cybersecurity,cybersecurity-agent-v1,pi,llama4:16x17b,bf31604e25c25d964e250bcf28a82bfbdbe88af5f236257fabb27629bb24c7f3,cyber_chronicle_yaral_detection,Write a Google SecOps YARA-L 2.0 correlation rule,ok,fail,4,13,86.71,20260912_112636,70.0
cybersecurity_agent_all_models_20260912,cybersecurity,cybersecurity-agent-v1,pi,llama4:16x17b,bf31604e25c25d964e250bcf28a82bfbdbe88af5f236257fabb27629bb24c7f3,cyber_cloud_kubernetes_hardening,Harden cloud IAM and a Kubernetes workload,ok,fail,0,1,66.389,20260912_112636,67.0
cybersecurity_agent_all_models_20260912,cybersecurity,cybersecurity-agent-v1,pi,llama4:16x17b,bf31604e25c25d964e250bcf28a82bfbdbe88af5f236257fabb27629bb24c7f3,cyber_ctf_multidiscipline,Solve a compact multidisciplinary CTF set,ok,fail,0,1,28.51,20260912_112636,66.0
cybersecurity_agent_all_models_20260912,cybersecurity,cybersecurity-agent-v1,pi,llama4:16x17b,bf31604e25c25d964e250bcf28a82bfbdbe88af5f236257fabb27629bb24c7f3,cyber_cti_attack_mapping,Map observed behaviors to MITRE ATT&CK,ok,fail,1,5,35.715,20260912_112636,70.0
cybersecurity_agent_all_models_20260912,cybersecurity,cybersecurity-agent-v1,pi,llama4:16x17b,bf31604e25c25d964e250bcf28a82bfbdbe88af5f236257fabb27629bb24c7f3,cyber_elastic_esql_detection,Write an Elastic ES|QL behavioral detection,ok,fail,0,1,32.0,20260912_112636,68.0
cybersecurity_agent_all_models_20260912,cybersecurity,cybersecurity-agent-v1,pi,llama4:16x17b,bf31604e25c25d964e250bcf28a82bfbdbe88af5f236257fabb27629bb24c7f3,cyber_exploit_crash_analysis,Analyze exploitability of a synthetic native crash,ok,fail,0,1,25.983,20260912_112636,67.0
cybersecurity_agent_all_models_20260912,cybersecurity,cybersecurity-agent-v1,pi,llama4:16x17b,bf31604e25c25d964e250bcf28a82bfbdbe88af5f236257fabb27629bb24c7f3,cyber_exploit_toy_poc,Build a constrained proof of concept for a toy service,ok,fail,0,1,19.336,20260912_112636,65.0
cybersecurity_agent_all_models_20260912,cybersecurity,cybersecurity-agent-v1,pi,llama4:16x17b,bf31604e25c25d964e250bcf28a82bfbdbe88af5f236257fabb27629bb24c7f3,cyber_foundations_architecture,Reason about a segmented enterprise architecture,ok,fail,1,4,48.141,20260912_112636,73.0
cybersecurity_agent_all_models_20260912,cybersecurity,cybersecurity-agent-v1,pi,llama4:16x17b,bf31604e25c25d964e250bcf28a82bfbdbe88af5f236257fabb27629bb24c7f3,cyber_governance_risk_prioritization,Prioritize cyber risk and response outcomes,ok,fail,1,7,62.887,20260912_112636,68.0
cybersecurity_agent_all_models_20260912,cybersecurity,cybersecurity-agent-v1,pi,llama4:16x17b,bf31604e25c25d964e250bcf28a82bfbdbe88af5f236257fabb27629bb24c7f3,cyber_incident_timeline,Reconstruct an incident timeline and response plan,ok,fail,5,8,42.334,20260912_112636,69.0
cybersecurity_agent_all_models_20260912,cybersecurity,cybersecurity-agent-v1,pi,llama4:16x17b,bf31604e25c25d964e250bcf28a82bfbdbe88af5f236257fabb27629bb24c7f3,cyber_llm_prompt_injection,Harden an agent against indirect prompt injection,ok,fail,1,7,36.349,20260912_112636,69.0
cybersecurity_agent_all_models_20260912,cybersecurity,cybersecurity-agent-v1,pi,llama4:16x17b,bf31604e25c25d964e250bcf28a82bfbdbe88af5f236257fabb27629bb24c7f3,cyber_llm_tool_rag_security,Secure tool use and RAG against poisoning and exfiltration,ok,fail,0,1,61.664,20260912_112636,70.0
cybersecurity_agent_all_models_20260912,cybersecurity,cybersecurity-agent-v1,pi,llama4:16x17b,bf31604e25c25d964e250bcf28a82bfbdbe88af5f236257fabb27629bb24c7f3,cyber_malware_static_analysis,Classify a harmless synthetic malware specimen,ok,fail,1,6,43.736,20260912_112636,67.0
cybersecurity_agent_all_models_20260912,cybersecurity,cybersecurity-agent-v1,pi,llama4:16x17b,bf31604e25c25d964e250bcf28a82bfbdbe88af5f236257fabb27629bb24c7f3,cyber_pentest_attack_path,Plan and validate an authorized lab attack path,ok,pass,6,6,61.48,20260912_112636,67.0
cybersecurity_agent_all_models_20260912,cybersecurity,cybersecurity-agent-v1,pi,llama4:16x17b,bf31604e25c25d964e250bcf28a82bfbdbe88af5f236257fabb27629bb24c7f3,cyber_sentinel_kql_detection,Write a Microsoft Sentinel KQL analytic,ok,fail,0,1,49.058,20260912_112636,70.0
cybersecurity_agent_all_models_20260912,cybersecurity,cybersecurity-agent-v1,pi,llama4:16x17b,bf31604e25c25d964e250bcf28a82bfbdbe88af5f236257fabb27629bb24c7f3,cyber_sigma_detection,Author a portable Sigma detection,ok,fail,0,1,30.332,20260912_112636,66.0
cybersecurity_agent_all_models_20260912,cybersecurity,cybersecurity-agent-v1,pi,llama4:16x17b,bf31604e25c25d964e250bcf28a82bfbdbe88af5f236257fabb27629bb24c7f3,cyber_soc_alert_triage,Triage a noisy alert bundle,ok,fail,2,6,47.821,20260912_112636,71.0
cybersecurity_agent_all_models_20260912,cybersecurity,cybersecurity-agent-v1,pi,llama4:16x17b,bf31604e25c25d964e250bcf28a82bfbdbe88af5f236257fabb27629bb24c7f3,cyber_spl_detection,Write a Splunk SPL detection and triage query,ok,fail,0,1,47.503,20260912_112636,66.0
cybersecurity_agent_all_models_20260912,cybersecurity,cybersecurity-agent-v1,pi,llama4:16x17b,bf31604e25c25d964e250bcf28a82bfbdbe88af5f236257fabb27629bb24c7f3,cyber_threat_report_synthesis,Synthesize actionable intelligence from mixed-confidence reporting,ok,fail,0,1,87.202,20260912_112636,71.0
cybersecurity_agent_all_models_20260912,cybersecurity,cybersecurity-agent-v1,pi,llama4:16x17b,bf31604e25c25d964e250bcf28a82bfbdbe88af5f236257fabb27629bb24c7f3,cyber_vulnerability_cvss_triage,Triage vulnerabilities using CVSS v4 and exposure context,ok,fail,0,1,94.193,20260912_112636,68.0
cybersecurity_agent_all_models_20260912,cybersecurity,cybersecurity-agent-v1,pi,muse-glimmer:30b-q4_K_M-dflash,da643f4663abaffc3433eea46aced77fbc5859189fcc79dcfca01c24aafdecd8,cyber_advanced_protocol_reasoning,Diagnose advanced protocol and cryptographic failures,ok,fail,2,5,174.125,20260912_112636,80.0
cybersecurity_agent_all_models_20260912,cybersecurity,cybersecurity-agent-v1,pi,muse-glimmer:30b-q4_K_M-dflash,da643f4663abaffc3433eea46aced77fbc5859189fcc79dcfca01c24aafdecd8,cyber_api_bola_remediation,Remediate broken object-level authorization,ok,fail,6,7,222.031,20260912_112636,84.0
cybersecurity_agent_all_models_20260912,cybersecurity,cybersecurity-agent-v1,pi,muse-glimmer:30b-q4_K_M-dflash,da643f4663abaffc3433eea46aced77fbc5859189fcc79dcfca01c24aafdecd8,cyber_appsec_code_review,Perform a CWE-grounded application security review,ok,pass,7,7,96.558,20260912_112636,82.0
cybersecurity_agent_all_models_20260912,cybersecurity,cybersecurity-agent-v1,pi,muse-glimmer:30b-q4_K_M-dflash,da643f4663abaffc3433eea46aced77fbc5859189fcc79dcfca01c24aafdecd8,cyber_appsec_secure_patch,Patch an injection-prone local utility,ok,fail,6,7,231.522,20260912_112636,81.0
cybersecurity_agent_all_models_20260912,cybersecurity,cybersecurity-agent-v1,pi,muse-glimmer:30b-q4_K_M-dflash,da643f4663abaffc3433eea46aced77fbc5859189fcc79dcfca01c24aafdecd8,cyber_chronicle_yaral_detection,Write a Google SecOps YARA-L 2.0 correlation rule,ok,pass,13,13,281.65,20260912_112636,83.0
cybersecurity_agent_all_models_20260912,cybersecurity,cybersecurity-agent-v1,pi,muse-glimmer:30b-q4_K_M-dflash,da643f4663abaffc3433eea46aced77fbc5859189fcc79dcfca01c24aafdecd8,cyber_cloud_kubernetes_hardening,Harden cloud IAM and a Kubernetes workload,ok,fail,12,13,147.054,20260912_112636,79.0
cybersecurity_agent_all_models_20260912,cybersecurity,cybersecurity-agent-v1,pi,muse-glimmer:30b-q4_K_M-dflash,da643f4663abaffc3433eea46aced77fbc5859189fcc79dcfca01c24aafdecd8,cyber_ctf_multidiscipline,Solve a compact multidisciplinary CTF set,ok,pass,6,6,120.415,20260912_112636,78.0
cybersecurity_agent_all_models_20260912,cybersecurity,cybersecurity-agent-v1,pi,muse-glimmer:30b-q4_K_M-dflash,da643f4663abaffc3433eea46aced77fbc5859189fcc79dcfca01c24aafdecd8,cyber_cti_attack_mapping,Map observed behaviors to MITRE ATT&CK,ok,fail,2,5,203.446,20260912_112636,78.0
cybersecurity_agent_all_models_20260912,cybersecurity,cybersecurity-agent-v1,pi,muse-glimmer:30b-q4_K_M-dflash,da643f4663abaffc3433eea46aced77fbc5859189fcc79dcfca01c24aafdecd8,cyber_elastic_esql_detection,Write an Elastic ES|QL behavioral detection,ok,fail,10,11,167.169,20260912_112636,84.0
cybersecurity_agent_all_models_20260912,cybersecurity,cybersecurity-agent-v1,pi,muse-glimmer:30b-q4_K_M-dflash,da643f4663abaffc3433eea46aced77fbc5859189fcc79dcfca01c24aafdecd8,cyber_exploit_crash_analysis,Analyze exploitability of a synthetic native crash,ok,fail,5,6,194.526,20260912_112636,82.0
cybersecurity_agent_all_models_20260912,cybersecurity,cybersecurity-agent-v1,pi,muse-glimmer:30b-q4_K_M-dflash,da643f4663abaffc3433eea46aced77fbc5859189fcc79dcfca01c24aafdecd8,cyber_exploit_toy_poc,Build a constrained proof of concept for a toy service,ok,pass,11,11,98.848,20260912_112636,78.0
cybersecurity_agent_all_models_20260912,cybersecurity,cybersecurity-agent-v1,pi,muse-glimmer:30b-q4_K_M-dflash,da643f4663abaffc3433eea46aced77fbc5859189fcc79dcfca01c24aafdecd8,cyber_foundations_architecture,Reason about a segmented enterprise architecture,ok,fail,1,4,340.373,20260912_112636,82.0
cybersecurity_agent_all_models_20260912,cybersecurity,cybersecurity-agent-v1,pi,muse-glimmer:30b-q4_K_M-dflash,da643f4663abaffc3433eea46aced77fbc5859189fcc79dcfca01c24aafdecd8,cyber_governance_risk_prioritization,Prioritize cyber risk and response outcomes,ok,fail,6,7,133.812,20260912_112636,77.0
cybersecurity_agent_all_models_20260912,cybersecurity,cybersecurity-agent-v1,pi,muse-glimmer:30b-q4_K_M-dflash,da643f4663abaffc3433eea46aced77fbc5859189fcc79dcfca01c24aafdecd8,cyber_incident_timeline,Reconstruct an incident timeline and response plan,ok,pass,8,8,112.553,20260912_112636,80.0
cybersecurity_agent_all_models_20260912,cybersecurity,cybersecurity-agent-v1,pi,muse-glimmer:30b-q4_K_M-dflash,da643f4663abaffc3433eea46aced77fbc5859189fcc79dcfca01c24aafdecd8,cyber_llm_prompt_injection,Harden an agent against indirect prompt injection,ok,fail,2,7,106.727,20260912_112636,82.0
cybersecurity_agent_all_models_20260912,cybersecurity,cybersecurity-agent-v1,pi,muse-glimmer:30b-q4_K_M-dflash,da643f4663abaffc3433eea46aced77fbc5859189fcc79dcfca01c24aafdecd8,cyber_llm_tool_rag_security,Secure tool use and RAG against poisoning and exfiltration,ok,fail,6,8,110.808,20260912_112636,84.0
cybersecurity_agent_all_models_20260912,cybersecurity,cybersecurity-agent-v1,pi,muse-glimmer:30b-q4_K_M-dflash,da643f4663abaffc3433eea46aced77fbc5859189fcc79dcfca01c24aafdecd8,cyber_malware_static_analysis,Classify a harmless synthetic malware specimen,ok,pass,6,6,116.358,20260912_112636,84.0
cybersecurity_agent_all_models_20260912,cybersecurity,cybersecurity-agent-v1,pi,muse-glimmer:30b-q4_K_M-dflash,da643f4663abaffc3433eea46aced77fbc5859189fcc79dcfca01c24aafdecd8,cyber_pentest_attack_path,Plan and validate an authorized lab attack path,ok,pass,6,6,109.157,20260912_112636,84.0
cybersecurity_agent_all_models_20260912,cybersecurity,cybersecurity-agent-v1,pi,muse-glimmer:30b-q4_K_M-dflash,da643f4663abaffc3433eea46aced77fbc5859189fcc79dcfca01c24aafdecd8,cyber_sentinel_kql_detection,Write a Microsoft Sentinel KQL analytic,ok,fail,9,10,265.422,20260912_112636,84.0
cybersecurity_agent_all_models_20260912,cybersecurity,cybersecurity-agent-v1,pi,muse-glimmer:30b-q4_K_M-dflash,da643f4663abaffc3433eea46aced77fbc5859189fcc79dcfca01c24aafdecd8,cyber_sigma_detection,Author a portable Sigma detection,ok,pass,10,10,123.74,20260912_112636,81.0
cybersecurity_agent_all_models_20260912,cybersecurity,cybersecurity-agent-v1,pi,muse-glimmer:30b-q4_K_M-dflash,da643f4663abaffc3433eea46aced77fbc5859189fcc79dcfca01c24aafdecd8,cyber_soc_alert_triage,Triage a noisy alert bundle,ok,fail,5,6,97.308,20260912_112636,82.0
cybersecurity_agent_all_models_20260912,cybersecurity,cybersecurity-agent-v1,pi,muse-glimmer:30b-q4_K_M-dflash,da643f4663abaffc3433eea46aced77fbc5859189fcc79dcfca01c24aafdecd8,cyber_spl_detection,Write a Splunk SPL detection and triage query,ok,fail,8,9,266.57,20260912_112636,84.0
cybersecurity_agent_all_models_20260912,cybersecurity,cybersecurity-agent-v1,pi,muse-glimmer:30b-q4_K_M-dflash,da643f4663abaffc3433eea46aced77fbc5859189fcc79dcfca01c24aafdecd8,cyber_threat_report_synthesis,Synthesize actionable intelligence from mixed-confidence reporting,ok,fail,7,8,134.448,20260912_112636,78.0
cybersecurity_agent_all_models_20260912,cybersecurity,cybersecurity-agent-v1,pi,muse-glimmer:30b-q4_K_M-dflash,da643f4663abaffc3433eea46aced77fbc5859189fcc79dcfca01c24aafdecd8,cyber_vulnerability_cvss_triage,Triage vulnerabilities using CVSS v4 and exposure context,ok,fail,3,6,218.866,20260912_112636,82.0
cybersecurity_agent_all_models_20260912,cybersecurity,cybersecurity-agent-v1,pi,nemotron-3-super:120b,95acc78b3ffdf21e34b4182a08e1b06c49b5966b6821ccabd359f0ece770aa8d,cyber_advanced_protocol_reasoning,Diagnose advanced protocol and cryptographic failures,ok,fail,1,5,82.71,20260912_112636,73.0
cybersecurity_agent_all_models_20260912,cybersecurity,cybersecurity-agent-v1,pi,nemotron-3-super:120b,95acc78b3ffdf21e34b4182a08e1b06c49b5966b6821ccabd359f0ece770aa8d,cyber_api_bola_remediation,Remediate broken object-level authorization,ok,fail,6,7,224.734,20260912_112636,74.0
cybersecurity_agent_all_models_20260912,cybersecurity,cybersecurity-agent-v1,pi,nemotron-3-super:120b,95acc78b3ffdf21e34b4182a08e1b06c49b5966b6821ccabd359f0ece770aa8d,cyber_appsec_code_review,Perform a CWE-grounded application security review,ok,pass,7,7,195.811,20260912_112636,74.0
cybersecurity_agent_all_models_20260912,cybersecurity,cybersecurity-agent-v1,pi,nemotron-3-super:120b,95acc78b3ffdf21e34b4182a08e1b06c49b5966b6821ccabd359f0ece770aa8d,cyber_appsec_secure_patch,Patch an injection-prone local utility,ok,fail,0,1,29.785,20260912_112636,69.0
cybersecurity_agent_all_models_20260912,cybersecurity,cybersecurity-agent-v1,pi,nemotron-3-super:120b,95acc78b3ffdf21e34b4182a08e1b06c49b5966b6821ccabd359f0ece770aa8d,cyber_chronicle_yaral_detection,Write a Google SecOps YARA-L 2.0 correlation rule,ok,pass,13,13,489.115,20260912_112636,74.0
cybersecurity_agent_all_models_20260912,cybersecurity,cybersecurity-agent-v1,pi,nemotron-3-super:120b,95acc78b3ffdf21e34b4182a08e1b06c49b5966b6821ccabd359f0ece770aa8d,cyber_cloud_kubernetes_hardening,Harden cloud IAM and a Kubernetes workload,ok,pass,13,13,135.353,20260912_112636,72.0
cybersecurity_agent_all_models_20260912,cybersecurity,cybersecurity-agent-v1,pi,nemotron-3-super:120b,95acc78b3ffdf21e34b4182a08e1b06c49b5966b6821ccabd359f0ece770aa8d,cyber_ctf_multidiscipline,Solve a compact multidisciplinary CTF set,ok,pass,6,6,386.973,20260912_112636,75.0
cybersecurity_agent_all_models_20260912,cybersecurity,cybersecurity-agent-v1,pi,nemotron-3-super:120b,95acc78b3ffdf21e34b4182a08e1b06c49b5966b6821ccabd359f0ece770aa8d,cyber_cti_attack_mapping,Map observed behaviors to MITRE ATT&CK,ok,fail,4,5,95.701,20260912_112636,73.0
cybersecurity_agent_all_models_20260912,cybersecurity,cybersecurity-agent-v1,pi,nemotron-3-super:120b,95acc78b3ffdf21e34b4182a08e1b06c49b5966b6821ccabd359f0ece770aa8d,cyber_elastic_esql_detection,Write an Elastic ES|QL behavioral detection,ok,pass,11,11,118.906,20260912_112636,73.0
cybersecurity_agent_all_models_20260912,cybersecurity,cybersecurity-agent-v1,pi,nemotron-3-super:120b,95acc78b3ffdf21e34b4182a08e1b06c49b5966b6821ccabd359f0ece770aa8d,cyber_exploit_crash_analysis,Analyze exploitability of a synthetic native crash,ok,fail,5,6,198.382,20260912_112636,75.0
cybersecurity_agent_all_models_20260912,cybersecurity,cybersecurity-agent-v1,pi,nemotron-3-super:120b,95acc78b3ffdf21e34b4182a08e1b06c49b5966b6821ccabd359f0ece770aa8d,cyber_exploit_toy_poc,Build a constrained proof of concept for a toy service,ok,pass,11,11,129.395,20260912_112636,74.0
cybersecurity_agent_all_models_20260912,cybersecurity,cybersecurity-agent-v1,pi,nemotron-3-super:120b,95acc78b3ffdf21e34b4182a08e1b06c49b5966b6821ccabd359f0ece770aa8d,cyber_foundations_architecture,Reason about a segmented enterprise architecture,ok,fail,1,4,305.181,20260912_112636,76.0
cybersecurity_agent_all_models_20260912,cybersecurity,cybersecurity-agent-v1,pi,nemotron-3-super:120b,95acc78b3ffdf21e34b4182a08e1b06c49b5966b6821ccabd359f0ece770aa8d,cyber_governance_risk_prioritization,Prioritize cyber risk and response outcomes,ok,pass,7,7,120.28,20260912_112636,74.0
cybersecurity_agent_all_models_20260912,cybersecurity,cybersecurity-agent-v1,pi,nemotron-3-super:120b,95acc78b3ffdf21e34b4182a08e1b06c49b5966b6821ccabd359f0ece770aa8d,cyber_incident_timeline,Reconstruct an incident timeline and response plan,ok,fail,6,8,102.491,20260912_112636,74.0
cybersecurity_agent_all_models_20260912,cybersecurity,cybersecurity-agent-v1,pi,nemotron-3-super:120b,95acc78b3ffdf21e34b4182a08e1b06c49b5966b6821ccabd359f0ece770aa8d,cyber_llm_prompt_injection,Harden an agent against indirect prompt injection,ok,fail,2,7,64.302,20260912_112636,72.0
cybersecurity_agent_all_models_20260912,cybersecurity,cybersecurity-agent-v1,pi,nemotron-3-super:120b,95acc78b3ffdf21e34b4182a08e1b06c49b5966b6821ccabd359f0ece770aa8d,cyber_llm_tool_rag_security,Secure tool use and RAG against poisoning and exfiltration,ok,fail,7,8,188.892,20260912_112636,74.0
cybersecurity_agent_all_models_20260912,cybersecurity,cybersecurity-agent-v1,pi,nemotron-3-super:120b,95acc78b3ffdf21e34b4182a08e1b06c49b5966b6821ccabd359f0ece770aa8d,cyber_malware_static_analysis,Classify a harmless synthetic malware specimen,ok,fail,0,1,1477.265,20260912_112636,77.0
cybersecurity_agent_all_models_20260912,cybersecurity,cybersecurity-agent-v1,pi,nemotron-3-super:120b,95acc78b3ffdf21e34b4182a08e1b06c49b5966b6821ccabd359f0ece770aa8d,cyber_pentest_attack_path,Plan and validate an authorized lab attack path,ok,pass,6,6,90.554,20260912_112636,73.0
cybersecurity_agent_all_models_20260912,cybersecurity,cybersecurity-agent-v1,pi,nemotron-3-super:120b,95acc78b3ffdf21e34b4182a08e1b06c49b5966b6821ccabd359f0ece770aa8d,cyber_sentinel_kql_detection,Write a Microsoft Sentinel KQL analytic,ok,pass,10,10,417.397,20260912_112636,75.0
cybersecurity_agent_all_models_20260912,cybersecurity,cybersecurity-agent-v1,pi,nemotron-3-super:120b,95acc78b3ffdf21e34b4182a08e1b06c49b5966b6821ccabd359f0ece770aa8d,cyber_sigma_detection,Author a portable Sigma detection,ok,pass,10,10,116.58,20260912_112636,73.0
cybersecurity_agent_all_models_20260912,cybersecurity,cybersecurity-agent-v1,pi,nemotron-3-super:120b,95acc78b3ffdf21e34b4182a08e1b06c49b5966b6821ccabd359f0ece770aa8d,cyber_soc_alert_triage,Triage a noisy alert bundle,ok,fail,5,6,103.814,20260912_112636,72.0
cybersecurity_agent_all_models_20260912,cybersecurity,cybersecurity-agent-v1,pi,nemotron-3-super:120b,95acc78b3ffdf21e34b4182a08e1b06c49b5966b6821ccabd359f0ece770aa8d,cyber_spl_detection,Write a Splunk SPL detection and triage query,ok,fail,8,9,302.116,20260912_112636,75.0
cybersecurity_agent_all_models_20260912,cybersecurity,cybersecurity-agent-v1,pi,nemotron-3-super:120b,95acc78b3ffdf21e34b4182a08e1b06c49b5966b6821ccabd359f0ece770aa8d,cyber_threat_report_synthesis,Synthesize actionable intelligence from mixed-confidence reporting,ok,fail,5,8,203.34,20260912_112636,74.0
cybersecurity_agent_all_models_20260912,cybersecurity,cybersecurity-agent-v1,pi,nemotron-3-super:120b,95acc78b3ffdf21e34b4182a08e1b06c49b5966b6821ccabd359f0ece770aa8d,cyber_vulnerability_cvss_triage,Triage vulnerabilities using CVSS v4 and exposure context,ok,fail,4,6,206.591,20260912_112636,74.0
cybersecurity_agent_all_models_20260912,cybersecurity,cybersecurity-agent-v1,pi,nemotron-3.5-lightning:latest,e7a64ff15fb174c42b4f463e5c888c4f2c7b9cabf9e8d65a1c0874405426c1b2,cyber_advanced_protocol_reasoning,Diagnose advanced protocol and cryptographic failures,ok,fail,1,5,29.719,20260912_112636,70.0
cybersecurity_agent_all_models_20260912,cybersecurity,cybersecurity-agent-v1,pi,nemotron-3.5-lightning:latest,e7a64ff15fb174c42b4f463e5c888c4f2c7b9cabf9e8d65a1c0874405426c1b2,cyber_api_bola_remediation,Remediate broken object-level authorization,ok,fail,6,7,60.872,20260912_112636,70.0
cybersecurity_agent_all_models_20260912,cybersecurity,cybersecurity-agent-v1,pi,nemotron-3.5-lightning:latest,e7a64ff15fb174c42b4f463e5c888c4f2c7b9cabf9e8d65a1c0874405426c1b2,cyber_appsec_code_review,Perform a CWE-grounded application security review,ok,pass,7,7,29.576,20260912_112636,67.0
cybersecurity_agent_all_models_20260912,cybersecurity,cybersecurity-agent-v1,pi,nemotron-3.5-lightning:latest,e7a64ff15fb174c42b4f463e5c888c4f2c7b9cabf9e8d65a1c0874405426c1b2,cyber_appsec_secure_patch,Patch an injection-prone local utility,ok,fail,6,7,96.498,20260912_112636,71.0
cybersecurity_agent_all_models_20260912,cybersecurity,cybersecurity-agent-v1,pi,nemotron-3.5-lightning:latest,e7a64ff15fb174c42b4f463e5c888c4f2c7b9cabf9e8d65a1c0874405426c1b2,cyber_chronicle_yaral_detection,Write a Google SecOps YARA-L 2.0 correlation rule,ok,pass,13,13,29.914,20260912_112636,68.0
cybersecurity_agent_all_models_20260912,cybersecurity,cybersecurity-agent-v1,pi,nemotron-3.5-lightning:latest,e7a64ff15fb174c42b4f463e5c888c4f2c7b9cabf9e8d65a1c0874405426c1b2,cyber_cloud_kubernetes_hardening,Harden cloud IAM and a Kubernetes workload,ok,fail,12,13,31.881,20260912_112636,67.0
cybersecurity_agent_all_models_20260912,cybersecurity,cybersecurity-agent-v1,pi,nemotron-3.5-lightning:latest,e7a64ff15fb174c42b4f463e5c888c4f2c7b9cabf9e8d65a1c0874405426c1b2,cyber_ctf_multidiscipline,Solve a compact multidisciplinary CTF set,ok,pass,6,6,47.193,20260912_112636,68.0
cybersecurity_agent_all_models_20260912,cybersecurity,cybersecurity-agent-v1,pi,nemotron-3.5-lightning:latest,e7a64ff15fb174c42b4f463e5c888c4f2c7b9cabf9e8d65a1c0874405426c1b2,cyber_cti_attack_mapping,Map observed behaviors to MITRE ATT&CK,ok,fail,3,5,44.14,20260912_112636,69.0
cybersecurity_agent_all_models_20260912,cybersecurity,cybersecurity-agent-v1,pi,nemotron-3.5-lightning:latest,e7a64ff15fb174c42b4f463e5c888c4f2c7b9cabf9e8d65a1c0874405426c1b2,cyber_elastic_esql_detection,Write an Elastic ES|QL behavioral detection,ok,fail,9,11,26.906,20260912_112636,68.0
cybersecurity_agent_all_models_20260912,cybersecurity,cybersecurity-agent-v1,pi,nemotron-3.5-lightning:latest,e7a64ff15fb174c42b4f463e5c888c4f2c7b9cabf9e8d65a1c0874405426c1b2,cyber_exploit_crash_analysis,Analyze exploitability of a synthetic native crash,ok,fail,5,6,55.43,20260912_112636,71.0
cybersecurity_agent_all_models_20260912,cybersecurity,cybersecurity-agent-v1,pi,nemotron-3.5-lightning:latest,e7a64ff15fb174c42b4f463e5c888c4f2c7b9cabf9e8d65a1c0874405426c1b2,cyber_exploit_toy_poc,Build a constrained proof of concept for a toy service,ok,fail,10,11,37.441,20260912_112636,69.0
cybersecurity_agent_all_models_20260912,cybersecurity,cybersecurity-agent-v1,pi,nemotron-3.5-lightning:latest,e7a64ff15fb174c42b4f463e5c888c4f2c7b9cabf9e8d65a1c0874405426c1b2,cyber_foundations_architecture,Reason about a segmented enterprise architecture,ok,fail,1,4,36.801,20260912_112636,70.0
cybersecurity_agent_all_models_20260912,cybersecurity,cybersecurity-agent-v1,pi,nemotron-3.5-lightning:latest,e7a64ff15fb174c42b4f463e5c888c4f2c7b9cabf9e8d65a1c0874405426c1b2,cyber_governance_risk_prioritization,Prioritize cyber risk and response outcomes,ok,pass,7,7,40.07,20260912_112636,68.0
cybersecurity_agent_all_models_20260912,cybersecurity,cybersecurity-agent-v1,pi,nemotron-3.5-lightning:latest,e7a64ff15fb174c42b4f463e5c888c4f2c7b9cabf9e8d65a1c0874405426c1b2,cyber_incident_timeline,Reconstruct an incident timeline and response plan,ok,fail,7,8,33.99,20260912_112636,65.0
cybersecurity_agent_all_models_20260912,cybersecurity,cybersecurity-agent-v1,pi,nemotron-3.5-lightning:latest,e7a64ff15fb174c42b4f463e5c888c4f2c7b9cabf9e8d65a1c0874405426c1b2,cyber_llm_prompt_injection,Harden an agent against indirect prompt injection,ok,fail,2,7,32.955,20260912_112636,66.0
cybersecurity_agent_all_models_20260912,cybersecurity,cybersecurity-agent-v1,pi,nemotron-3.5-lightning:latest,e7a64ff15fb174c42b4f463e5c888c4f2c7b9cabf9e8d65a1c0874405426c1b2,cyber_llm_tool_rag_security,Secure tool use and RAG against poisoning and exfiltration,ok,fail,0,1,33.415,20260912_112636,69.0
cybersecurity_agent_all_models_20260912,cybersecurity,cybersecurity-agent-v1,pi,nemotron-3.5-lightning:latest,e7a64ff15fb174c42b4f463e5c888c4f2c7b9cabf9e8d65a1c0874405426c1b2,cyber_malware_static_analysis,Classify a harmless synthetic malware specimen,ok,fail,4,6,36.647,20260912_112636,66.0
cybersecurity_agent_all_models_20260912,cybersecurity,cybersecurity-agent-v1,pi,nemotron-3.5-lightning:latest,e7a64ff15fb174c42b4f463e5c888c4f2c7b9cabf9e8d65a1c0874405426c1b2,cyber_pentest_attack_path,Plan and validate an authorized lab attack path,ok,pass,6,6,30.06,20260912_112636,69.0
cybersecurity_agent_all_models_20260912,cybersecurity,cybersecurity-agent-v1,pi,nemotron-3.5-lightning:latest,e7a64ff15fb174c42b4f463e5c888c4f2c7b9cabf9e8d65a1c0874405426c1b2,cyber_sentinel_kql_detection,Write a Microsoft Sentinel KQL analytic,ok,pass,10,10,52.606,20260912_112636,69.0
cybersecurity_agent_all_models_20260912,cybersecurity,cybersecurity-agent-v1,pi,nemotron-3.5-lightning:latest,e7a64ff15fb174c42b4f463e5c888c4f2c7b9cabf9e8d65a1c0874405426c1b2,cyber_sigma_detection,Author a portable Sigma detection,ok,pass,10,10,35.945,20260912_112636,68.0
cybersecurity_agent_all_models_20260912,cybersecurity,cybersecurity-agent-v1,pi,nemotron-3.5-lightning:latest,e7a64ff15fb174c42b4f463e5c888c4f2c7b9cabf9e8d65a1c0874405426c1b2,cyber_soc_alert_triage,Triage a noisy alert bundle,ok,pass,6,6,31.471,20260912_112636,68.0
cybersecurity_agent_all_models_20260912,cybersecurity,cybersecurity-agent-v1,pi,nemotron-3.5-lightning:latest,e7a64ff15fb174c42b4f463e5c888c4f2c7b9cabf9e8d65a1c0874405426c1b2,cyber_spl_detection,Write a Splunk SPL detection and triage query,ok,fail,6,9,36.86,20260912_112636,68.0
cybersecurity_agent_all_models_20260912,cybersecurity,cybersecurity-agent-v1,pi,nemotron-3.5-lightning:latest,e7a64ff15fb174c42b4f463e5c888c4f2c7b9cabf9e8d65a1c0874405426c1b2,cyber_threat_report_synthesis,Synthesize actionable intelligence from mixed-confidence reporting,ok,fail,4,8,33.876,20260912_112636,69.0
cybersecurity_agent_all_models_20260912,cybersecurity,cybersecurity-agent-v1,pi,nemotron-3.5-lightning:latest,e7a64ff15fb174c42b4f463e5c888c4f2c7b9cabf9e8d65a1c0874405426c1b2,cyber_vulnerability_cvss_triage,Triage vulnerabilities using CVSS v4 and exposure context,ok,fail,3,6,46.927,20260912_112636,70.0
cybersecurity_agent_all_models_20260912,cybersecurity,cybersecurity-agent-v1,pi,ornith:35b,5a470e0f652cac9b5a375fd58d67831d48be07a1cc4ed3f7250ca4875b3226d8,cyber_advanced_protocol_reasoning,Diagnose advanced protocol and cryptographic failures,ok,fail,2,5,45.434,20260912_112636,70.0
cybersecurity_agent_all_models_20260912,cybersecurity,cybersecurity-agent-v1,pi,ornith:35b,5a470e0f652cac9b5a375fd58d67831d48be07a1cc4ed3f7250ca4875b3226d8,cyber_api_bola_remediation,Remediate broken object-level authorization,ok,grader_error,0,0,56.952,20260912_112636,74.0
cybersecurity_agent_all_models_20260912,cybersecurity,cybersecurity-agent-v1,pi,ornith:35b,5a470e0f652cac9b5a375fd58d67831d48be07a1cc4ed3f7250ca4875b3226d8,cyber_appsec_code_review,Perform a CWE-grounded application security review,ok,pass,7,7,25.55,20260912_112636,72.0
cybersecurity_agent_all_models_20260912,cybersecurity,cybersecurity-agent-v1,pi,ornith:35b,5a470e0f652cac9b5a375fd58d67831d48be07a1cc4ed3f7250ca4875b3226d8,cyber_appsec_secure_patch,Patch an injection-prone local utility,ok,fail,6,7,89.477,20260912_112636,76.0
cybersecurity_agent_all_models_20260912,cybersecurity,cybersecurity-agent-v1,pi,ornith:35b,5a470e0f652cac9b5a375fd58d67831d48be07a1cc4ed3f7250ca4875b3226d8,cyber_chronicle_yaral_detection,Write a Google SecOps YARA-L 2.0 correlation rule,ok,fail,12,13,64.047,20260912_112636,75.0
cybersecurity_agent_all_models_20260912,cybersecurity,cybersecurity-agent-v1,pi,ornith:35b,5a470e0f652cac9b5a375fd58d67831d48be07a1cc4ed3f7250ca4875b3226d8,cyber_cloud_kubernetes_hardening,Harden cloud IAM and a Kubernetes workload,ok,pass,13,13,28.202,20260912_112636,72.0
cybersecurity_agent_all_models_20260912,cybersecurity,cybersecurity-agent-v1,pi,ornith:35b,5a470e0f652cac9b5a375fd58d67831d48be07a1cc4ed3f7250ca4875b3226d8,cyber_ctf_multidiscipline,Solve a compact multidisciplinary CTF set,ok,pass,6,6,230.067,20260912_112636,79.0
cybersecurity_agent_all_models_20260912,cybersecurity,cybersecurity-agent-v1,pi,ornith:35b,5a470e0f652cac9b5a375fd58d67831d48be07a1cc4ed3f7250ca4875b3226d8,cyber_cti_attack_mapping,Map observed behaviors to MITRE ATT&CK,ok,pass,5,5,22.527,20260912_112636,68.0
cybersecurity_agent_all_models_20260912,cybersecurity,cybersecurity-agent-v1,pi,ornith:35b,5a470e0f652cac9b5a375fd58d67831d48be07a1cc4ed3f7250ca4875b3226d8,cyber_elastic_esql_detection,Write an Elastic ES|QL behavioral detection,ok,fail,10,11,30.304,20260912_112636,71.0
cybersecurity_agent_all_models_20260912,cybersecurity,cybersecurity-agent-v1,pi,ornith:35b,5a470e0f652cac9b5a375fd58d67831d48be07a1cc4ed3f7250ca4875b3226d8,cyber_exploit_crash_analysis,Analyze exploitability of a synthetic native crash,ok,fail,5,6,32.249,20260912_112636,73.0
cybersecurity_agent_all_models_20260912,cybersecurity,cybersecurity-agent-v1,pi,ornith:35b,5a470e0f652cac9b5a375fd58d67831d48be07a1cc4ed3f7250ca4875b3226d8,cyber_exploit_toy_poc,Build a constrained proof of concept for a toy service,ok,pass,11,11,42.74,20260912_112636,73.0
cybersecurity_agent_all_models_20260912,cybersecurity,cybersecurity-agent-v1,pi,ornith:35b,5a470e0f652cac9b5a375fd58d67831d48be07a1cc4ed3f7250ca4875b3226d8,cyber_foundations_architecture,Reason about a segmented enterprise architecture,ok,fail,1,4,41.451,20260912_112636,68.0
cybersecurity_agent_all_models_20260912,cybersecurity,cybersecurity-agent-v1,pi,ornith:35b,5a470e0f652cac9b5a375fd58d67831d48be07a1cc4ed3f7250ca4875b3226d8,cyber_governance_risk_prioritization,Prioritize cyber risk and response outcomes,ok,pass,7,7,30.374,20260912_112636,69.0
cybersecurity_agent_all_models_20260912,cybersecurity,cybersecurity-agent-v1,pi,ornith:35b,5a470e0f652cac9b5a375fd58d67831d48be07a1cc4ed3f7250ca4875b3226d8,cyber_incident_timeline,Reconstruct an incident timeline and response plan,ok,pass,8,8,33.012,20260912_112636,72.0
cybersecurity_agent_all_models_20260912,cybersecurity,cybersecurity-agent-v1,pi,ornith:35b,5a470e0f652cac9b5a375fd58d67831d48be07a1cc4ed3f7250ca4875b3226d8,cyber_llm_prompt_injection,Harden an agent against indirect prompt injection,ok,fail,2,7,46.893,20260912_112636,76.0
cybersecurity_agent_all_models_20260912,cybersecurity,cybersecurity-agent-v1,pi,ornith:35b,5a470e0f652cac9b5a375fd58d67831d48be07a1cc4ed3f7250ca4875b3226d8,cyber_llm_tool_rag_security,Secure tool use and RAG against poisoning and exfiltration,ok,pass,8,8,28.707,20260912_112636,74.0
cybersecurity_agent_all_models_20260912,cybersecurity,cybersecurity-agent-v1,pi,ornith:35b,5a470e0f652cac9b5a375fd58d67831d48be07a1cc4ed3f7250ca4875b3226d8,cyber_malware_static_analysis,Classify a harmless synthetic malware specimen,ok,fail,5,6,45.858,20260912_112636,78.0
cybersecurity_agent_all_models_20260912,cybersecurity,cybersecurity-agent-v1,pi,ornith:35b,5a470e0f652cac9b5a375fd58d67831d48be07a1cc4ed3f7250ca4875b3226d8,cyber_pentest_attack_path,Plan and validate an authorized lab attack path,ok,fail,5,6,33.122,20260912_112636,72.0
cybersecurity_agent_all_models_20260912,cybersecurity,cybersecurity-agent-v1,pi,ornith:35b,5a470e0f652cac9b5a375fd58d67831d48be07a1cc4ed3f7250ca4875b3226d8,cyber_sentinel_kql_detection,Write a Microsoft Sentinel KQL analytic,ok,pass,10,10,46.538,20260912_112636,72.0
cybersecurity_agent_all_models_20260912,cybersecurity,cybersecurity-agent-v1,pi,ornith:35b,5a470e0f652cac9b5a375fd58d67831d48be07a1cc4ed3f7250ca4875b3226d8,cyber_sigma_detection,Author a portable Sigma detection,ok,fail,9,10,36.785,20260912_112636,76.0
cybersecurity_agent_all_models_20260912,cybersecurity,cybersecurity-agent-v1,pi,ornith:35b,5a470e0f652cac9b5a375fd58d67831d48be07a1cc4ed3f7250ca4875b3226d8,cyber_soc_alert_triage,Triage a noisy alert bundle,ok,fail,4,6,38.907,20260912_112636,76.0
cybersecurity_agent_all_models_20260912,cybersecurity,cybersecurity-agent-v1,pi,ornith:35b,5a470e0f652cac9b5a375fd58d67831d48be07a1cc4ed3f7250ca4875b3226d8,cyber_spl_detection,Write a Splunk SPL detection and triage query,ok,fail,8,9,22.39,20260912_112636,71.0
cybersecurity_agent_all_models_20260912,cybersecurity,cybersecurity-agent-v1,pi,ornith:35b,5a470e0f652cac9b5a375fd58d67831d48be07a1cc4ed3f7250ca4875b3226d8,cyber_threat_report_synthesis,Synthesize actionable intelligence from mixed-confidence reporting,ok,fail,7,8,32.51,20260912_112636,73.0
cybersecurity_agent_all_models_20260912,cybersecurity,cybersecurity-agent-v1,pi,ornith:35b,5a470e0f652cac9b5a375fd58d67831d48be07a1cc4ed3f7250ca4875b3226d8,cyber_vulnerability_cvss_triage,Triage vulnerabilities using CVSS v4 and exposure context,ok,fail,2,6,287.546,20260912_112636,74.0
cybersecurity_agent_all_models_20260912,cybersecurity,cybersecurity-agent-v1,pi,qwen3-coder-next:latest,ca06e9e4087c714d44355bf954099187890e63084b4a632b8e9956c4b9492074,cyber_advanced_protocol_reasoning,Diagnose advanced protocol and cryptographic failures,ok,fail,0,1,17.757,20260912_112636,68.0
cybersecurity_agent_all_models_20260912,cybersecurity,cybersecurity-agent-v1,pi,qwen3-coder-next:latest,ca06e9e4087c714d44355bf954099187890e63084b4a632b8e9956c4b9492074,cyber_api_bola_remediation,Remediate broken object-level authorization,ok,fail,6,7,40.056,20260912_112636,68.0
cybersecurity_agent_all_models_20260912,cybersecurity,cybersecurity-agent-v1,pi,qwen3-coder-next:latest,ca06e9e4087c714d44355bf954099187890e63084b4a632b8e9956c4b9492074,cyber_appsec_code_review,Perform a CWE-grounded application security review,ok,pass,7,7,21.585,20260912_112636,62.0
cybersecurity_agent_all_models_20260912,cybersecurity,cybersecurity-agent-v1,pi,qwen3-coder-next:latest,ca06e9e4087c714d44355bf954099187890e63084b4a632b8e9956c4b9492074,cyber_appsec_secure_patch,Patch an injection-prone local utility,ok,fail,5,7,71.188,20260912_112636,71.0
cybersecurity_agent_all_models_20260912,cybersecurity,cybersecurity-agent-v1,pi,qwen3-coder-next:latest,ca06e9e4087c714d44355bf954099187890e63084b4a632b8e9956c4b9492074,cyber_chronicle_yaral_detection,Write a Google SecOps YARA-L 2.0 correlation rule,ok,pass,13,13,21.515,20260912_112636,62.0
cybersecurity_agent_all_models_20260912,cybersecurity,cybersecurity-agent-v1,pi,qwen3-coder-next:latest,ca06e9e4087c714d44355bf954099187890e63084b4a632b8e9956c4b9492074,cyber_cloud_kubernetes_hardening,Harden cloud IAM and a Kubernetes workload,ok,pass,13,13,26.051,20260912_112636,65.0
cybersecurity_agent_all_models_20260912,cybersecurity,cybersecurity-agent-v1,pi,qwen3-coder-next:latest,ca06e9e4087c714d44355bf954099187890e63084b4a632b8e9956c4b9492074,cyber_ctf_multidiscipline,Solve a compact multidisciplinary CTF set,ok,pass,6,6,28.545,20260912_112636,64.0
cybersecurity_agent_all_models_20260912,cybersecurity,cybersecurity-agent-v1,pi,qwen3-coder-next:latest,ca06e9e4087c714d44355bf954099187890e63084b4a632b8e9956c4b9492074,cyber_cti_attack_mapping,Map observed behaviors to MITRE ATT&CK,ok,fail,4,5,22.97,20260912_112636,66.0
cybersecurity_agent_all_models_20260912,cybersecurity,cybersecurity-agent-v1,pi,qwen3-coder-next:latest,ca06e9e4087c714d44355bf954099187890e63084b4a632b8e9956c4b9492074,cyber_elastic_esql_detection,Write an Elastic ES|QL behavioral detection,ok,pass,11,11,19.55,20260912_112636,64.0
cybersecurity_agent_all_models_20260912,cybersecurity,cybersecurity-agent-v1,pi,qwen3-coder-next:latest,ca06e9e4087c714d44355bf954099187890e63084b4a632b8e9956c4b9492074,cyber_exploit_crash_analysis,Analyze exploitability of a synthetic native crash,ok,fail,5,6,21.392,20260912_112636,63.0
cybersecurity_agent_all_models_20260912,cybersecurity,cybersecurity-agent-v1,pi,qwen3-coder-next:latest,ca06e9e4087c714d44355bf954099187890e63084b4a632b8e9956c4b9492074,cyber_exploit_toy_poc,Build a constrained proof of concept for a toy service,ok,pass,11,11,24.924,20260912_112636,66.0
cybersecurity_agent_all_models_20260912,cybersecurity,cybersecurity-agent-v1,pi,qwen3-coder-next:latest,ca06e9e4087c714d44355bf954099187890e63084b4a632b8e9956c4b9492074,cyber_foundations_architecture,Reason about a segmented enterprise architecture,ok,fail,1,4,27.551,20260912_112636,72.0
cybersecurity_agent_all_models_20260912,cybersecurity,cybersecurity-agent-v1,pi,qwen3-coder-next:latest,ca06e9e4087c714d44355bf954099187890e63084b4a632b8e9956c4b9492074,cyber_governance_risk_prioritization,Prioritize cyber risk and response outcomes,ok,fail,6,7,19.731,20260912_112636,67.0
cybersecurity_agent_all_models_20260912,cybersecurity,cybersecurity-agent-v1,pi,qwen3-coder-next:latest,ca06e9e4087c714d44355bf954099187890e63084b4a632b8e9956c4b9492074,cyber_incident_timeline,Reconstruct an incident timeline and response plan,ok,fail,7,8,25.202,20260912_112636,63.0
cybersecurity_agent_all_models_20260912,cybersecurity,cybersecurity-agent-v1,pi,qwen3-coder-next:latest,ca06e9e4087c714d44355bf954099187890e63084b4a632b8e9956c4b9492074,cyber_llm_prompt_injection,Harden an agent against indirect prompt injection,ok,fail,0,1,21.736,20260912_112636,65.0
cybersecurity_agent_all_models_20260912,cybersecurity,cybersecurity-agent-v1,pi,qwen3-coder-next:latest,ca06e9e4087c714d44355bf954099187890e63084b4a632b8e9956c4b9492074,cyber_llm_tool_rag_security,Secure tool use and RAG against poisoning and exfiltration,ok,pass,8,8,26.229,20260912_112636,63.0
cybersecurity_agent_all_models_20260912,cybersecurity,cybersecurity-agent-v1,pi,qwen3-coder-next:latest,ca06e9e4087c714d44355bf954099187890e63084b4a632b8e9956c4b9492074,cyber_malware_static_analysis,Classify a harmless synthetic malware specimen,ok,pass,6,6,29.499,20260912_112636,65.0
cybersecurity_agent_all_models_20260912,cybersecurity,cybersecurity-agent-v1,pi,qwen3-coder-next:latest,ca06e9e4087c714d44355bf954099187890e63084b4a632b8e9956c4b9492074,cyber_pentest_attack_path,Plan and validate an authorized lab attack path,ok,pass,6,6,22.848,20260912_112636,66.0
cybersecurity_agent_all_models_20260912,cybersecurity,cybersecurity-agent-v1,pi,qwen3-coder-next:latest,ca06e9e4087c714d44355bf954099187890e63084b4a632b8e9956c4b9492074,cyber_sentinel_kql_detection,Write a Microsoft Sentinel KQL analytic,ok,pass,10,10,23.949,20260912_112636,62.0
cybersecurity_agent_all_models_20260912,cybersecurity,cybersecurity-agent-v1,pi,qwen3-coder-next:latest,ca06e9e4087c714d44355bf954099187890e63084b4a632b8e9956c4b9492074,cyber_sigma_detection,Author a portable Sigma detection,ok,pass,10,10,22.159,20260912_112636,64.0
cybersecurity_agent_all_models_20260912,cybersecurity,cybersecurity-agent-v1,pi,qwen3-coder-next:latest,ca06e9e4087c714d44355bf954099187890e63084b4a632b8e9956c4b9492074,cyber_soc_alert_triage,Triage a noisy alert bundle,ok,fail,5,6,22.579,20260912_112636,65.0
cybersecurity_agent_all_models_20260912,cybersecurity,cybersecurity-agent-v1,pi,qwen3-coder-next:latest,ca06e9e4087c714d44355bf954099187890e63084b4a632b8e9956c4b9492074,cyber_spl_detection,Write a Splunk SPL detection and triage query,ok,fail,6,9,18.32,20260912_112636,63.0
cybersecurity_agent_all_models_20260912,cybersecurity,cybersecurity-agent-v1,pi,qwen3-coder-next:latest,ca06e9e4087c714d44355bf954099187890e63084b4a632b8e9956c4b9492074,cyber_threat_report_synthesis,Synthesize actionable intelligence from mixed-confidence reporting,ok,fail,7,8,20.028,20260912_112636,69.0
cybersecurity_agent_all_models_20260912,cybersecurity,cybersecurity-agent-v1,pi,qwen3-coder-next:latest,ca06e9e4087c714d44355bf954099187890e63084b4a632b8e9956c4b9492074,cyber_vulnerability_cvss_triage,Triage vulnerabilities using CVSS v4 and exposure context,ok,fail,3,6,24.765,20260912_112636,67.0
cybersecurity_agent_all_models_20260912,cybersecurity,cybersecurity-agent-v1,pi,qwen3.5:122b,8b9d11d807c57feb1e2ecb0d6cbf40334c37dcc3523bed5540af4f927f112a37,cyber_advanced_protocol_reasoning,Diagnose advanced protocol and cryptographic failures,ok,fail,1,5,58.239,20260912_112636,66.0
cybersecurity_agent_all_models_20260912,cybersecurity,cybersecurity-agent-v1,pi,qwen3.5:122b,8b9d11d807c57feb1e2ecb0d6cbf40334c37dcc3523bed5540af4f927f112a37,cyber_api_bola_remediation,Remediate broken object-level authorization,ok,fail,6,7,126.785,20260912_112636,74.0
cybersecurity_agent_all_models_20260912,cybersecurity,cybersecurity-agent-v1,pi,qwen3.5:122b,8b9d11d807c57feb1e2ecb0d6cbf40334c37dcc3523bed5540af4f927f112a37,cyber_appsec_code_review,Perform a CWE-grounded application security review,ok,pass,7,7,63.793,20260912_112636,72.0
cybersecurity_agent_all_models_20260912,cybersecurity,cybersecurity-agent-v1,pi,qwen3.5:122b,8b9d11d807c57feb1e2ecb0d6cbf40334c37dcc3523bed5540af4f927f112a37,cyber_appsec_secure_patch,Patch an injection-prone local utility,ok,fail,6,7,220.25,20260912_112636,75.0
cybersecurity_agent_all_models_20260912,cybersecurity,cybersecurity-agent-v1,pi,qwen3.5:122b,8b9d11d807c57feb1e2ecb0d6cbf40334c37dcc3523bed5540af4f927f112a37,cyber_chronicle_yaral_detection,Write a Google SecOps YARA-L 2.0 correlation rule,ok,fail,12,13,58.93,20260912_112636,69.0
cybersecurity_agent_all_models_20260912,cybersecurity,cybersecurity-agent-v1,pi,qwen3.5:122b,8b9d11d807c57feb1e2ecb0d6cbf40334c37dcc3523bed5540af4f927f112a37,cyber_cloud_kubernetes_hardening,Harden cloud IAM and a Kubernetes workload,ok,pass,13,13,62.327,20260912_112636,67.0
cybersecurity_agent_all_models_20260912,cybersecurity,cybersecurity-agent-v1,pi,qwen3.5:122b,8b9d11d807c57feb1e2ecb0d6cbf40334c37dcc3523bed5540af4f927f112a37,cyber_ctf_multidiscipline,Solve a compact multidisciplinary CTF set,ok,fail,5,6,78.386,20260912_112636,71.0
cybersecurity_agent_all_models_20260912,cybersecurity,cybersecurity-agent-v1,pi,qwen3.5:122b,8b9d11d807c57feb1e2ecb0d6cbf40334c37dcc3523bed5540af4f927f112a37,cyber_cti_attack_mapping,Map observed behaviors to MITRE ATT&CK,ok,fail,4,5,40.903,20260912_112636,67.0
cybersecurity_agent_all_models_20260912,cybersecurity,cybersecurity-agent-v1,pi,qwen3.5:122b,8b9d11d807c57feb1e2ecb0d6cbf40334c37dcc3523bed5540af4f927f112a37,cyber_elastic_esql_detection,Write an Elastic ES|QL behavioral detection,ok,fail,10,11,47.007,20260912_112636,68.0
cybersecurity_agent_all_models_20260912,cybersecurity,cybersecurity-agent-v1,pi,qwen3.5:122b,8b9d11d807c57feb1e2ecb0d6cbf40334c37dcc3523bed5540af4f927f112a37,cyber_exploit_crash_analysis,Analyze exploitability of a synthetic native crash,ok,fail,5,6,45.647,20260912_112636,73.0
cybersecurity_agent_all_models_20260912,cybersecurity,cybersecurity-agent-v1,pi,qwen3.5:122b,8b9d11d807c57feb1e2ecb0d6cbf40334c37dcc3523bed5540af4f927f112a37,cyber_exploit_toy_poc,Build a constrained proof of concept for a toy service,ok,fail,10,11,54.888,20260912_112636,70.0
cybersecurity_agent_all_models_20260912,cybersecurity,cybersecurity-agent-v1,pi,qwen3.5:122b,8b9d11d807c57feb1e2ecb0d6cbf40334c37dcc3523bed5540af4f927f112a37,cyber_foundations_architecture,Reason about a segmented enterprise architecture,ok,fail,1,4,56.842,20260912_112636,68.0
cybersecurity_agent_all_models_20260912,cybersecurity,cybersecurity-agent-v1,pi,qwen3.5:122b,8b9d11d807c57feb1e2ecb0d6cbf40334c37dcc3523bed5540af4f927f112a37,cyber_governance_risk_prioritization,Prioritize cyber risk and response outcomes,ok,pass,7,7,50.993,20260912_112636,67.0
cybersecurity_agent_all_models_20260912,cybersecurity,cybersecurity-agent-v1,pi,qwen3.5:122b,8b9d11d807c57feb1e2ecb0d6cbf40334c37dcc3523bed5540af4f927f112a37,cyber_incident_timeline,Reconstruct an incident timeline and response plan,ok,fail,7,8,57.119,20260912_112636,67.0
cybersecurity_agent_all_models_20260912,cybersecurity,cybersecurity-agent-v1,pi,qwen3.5:122b,8b9d11d807c57feb1e2ecb0d6cbf40334c37dcc3523bed5540af4f927f112a37,cyber_llm_prompt_injection,Harden an agent against indirect prompt injection,ok,fail,2,7,77.038,20260912_112636,69.0
cybersecurity_agent_all_models_20260912,cybersecurity,cybersecurity-agent-v1,pi,qwen3.5:122b,8b9d11d807c57feb1e2ecb0d6cbf40334c37dcc3523bed5540af4f927f112a37,cyber_llm_tool_rag_security,Secure tool use and RAG against poisoning and exfiltration,ok,fail,7,8,48.901,20260912_112636,68.0
cybersecurity_agent_all_models_20260912,cybersecurity,cybersecurity-agent-v1,pi,qwen3.5:122b,8b9d11d807c57feb1e2ecb0d6cbf40334c37dcc3523bed5540af4f927f112a37,cyber_malware_static_analysis,Classify a harmless synthetic malware specimen,ok,pass,6,6,69.13,20260912_112636,72.0
cybersecurity_agent_all_models_20260912,cybersecurity,cybersecurity-agent-v1,pi,qwen3.5:122b,8b9d11d807c57feb1e2ecb0d6cbf40334c37dcc3523bed5540af4f927f112a37,cyber_pentest_attack_path,Plan and validate an authorized lab attack path,ok,fail,5,6,61.174,20260912_112636,69.0
cybersecurity_agent_all_models_20260912,cybersecurity,cybersecurity-agent-v1,pi,qwen3.5:122b,8b9d11d807c57feb1e2ecb0d6cbf40334c37dcc3523bed5540af4f927f112a37,cyber_sentinel_kql_detection,Write a Microsoft Sentinel KQL analytic,ok,pass,10,10,60.315,20260912_112636,67.0
cybersecurity_agent_all_models_20260912,cybersecurity,cybersecurity-agent-v1,pi,qwen3.5:122b,8b9d11d807c57feb1e2ecb0d6cbf40334c37dcc3523bed5540af4f927f112a37,cyber_sigma_detection,Author a portable Sigma detection,ok,pass,10,10,50.155,20260912_112636,69.0
cybersecurity_agent_all_models_20260912,cybersecurity,cybersecurity-agent-v1,pi,qwen3.5:122b,8b9d11d807c57feb1e2ecb0d6cbf40334c37dcc3523bed5540af4f927f112a37,cyber_soc_alert_triage,Triage a noisy alert bundle,ok,fail,4,6,41.569,20260912_112636,68.0
cybersecurity_agent_all_models_20260912,cybersecurity,cybersecurity-agent-v1,pi,qwen3.5:122b,8b9d11d807c57feb1e2ecb0d6cbf40334c37dcc3523bed5540af4f927f112a37,cyber_spl_detection,Write a Splunk SPL detection and triage query,ok,fail,7,9,53.973,20260912_112636,68.0
cybersecurity_agent_all_models_20260912,cybersecurity,cybersecurity-agent-v1,pi,qwen3.5:122b,8b9d11d807c57feb1e2ecb0d6cbf40334c37dcc3523bed5540af4f927f112a37,cyber_threat_report_synthesis,Synthesize actionable intelligence from mixed-confidence reporting,ok,pass,8,8,66.069,20260912_112636,69.0
cybersecurity_agent_all_models_20260912,cybersecurity,cybersecurity-agent-v1,pi,qwen3.5:122b,8b9d11d807c57feb1e2ecb0d6cbf40334c37dcc3523bed5540af4f927f112a37,cyber_vulnerability_cvss_triage,Triage vulnerabilities using CVSS v4 and exposure context,ok,fail,2,6,73.326,20260912_112636,67.0
cybersecurity_agent_all_models_20260912,cybersecurity,cybersecurity-agent-v1,pi,qwen3.6:27b-q8_0,cd0210c667bffa98ad702668d05fda1f340bcbb0a2c769bd389670d19ad1441b,cyber_advanced_protocol_reasoning,Diagnose advanced protocol and cryptographic failures,ok,fail,2,5,281.976,20260912_112636,68.0
cybersecurity_agent_all_models_20260912,cybersecurity,cybersecurity-agent-v1,pi,qwen3.6:27b-q8_0,cd0210c667bffa98ad702668d05fda1f340bcbb0a2c769bd389670d19ad1441b,cyber_api_bola_remediation,Remediate broken object-level authorization,ok,fail,6,7,509.577,20260912_112636,69.0
cybersecurity_agent_all_models_20260912,cybersecurity,cybersecurity-agent-v1,pi,qwen3.6:27b-q8_0,cd0210c667bffa98ad702668d05fda1f340bcbb0a2c769bd389670d19ad1441b,cyber_appsec_code_review,Perform a CWE-grounded application security review,ok,fail,4,7,171.324,20260912_112636,66.0
cybersecurity_agent_all_models_20260912,cybersecurity,cybersecurity-agent-v1,pi,qwen3.6:27b-q8_0,cd0210c667bffa98ad702668d05fda1f340bcbb0a2c769bd389670d19ad1441b,cyber_appsec_secure_patch,Patch an injection-prone local utility,ok,fail,6,7,501.948,20260912_112636,67.0
cybersecurity_agent_all_models_20260912,cybersecurity,cybersecurity-agent-v1,pi,qwen3.6:27b-q8_0,cd0210c667bffa98ad702668d05fda1f340bcbb0a2c769bd389670d19ad1441b,cyber_chronicle_yaral_detection,Write a Google SecOps YARA-L 2.0 correlation rule,ok,fail,12,13,245.903,20260912_112636,67.0
cybersecurity_agent_all_models_20260912,cybersecurity,cybersecurity-agent-v1,pi,qwen3.6:27b-q8_0,cd0210c667bffa98ad702668d05fda1f340bcbb0a2c769bd389670d19ad1441b,cyber_cloud_kubernetes_hardening,Harden cloud IAM and a Kubernetes workload,ok,fail,12,13,228.357,20260912_112636,67.0
cybersecurity_agent_all_models_20260912,cybersecurity,cybersecurity-agent-v1,pi,qwen3.6:27b-q8_0,cd0210c667bffa98ad702668d05fda1f340bcbb0a2c769bd389670d19ad1441b,cyber_ctf_multidiscipline,Solve a compact multidisciplinary CTF set,ok,pass,6,6,268.236,20260912_112636,69.0
cybersecurity_agent_all_models_20260912,cybersecurity,cybersecurity-agent-v1,pi,qwen3.6:27b-q8_0,cd0210c667bffa98ad702668d05fda1f340bcbb0a2c769bd389670d19ad1441b,cyber_cti_attack_mapping,Map observed behaviors to MITRE ATT&CK,ok,fail,4,5,187.531,20260912_112636,67.0
cybersecurity_agent_all_models_20260912,cybersecurity,cybersecurity-agent-v1,pi,qwen3.6:27b-q8_0,cd0210c667bffa98ad702668d05fda1f340bcbb0a2c769bd389670d19ad1441b,cyber_elastic_esql_detection,Write an Elastic ES|QL behavioral detection,ok,pass,11,11,132.562,20260912_112636,67.0
cybersecurity_agent_all_models_20260912,cybersecurity,cybersecurity-agent-v1,pi,qwen3.6:27b-q8_0,cd0210c667bffa98ad702668d05fda1f340bcbb0a2c769bd389670d19ad1441b,cyber_exploit_crash_analysis,Analyze exploitability of a synthetic native crash,ok,fail,5,6,352.792,20260912_112636,69.0
cybersecurity_agent_all_models_20260912,cybersecurity,cybersecurity-agent-v1,pi,qwen3.6:27b-q8_0,cd0210c667bffa98ad702668d05fda1f340bcbb0a2c769bd389670d19ad1441b,cyber_exploit_toy_poc,Build a constrained proof of concept for a toy service,ok,fail,9,11,210.898,20260912_112636,67.0
cybersecurity_agent_all_models_20260912,cybersecurity,cybersecurity-agent-v1,pi,qwen3.6:27b-q8_0,cd0210c667bffa98ad702668d05fda1f340bcbb0a2c769bd389670d19ad1441b,cyber_foundations_architecture,Reason about a segmented enterprise architecture,ok,fail,1,4,318.937,20260912_112636,69.0
cybersecurity_agent_all_models_20260912,cybersecurity,cybersecurity-agent-v1,pi,qwen3.6:27b-q8_0,cd0210c667bffa98ad702668d05fda1f340bcbb0a2c769bd389670d19ad1441b,cyber_governance_risk_prioritization,Prioritize cyber risk and response outcomes,ok,pass,7,7,526.421,20260912_112636,69.0
cybersecurity_agent_all_models_20260912,cybersecurity,cybersecurity-agent-v1,pi,qwen3.6:27b-q8_0,cd0210c667bffa98ad702668d05fda1f340bcbb0a2c769bd389670d19ad1441b,cyber_incident_timeline,Reconstruct an incident timeline and response plan,ok,pass,8,8,228.208,20260912_112636,66.0
cybersecurity_agent_all_models_20260912,cybersecurity,cybersecurity-agent-v1,pi,qwen3.6:27b-q8_0,cd0210c667bffa98ad702668d05fda1f340bcbb0a2c769bd389670d19ad1441b,cyber_llm_prompt_injection,Harden an agent against indirect prompt injection,ok,fail,2,7,243.567,20260912_112636,67.0
cybersecurity_agent_all_models_20260912,cybersecurity,cybersecurity-agent-v1,pi,qwen3.6:27b-q8_0,cd0210c667bffa98ad702668d05fda1f340bcbb0a2c769bd389670d19ad1441b,cyber_llm_tool_rag_security,Secure tool use and RAG against poisoning and exfiltration,ok,fail,7,8,225.028,20260912_112636,66.0
cybersecurity_agent_all_models_20260912,cybersecurity,cybersecurity-agent-v1,pi,qwen3.6:27b-q8_0,cd0210c667bffa98ad702668d05fda1f340bcbb0a2c769bd389670d19ad1441b,cyber_malware_static_analysis,Classify a harmless synthetic malware specimen,ok,pass,6,6,287.363,20260912_112636,70.0
cybersecurity_agent_all_models_20260912,cybersecurity,cybersecurity-agent-v1,pi,qwen3.6:27b-q8_0,cd0210c667bffa98ad702668d05fda1f340bcbb0a2c769bd389670d19ad1441b,cyber_pentest_attack_path,Plan and validate an authorized lab attack path,ok,fail,5,6,224.074,20260912_112636,68.0
cybersecurity_agent_all_models_20260912,cybersecurity,cybersecurity-agent-v1,pi,qwen3.6:27b-q8_0,cd0210c667bffa98ad702668d05fda1f340bcbb0a2c769bd389670d19ad1441b,cyber_sentinel_kql_detection,Write a Microsoft Sentinel KQL analytic,ok,pass,10,10,219.136,20260912_112636,68.0
cybersecurity_agent_all_models_20260912,cybersecurity,cybersecurity-agent-v1,pi,qwen3.6:27b-q8_0,cd0210c667bffa98ad702668d05fda1f340bcbb0a2c769bd389670d19ad1441b,cyber_sigma_detection,Author a portable Sigma detection,ok,pass,10,10,159.622,20260912_112636,68.0
cybersecurity_agent_all_models_20260912,cybersecurity,cybersecurity-agent-v1,pi,qwen3.6:27b-q8_0,cd0210c667bffa98ad702668d05fda1f340bcbb0a2c769bd389670d19ad1441b,cyber_soc_alert_triage,Triage a noisy alert bundle,ok,fail,4,6,283.621,20260912_112636,69.0
cybersecurity_agent_all_models_20260912,cybersecurity,cybersecurity-agent-v1,pi,qwen3.6:27b-q8_0,cd0210c667bffa98ad702668d05fda1f340bcbb0a2c769bd389670d19ad1441b,cyber_spl_detection,Write a Splunk SPL detection and triage query,ok,pass,9,9,153.89,20260912_112636,66.0
cybersecurity_agent_all_models_20260912,cybersecurity,cybersecurity-agent-v1,pi,qwen3.6:27b-q8_0,cd0210c667bffa98ad702668d05fda1f340bcbb0a2c769bd389670d19ad1441b,cyber_threat_report_synthesis,Synthesize actionable intelligence from mixed-confidence reporting,ok,fail,7,8,239.313,20260912_112636,67.0
cybersecurity_agent_all_models_20260912,cybersecurity,cybersecurity-agent-v1,pi,qwen3.6:27b-q8_0,cd0210c667bffa98ad702668d05fda1f340bcbb0a2c769bd389670d19ad1441b,cyber_vulnerability_cvss_triage,Triage vulnerabilities using CVSS v4 and exposure context,ok,fail,3,6,304.258,20260912_112636,67.0
cybersecurity_agent_all_models_20260912,cybersecurity,cybersecurity-agent-v1,pi,qwen3.6:35b,07d35212591fc27746f0a317c975a6d68754fb38e9053d82e25f06057af28522,cyber_advanced_protocol_reasoning,Diagnose advanced protocol and cryptographic failures,ok,fail,1,5,35.422,20260912_112636,68.0
cybersecurity_agent_all_models_20260912,cybersecurity,cybersecurity-agent-v1,pi,qwen3.6:35b,07d35212591fc27746f0a317c975a6d68754fb38e9053d82e25f06057af28522,cyber_api_bola_remediation,Remediate broken object-level authorization,ok,fail,0,1,15.219,20260912_112636,69.0
cybersecurity_agent_all_models_20260912,cybersecurity,cybersecurity-agent-v1,pi,qwen3.6:35b,07d35212591fc27746f0a317c975a6d68754fb38e9053d82e25f06057af28522,cyber_appsec_code_review,Perform a CWE-grounded application security review,ok,pass,7,7,30.673,20260912_112636,68.0
cybersecurity_agent_all_models_20260912,cybersecurity,cybersecurity-agent-v1,pi,qwen3.6:35b,07d35212591fc27746f0a317c975a6d68754fb38e9053d82e25f06057af28522,cyber_appsec_secure_patch,Patch an injection-prone local utility,ok,pass,7,7,133.475,20260912_112636,74.0
cybersecurity_agent_all_models_20260912,cybersecurity,cybersecurity-agent-v1,pi,qwen3.6:35b,07d35212591fc27746f0a317c975a6d68754fb38e9053d82e25f06057af28522,cyber_chronicle_yaral_detection,Write a Google SecOps YARA-L 2.0 correlation rule,ok,fail,8,13,52.637,20260912_112636,68.0
cybersecurity_agent_all_models_20260912,cybersecurity,cybersecurity-agent-v1,pi,qwen3.6:35b,07d35212591fc27746f0a317c975a6d68754fb38e9053d82e25f06057af28522,cyber_cloud_kubernetes_hardening,Harden cloud IAM and a Kubernetes workload,ok,pass,13,13,34.842,20260912_112636,71.0
cybersecurity_agent_all_models_20260912,cybersecurity,cybersecurity-agent-v1,pi,qwen3.6:35b,07d35212591fc27746f0a317c975a6d68754fb38e9053d82e25f06057af28522,cyber_ctf_multidiscipline,Solve a compact multidisciplinary CTF set,ok,pass,6,6,47.193,20260912_112636,69.0
cybersecurity_agent_all_models_20260912,cybersecurity,cybersecurity-agent-v1,pi,qwen3.6:35b,07d35212591fc27746f0a317c975a6d68754fb38e9053d82e25f06057af28522,cyber_cti_attack_mapping,Map observed behaviors to MITRE ATT&CK,ok,fail,1,5,32.379,20260912_112636,65.0
cybersecurity_agent_all_models_20260912,cybersecurity,cybersecurity-agent-v1,pi,qwen3.6:35b,07d35212591fc27746f0a317c975a6d68754fb38e9053d82e25f06057af28522,cyber_elastic_esql_detection,Write an Elastic ES|QL behavioral detection,ok,fail,9,11,23.13,20260912_112636,67.0
cybersecurity_agent_all_models_20260912,cybersecurity,cybersecurity-agent-v1,pi,qwen3.6:35b,07d35212591fc27746f0a317c975a6d68754fb38e9053d82e25f06057af28522,cyber_exploit_crash_analysis,Analyze exploitability of a synthetic native crash,ok,pass,6,6,41.285,20260912_112636,69.0
cybersecurity_agent_all_models_20260912,cybersecurity,cybersecurity-agent-v1,pi,qwen3.6:35b,07d35212591fc27746f0a317c975a6d68754fb38e9053d82e25f06057af28522,cyber_exploit_toy_poc,Build a constrained proof of concept for a toy service,ok,pass,11,11,35.706,20260912_112636,71.0
cybersecurity_agent_all_models_20260912,cybersecurity,cybersecurity-agent-v1,pi,qwen3.6:35b,07d35212591fc27746f0a317c975a6d68754fb38e9053d82e25f06057af28522,cyber_foundations_architecture,Reason about a segmented enterprise architecture,ok,fail,1,4,36.841,20260912_112636,67.0
cybersecurity_agent_all_models_20260912,cybersecurity,cybersecurity-agent-v1,pi,qwen3.6:35b,07d35212591fc27746f0a317c975a6d68754fb38e9053d82e25f06057af28522,cyber_governance_risk_prioritization,Prioritize cyber risk and response outcomes,ok,fail,5,7,26.1,20260912_112636,65.0
cybersecurity_agent_all_models_20260912,cybersecurity,cybersecurity-agent-v1,pi,qwen3.6:35b,07d35212591fc27746f0a317c975a6d68754fb38e9053d82e25f06057af28522,cyber_incident_timeline,Reconstruct an incident timeline and response plan,ok,pass,8,8,35.907,20260912_112636,68.0
cybersecurity_agent_all_models_20260912,cybersecurity,cybersecurity-agent-v1,pi,qwen3.6:35b,07d35212591fc27746f0a317c975a6d68754fb38e9053d82e25f06057af28522,cyber_llm_prompt_injection,Harden an agent against indirect prompt injection,ok,fail,2,7,38.755,20260912_112636,69.0
cybersecurity_agent_all_models_20260912,cybersecurity,cybersecurity-agent-v1,pi,qwen3.6:35b,07d35212591fc27746f0a317c975a6d68754fb38e9053d82e25f06057af28522,cyber_llm_tool_rag_security,Secure tool use and RAG against poisoning and exfiltration,ok,fail,7,8,43.978,20260912_112636,69.0
cybersecurity_agent_all_models_20260912,cybersecurity,cybersecurity-agent-v1,pi,qwen3.6:35b,07d35212591fc27746f0a317c975a6d68754fb38e9053d82e25f06057af28522,cyber_malware_static_analysis,Classify a harmless synthetic malware specimen,ok,pass,6,6,52.618,20260912_112636,73.0
cybersecurity_agent_all_models_20260912,cybersecurity,cybersecurity-agent-v1,pi,qwen3.6:35b,07d35212591fc27746f0a317c975a6d68754fb38e9053d82e25f06057af28522,cyber_pentest_attack_path,Plan and validate an authorized lab attack path,ok,fail,5,6,38.939,20260912_112636,71.0
cybersecurity_agent_all_models_20260912,cybersecurity,cybersecurity-agent-v1,pi,qwen3.6:35b,07d35212591fc27746f0a317c975a6d68754fb38e9053d82e25f06057af28522,cyber_sentinel_kql_detection,Write a Microsoft Sentinel KQL analytic,ok,pass,10,10,55.948,20260912_112636,68.0
cybersecurity_agent_all_models_20260912,cybersecurity,cybersecurity-agent-v1,pi,qwen3.6:35b,07d35212591fc27746f0a317c975a6d68754fb38e9053d82e25f06057af28522,cyber_sigma_detection,Author a portable Sigma detection,ok,pass,10,10,33.881,20260912_112636,70.0
cybersecurity_agent_all_models_20260912,cybersecurity,cybersecurity-agent-v1,pi,qwen3.6:35b,07d35212591fc27746f0a317c975a6d68754fb38e9053d82e25f06057af28522,cyber_soc_alert_triage,Triage a noisy alert bundle,ok,fail,4,6,30.728,20260912_112636,66.0
cybersecurity_agent_all_models_20260912,cybersecurity,cybersecurity-agent-v1,pi,qwen3.6:35b,07d35212591fc27746f0a317c975a6d68754fb38e9053d82e25f06057af28522,cyber_spl_detection,Write a Splunk SPL detection and triage query,ok,fail,6,9,22.763,20260912_112636,67.0
cybersecurity_agent_all_models_20260912,cybersecurity,cybersecurity-agent-v1,pi,qwen3.6:35b,07d35212591fc27746f0a317c975a6d68754fb38e9053d82e25f06057af28522,cyber_threat_report_synthesis,Synthesize actionable intelligence from mixed-confidence reporting,ok,fail,7,8,48.214,20260912_112636,70.0
cybersecurity_agent_all_models_20260912,cybersecurity,cybersecurity-agent-v1,pi,qwen3.6:35b,07d35212591fc27746f0a317c975a6d68754fb38e9053d82e25f06057af28522,cyber_vulnerability_cvss_triage,Triage vulnerabilities using CVSS v4 and exposure context,ok,fail,2,6,43.314,20260912_112636,66.0
cybersecurity_agent_all_models_20260912,cybersecurity,cybersecurity-agent-v1,pi,qwen3.8:27b,22130167c4c20e20c7b71454612966ca8e8171e9b3cc8ab6ce8aa6cbfec79643,cyber_advanced_protocol_reasoning,Diagnose advanced protocol and cryptographic failures,ok,fail,2,5,149.943,20260912_112636,80.0
cybersecurity_agent_all_models_20260912,cybersecurity,cybersecurity-agent-v1,pi,qwen3.8:27b,22130167c4c20e20c7b71454612966ca8e8171e9b3cc8ab6ce8aa6cbfec79643,cyber_api_bola_remediation,Remediate broken object-level authorization,ok,fail,6,7,128.719,20260912_112636,77.0
cybersecurity_agent_all_models_20260912,cybersecurity,cybersecurity-agent-v1,pi,qwen3.8:27b,22130167c4c20e20c7b71454612966ca8e8171e9b3cc8ab6ce8aa6cbfec79643,cyber_appsec_code_review,Perform a CWE-grounded application security review,ok,pass,7,7,76.06,20260912_112636,77.0
cybersecurity_agent_all_models_20260912,cybersecurity,cybersecurity-agent-v1,pi,qwen3.8:27b,22130167c4c20e20c7b71454612966ca8e8171e9b3cc8ab6ce8aa6cbfec79643,cyber_appsec_secure_patch,Patch an injection-prone local utility,ok,fail,6,7,168.739,20260912_112636,84.0
cybersecurity_agent_all_models_20260912,cybersecurity,cybersecurity-agent-v1,pi,qwen3.8:27b,22130167c4c20e20c7b71454612966ca8e8171e9b3cc8ab6ce8aa6cbfec79643,cyber_chronicle_yaral_detection,Write a Google SecOps YARA-L 2.0 correlation rule,ok,pass,13,13,212.004,20260912_112636,79.0
cybersecurity_agent_all_models_20260912,cybersecurity,cybersecurity-agent-v1,pi,qwen3.8:27b,22130167c4c20e20c7b71454612966ca8e8171e9b3cc8ab6ce8aa6cbfec79643,cyber_cloud_kubernetes_hardening,Harden cloud IAM and a Kubernetes workload,ok,pass,13,13,78.067,20260912_112636,83.0
cybersecurity_agent_all_models_20260912,cybersecurity,cybersecurity-agent-v1,pi,qwen3.8:27b,22130167c4c20e20c7b71454612966ca8e8171e9b3cc8ab6ce8aa6cbfec79643,cyber_ctf_multidiscipline,Solve a compact multidisciplinary CTF set,ok,pass,6,6,287.533,20260912_112636,86.0
cybersecurity_agent_all_models_20260912,cybersecurity,cybersecurity-agent-v1,pi,qwen3.8:27b,22130167c4c20e20c7b71454612966ca8e8171e9b3cc8ab6ce8aa6cbfec79643,cyber_cti_attack_mapping,Map observed behaviors to MITRE ATT&CK,ok,pass,5,5,60.879,20260912_112636,80.0
cybersecurity_agent_all_models_20260912,cybersecurity,cybersecurity-agent-v1,pi,qwen3.8:27b,22130167c4c20e20c7b71454612966ca8e8171e9b3cc8ab6ce8aa6cbfec79643,cyber_elastic_esql_detection,Write an Elastic ES|QL behavioral detection,ok,fail,9,11,72.193,20260912_112636,78.0
cybersecurity_agent_all_models_20260912,cybersecurity,cybersecurity-agent-v1,pi,qwen3.8:27b,22130167c4c20e20c7b71454612966ca8e8171e9b3cc8ab6ce8aa6cbfec79643,cyber_exploit_crash_analysis,Analyze exploitability of a synthetic native crash,ok,fail,5,6,183.759,20260912_112636,81.0
cybersecurity_agent_all_models_20260912,cybersecurity,cybersecurity-agent-v1,pi,qwen3.8:27b,22130167c4c20e20c7b71454612966ca8e8171e9b3cc8ab6ce8aa6cbfec79643,cyber_exploit_toy_poc,Build a constrained proof of concept for a toy service,ok,fail,10,11,62.344,20260912_112636,80.0
cybersecurity_agent_all_models_20260912,cybersecurity,cybersecurity-agent-v1,pi,qwen3.8:27b,22130167c4c20e20c7b71454612966ca8e8171e9b3cc8ab6ce8aa6cbfec79643,cyber_foundations_architecture,Reason about a segmented enterprise architecture,ok,fail,1,4,129.317,20260912_112636,81.0
cybersecurity_agent_all_models_20260912,cybersecurity,cybersecurity-agent-v1,pi,qwen3.8:27b,22130167c4c20e20c7b71454612966ca8e8171e9b3cc8ab6ce8aa6cbfec79643,cyber_governance_risk_prioritization,Prioritize cyber risk and response outcomes,ok,pass,7,7,108.038,20260912_112636,83.0
cybersecurity_agent_all_models_20260912,cybersecurity,cybersecurity-agent-v1,pi,qwen3.8:27b,22130167c4c20e20c7b71454612966ca8e8171e9b3cc8ab6ce8aa6cbfec79643,cyber_incident_timeline,Reconstruct an incident timeline and response plan,ok,pass,8,8,94.607,20260912_112636,82.0
cybersecurity_agent_all_models_20260912,cybersecurity,cybersecurity-agent-v1,pi,qwen3.8:27b,22130167c4c20e20c7b71454612966ca8e8171e9b3cc8ab6ce8aa6cbfec79643,cyber_llm_prompt_injection,Harden an agent against indirect prompt injection,ok,fail,2,7,127.902,20260912_112636,80.0
cybersecurity_agent_all_models_20260912,cybersecurity,cybersecurity-agent-v1,pi,qwen3.8:27b,22130167c4c20e20c7b71454612966ca8e8171e9b3cc8ab6ce8aa6cbfec79643,cyber_llm_tool_rag_security,Secure tool use and RAG against poisoning and exfiltration,ok,fail,7,8,101.856,20260912_112636,83.0
cybersecurity_agent_all_models_20260912,cybersecurity,cybersecurity-agent-v1,pi,qwen3.8:27b,22130167c4c20e20c7b71454612966ca8e8171e9b3cc8ab6ce8aa6cbfec79643,cyber_malware_static_analysis,Classify a harmless synthetic malware specimen,ok,pass,6,6,132.187,20260912_112636,83.0
cybersecurity_agent_all_models_20260912,cybersecurity,cybersecurity-agent-v1,pi,qwen3.8:27b,22130167c4c20e20c7b71454612966ca8e8171e9b3cc8ab6ce8aa6cbfec79643,cyber_pentest_attack_path,Plan and validate an authorized lab attack path,ok,fail,5,6,76.95,20260912_112636,82.0
cybersecurity_agent_all_models_20260912,cybersecurity,cybersecurity-agent-v1,pi,qwen3.8:27b,22130167c4c20e20c7b71454612966ca8e8171e9b3cc8ab6ce8aa6cbfec79643,cyber_sentinel_kql_detection,Write a Microsoft Sentinel KQL analytic,ok,pass,10,10,116.405,20260912_112636,82.0
cybersecurity_agent_all_models_20260912,cybersecurity,cybersecurity-agent-v1,pi,qwen3.8:27b,22130167c4c20e20c7b71454612966ca8e8171e9b3cc8ab6ce8aa6cbfec79643,cyber_sigma_detection,Author a portable Sigma detection,ok,pass,10,10,182.182,20260912_112636,82.0
cybersecurity_agent_all_models_20260912,cybersecurity,cybersecurity-agent-v1,pi,qwen3.8:27b,22130167c4c20e20c7b71454612966ca8e8171e9b3cc8ab6ce8aa6cbfec79643,cyber_soc_alert_triage,Triage a noisy alert bundle,ok,pass,6,6,125.421,20260912_112636,83.0
cybersecurity_agent_all_models_20260912,cybersecurity,cybersecurity-agent-v1,pi,qwen3.8:27b,22130167c4c20e20c7b71454612966ca8e8171e9b3cc8ab6ce8aa6cbfec79643,cyber_spl_detection,Write a Splunk SPL detection and triage query,ok,fail,6,9,68.543,20260912_112636,80.0
cybersecurity_agent_all_models_20260912,cybersecurity,cybersecurity-agent-v1,pi,qwen3.8:27b,22130167c4c20e20c7b71454612966ca8e8171e9b3cc8ab6ce8aa6cbfec79643,cyber_threat_report_synthesis,Synthesize actionable intelligence from mixed-confidence reporting,ok,pass,8,8,102.909,20260912_112636,81.0
cybersecurity_agent_all_models_20260912,cybersecurity,cybersecurity-agent-v1,pi,qwen3.8:27b,22130167c4c20e20c7b71454612966ca8e8171e9b3cc8ab6ce8aa6cbfec79643,cyber_vulnerability_cvss_triage,Triage vulnerabilities using CVSS v4 and exposure context,ok,fail,3,6,102.317,20260912_112636,81.0
cybersecurity_agent_all_models_20260912,cybersecurity,cybersecurity-agent-v1,pi,qwen3.8:27b-mtp-bf16,197257101a8c1b63edbaba1cf030f60396b15d11a604b29806546b837b3b5e57,cyber_advanced_protocol_reasoning,Diagnose advanced protocol and cryptographic failures,ok,fail,2,5,344.663,20260912_112636,73.0
cybersecurity_agent_all_models_20260912,cybersecurity,cybersecurity-agent-v1,pi,qwen3.8:27b-mtp-bf16,197257101a8c1b63edbaba1cf030f60396b15d11a604b29806546b837b3b5e57,cyber_api_bola_remediation,Remediate broken object-level authorization,ok,fail,6,7,258.767,20260912_112636,65.0
cybersecurity_agent_all_models_20260912,cybersecurity,cybersecurity-agent-v1,pi,qwen3.8:27b-mtp-bf16,197257101a8c1b63edbaba1cf030f60396b15d11a604b29806546b837b3b5e57,cyber_appsec_code_review,Perform a CWE-grounded application security review,ok,pass,7,7,156.961,20260912_112636,65.0
cybersecurity_agent_all_models_20260912,cybersecurity,cybersecurity-agent-v1,pi,qwen3.8:27b-mtp-bf16,197257101a8c1b63edbaba1cf030f60396b15d11a604b29806546b837b3b5e57,cyber_appsec_secure_patch,Patch an injection-prone local utility,ok,fail,6,7,487.82,20260912_112636,68.0
cybersecurity_agent_all_models_20260912,cybersecurity,cybersecurity-agent-v1,pi,qwen3.8:27b-mtp-bf16,197257101a8c1b63edbaba1cf030f60396b15d11a604b29806546b837b3b5e57,cyber_chronicle_yaral_detection,Write a Google SecOps YARA-L 2.0 correlation rule,ok,pass,13,13,524.277,20260912_112636,69.0
cybersecurity_agent_all_models_20260912,cybersecurity,cybersecurity-agent-v1,pi,qwen3.8:27b-mtp-bf16,197257101a8c1b63edbaba1cf030f60396b15d11a604b29806546b837b3b5e57,cyber_cloud_kubernetes_hardening,Harden cloud IAM and a Kubernetes workload,ok,pass,13,13,140.815,20260912_112636,64.0
cybersecurity_agent_all_models_20260912,cybersecurity,cybersecurity-agent-v1,pi,qwen3.8:27b-mtp-bf16,197257101a8c1b63edbaba1cf030f60396b15d11a604b29806546b837b3b5e57,cyber_ctf_multidiscipline,Solve a compact multidisciplinary CTF set,ok,pass,6,6,206.278,20260912_112636,64.0
cybersecurity_agent_all_models_20260912,cybersecurity,cybersecurity-agent-v1,pi,qwen3.8:27b-mtp-bf16,197257101a8c1b63edbaba1cf030f60396b15d11a604b29806546b837b3b5e57,cyber_cti_attack_mapping,Map observed behaviors to MITRE ATT&CK,ok,fail,4,5,100.467,20260912_112636,67.0
cybersecurity_agent_all_models_20260912,cybersecurity,cybersecurity-agent-v1,pi,qwen3.8:27b-mtp-bf16,197257101a8c1b63edbaba1cf030f60396b15d11a604b29806546b837b3b5e57,cyber_elastic_esql_detection,Write an Elastic ES|QL behavioral detection,ok,fail,10,11,72.922,20260912_112636,65.0
cybersecurity_agent_all_models_20260912,cybersecurity,cybersecurity-agent-v1,pi,qwen3.8:27b-mtp-bf16,197257101a8c1b63edbaba1cf030f60396b15d11a604b29806546b837b3b5e57,cyber_exploit_crash_analysis,Analyze exploitability of a synthetic native crash,ok,pass,6,6,489.456,20260912_112636,69.0
cybersecurity_agent_all_models_20260912,cybersecurity,cybersecurity-agent-v1,pi,qwen3.8:27b-mtp-bf16,197257101a8c1b63edbaba1cf030f60396b15d11a604b29806546b837b3b5e57,cyber_exploit_toy_poc,Build a constrained proof of concept for a toy service,ok,pass,11,11,147.817,20260912_112636,63.0
cybersecurity_agent_all_models_20260912,cybersecurity,cybersecurity-agent-v1,pi,qwen3.8:27b-mtp-bf16,197257101a8c1b63edbaba1cf030f60396b15d11a604b29806546b837b3b5e57,cyber_foundations_architecture,Reason about a segmented enterprise architecture,ok,fail,1,4,348.514,20260912_112636,77.0
cybersecurity_agent_all_models_20260912,cybersecurity,cybersecurity-agent-v1,pi,qwen3.8:27b-mtp-bf16,197257101a8c1b63edbaba1cf030f60396b15d11a604b29806546b837b3b5e57,cyber_governance_risk_prioritization,Prioritize cyber risk and response outcomes,ok,pass,7,7,171.573,20260912_112636,66.0
cybersecurity_agent_all_models_20260912,cybersecurity,cybersecurity-agent-v1,pi,qwen3.8:27b-mtp-bf16,197257101a8c1b63edbaba1cf030f60396b15d11a604b29806546b837b3b5e57,cyber_incident_timeline,Reconstruct an incident timeline and response plan,ok,pass,8,8,222.789,20260912_112636,59.0
cybersecurity_agent_all_models_20260912,cybersecurity,cybersecurity-agent-v1,pi,qwen3.8:27b-mtp-bf16,197257101a8c1b63edbaba1cf030f60396b15d11a604b29806546b837b3b5e57,cyber_llm_prompt_injection,Harden an agent against indirect prompt injection,ok,fail,2,7,182.793,20260912_112636,64.0
cybersecurity_agent_all_models_20260912,cybersecurity,cybersecurity-agent-v1,pi,qwen3.8:27b-mtp-bf16,197257101a8c1b63edbaba1cf030f60396b15d11a604b29806546b837b3b5e57,cyber_llm_tool_rag_security,Secure tool use and RAG against poisoning and exfiltration,ok,fail,7,8,295.867,20260912_112636,65.0
cybersecurity_agent_all_models_20260912,cybersecurity,cybersecurity-agent-v1,pi,qwen3.8:27b-mtp-bf16,197257101a8c1b63edbaba1cf030f60396b15d11a604b29806546b837b3b5e57,cyber_malware_static_analysis,Classify a harmless synthetic malware specimen,ok,pass,6,6,215.356,20260912_112636,67.0
cybersecurity_agent_all_models_20260912,cybersecurity,cybersecurity-agent-v1,pi,qwen3.8:27b-mtp-bf16,197257101a8c1b63edbaba1cf030f60396b15d11a604b29806546b837b3b5e57,cyber_pentest_attack_path,Plan and validate an authorized lab attack path,ok,fail,5,6,144.03,20260912_112636,64.0
cybersecurity_agent_all_models_20260912,cybersecurity,cybersecurity-agent-v1,pi,qwen3.8:27b-mtp-bf16,197257101a8c1b63edbaba1cf030f60396b15d11a604b29806546b837b3b5e57,cyber_sentinel_kql_detection,Write a Microsoft Sentinel KQL analytic,ok,pass,10,10,167.565,20260912_112636,63.0
cybersecurity_agent_all_models_20260912,cybersecurity,cybersecurity-agent-v1,pi,qwen3.8:27b-mtp-bf16,197257101a8c1b63edbaba1cf030f60396b15d11a604b29806546b837b3b5e57,cyber_sigma_detection,Author a portable Sigma detection,ok,pass,10,10,271.863,20260912_112636,67.0
cybersecurity_agent_all_models_20260912,cybersecurity,cybersecurity-agent-v1,pi,qwen3.8:27b-mtp-bf16,197257101a8c1b63edbaba1cf030f60396b15d11a604b29806546b837b3b5e57,cyber_soc_alert_triage,Triage a noisy alert bundle,ok,fail,4,6,118.851,20260912_112636,62.0
cybersecurity_agent_all_models_20260912,cybersecurity,cybersecurity-agent-v1,pi,qwen3.8:27b-mtp-bf16,197257101a8c1b63edbaba1cf030f60396b15d11a604b29806546b837b3b5e57,cyber_spl_detection,Write a Splunk SPL detection and triage query,ok,fail,8,9,572.773,20260912_112636,70.0
cybersecurity_agent_all_models_20260912,cybersecurity,cybersecurity-agent-v1,pi,qwen3.8:27b-mtp-bf16,197257101a8c1b63edbaba1cf030f60396b15d11a604b29806546b837b3b5e57,cyber_threat_report_synthesis,Synthesize actionable intelligence from mixed-confidence reporting,ok,fail,7,8,140.394,20260912_112636,64.0
cybersecurity_agent_all_models_20260912,cybersecurity,cybersecurity-agent-v1,pi,qwen3.8:27b-mtp-bf16,197257101a8c1b63edbaba1cf030f60396b15d11a604b29806546b837b3b5e57,cyber_vulnerability_cvss_triage,Triage vulnerabilities using CVSS v4 and exposure context,ok,fail,3,6,297.283,20260912_112636,66.0
cybersecurity_agent_all_models_20260912,cybersecurity,cybersecurity-agent-v1,pi,qwen3.8:27b-mtp-q8_0,8a15828773037bdbb79b103ca20344c67a05251521b918a534c135ca76f1f04d,cyber_advanced_protocol_reasoning,Diagnose advanced protocol and cryptographic failures,ok,fail,1,5,139.843,20260912_112636,68.0
cybersecurity_agent_all_models_20260912,cybersecurity,cybersecurity-agent-v1,pi,qwen3.8:27b-mtp-q8_0,8a15828773037bdbb79b103ca20344c67a05251521b918a534c135ca76f1f04d,cyber_api_bola_remediation,Remediate broken object-level authorization,ok,fail,6,7,143.917,20260912_112636,72.0
cybersecurity_agent_all_models_20260912,cybersecurity,cybersecurity-agent-v1,pi,qwen3.8:27b-mtp-q8_0,8a15828773037bdbb79b103ca20344c67a05251521b918a534c135ca76f1f04d,cyber_appsec_code_review,Perform a CWE-grounded application security review,ok,pass,7,7,78.227,20260912_112636,72.0
cybersecurity_agent_all_models_20260912,cybersecurity,cybersecurity-agent-v1,pi,qwen3.8:27b-mtp-q8_0,8a15828773037bdbb79b103ca20344c67a05251521b918a534c135ca76f1f04d,cyber_appsec_secure_patch,Patch an injection-prone local utility,ok,fail,6,7,279.462,20260912_112636,74.0
cybersecurity_agent_all_models_20260912,cybersecurity,cybersecurity-agent-v1,pi,qwen3.8:27b-mtp-q8_0,8a15828773037bdbb79b103ca20344c67a05251521b918a534c135ca76f1f04d,cyber_chronicle_yaral_detection,Write a Google SecOps YARA-L 2.0 correlation rule,ok,pass,13,13,143.518,20260912_112636,72.0
cybersecurity_agent_all_models_20260912,cybersecurity,cybersecurity-agent-v1,pi,qwen3.8:27b-mtp-q8_0,8a15828773037bdbb79b103ca20344c67a05251521b918a534c135ca76f1f04d,cyber_cloud_kubernetes_hardening,Harden cloud IAM and a Kubernetes workload,ok,pass,13,13,67.702,20260912_112636,74.0
cybersecurity_agent_all_models_20260912,cybersecurity,cybersecurity-agent-v1,pi,qwen3.8:27b-mtp-q8_0,8a15828773037bdbb79b103ca20344c67a05251521b918a534c135ca76f1f04d,cyber_ctf_multidiscipline,Solve a compact multidisciplinary CTF set,ok,pass,6,6,109.549,20260912_112636,70.0
cybersecurity_agent_all_models_20260912,cybersecurity,cybersecurity-agent-v1,pi,qwen3.8:27b-mtp-q8_0,8a15828773037bdbb79b103ca20344c67a05251521b918a534c135ca76f1f04d,cyber_cti_attack_mapping,Map observed behaviors to MITRE ATT&CK,ok,pass,5,5,108.751,20260912_112636,73.0
cybersecurity_agent_all_models_20260912,cybersecurity,cybersecurity-agent-v1,pi,qwen3.8:27b-mtp-q8_0,8a15828773037bdbb79b103ca20344c67a05251521b918a534c135ca76f1f04d,cyber_elastic_esql_detection,Write an Elastic ES|QL behavioral detection,ok,pass,11,11,69.362,20260912_112636,72.0
cybersecurity_agent_all_models_20260912,cybersecurity,cybersecurity-agent-v1,pi,qwen3.8:27b-mtp-q8_0,8a15828773037bdbb79b103ca20344c67a05251521b918a534c135ca76f1f04d,cyber_exploit_crash_analysis,Analyze exploitability of a synthetic native crash,ok,fail,4,6,244.661,20260912_112636,72.0
cybersecurity_agent_all_models_20260912,cybersecurity,cybersecurity-agent-v1,pi,qwen3.8:27b-mtp-q8_0,8a15828773037bdbb79b103ca20344c67a05251521b918a534c135ca76f1f04d,cyber_exploit_toy_poc,Build a constrained proof of concept for a toy service,ok,fail,9,11,82.948,20260912_112636,72.0
cybersecurity_agent_all_models_20260912,cybersecurity,cybersecurity-agent-v1,pi,qwen3.8:27b-mtp-q8_0,8a15828773037bdbb79b103ca20344c67a05251521b918a534c135ca76f1f04d,cyber_foundations_architecture,Reason about a segmented enterprise architecture,ok,fail,1,4,127.016,20260912_112636,65.0
cybersecurity_agent_all_models_20260912,cybersecurity,cybersecurity-agent-v1,pi,qwen3.8:27b-mtp-q8_0,8a15828773037bdbb79b103ca20344c67a05251521b918a534c135ca76f1f04d,cyber_governance_risk_prioritization,Prioritize cyber risk and response outcomes,ok,pass,7,7,107.212,20260912_112636,72.0
cybersecurity_agent_all_models_20260912,cybersecurity,cybersecurity-agent-v1,pi,qwen3.8:27b-mtp-q8_0,8a15828773037bdbb79b103ca20344c67a05251521b918a534c135ca76f1f04d,cyber_incident_timeline,Reconstruct an incident timeline and response plan,ok,pass,8,8,78.625,20260912_112636,75.0
cybersecurity_agent_all_models_20260912,cybersecurity,cybersecurity-agent-v1,pi,qwen3.8:27b-mtp-q8_0,8a15828773037bdbb79b103ca20344c67a05251521b918a534c135ca76f1f04d,cyber_llm_prompt_injection,Harden an agent against indirect prompt injection,ok,fail,2,7,101.551,20260912_112636,73.0
cybersecurity_agent_all_models_20260912,cybersecurity,cybersecurity-agent-v1,pi,qwen3.8:27b-mtp-q8_0,8a15828773037bdbb79b103ca20344c67a05251521b918a534c135ca76f1f04d,cyber_llm_tool_rag_security,Secure tool use and RAG against poisoning and exfiltration,ok,fail,7,8,123.616,20260912_112636,74.0
cybersecurity_agent_all_models_20260912,cybersecurity,cybersecurity-agent-v1,pi,qwen3.8:27b-mtp-q8_0,8a15828773037bdbb79b103ca20344c67a05251521b918a534c135ca76f1f04d,cyber_malware_static_analysis,Classify a harmless synthetic malware specimen,ok,pass,6,6,146.484,20260912_112636,71.0
cybersecurity_agent_all_models_20260912,cybersecurity,cybersecurity-agent-v1,pi,qwen3.8:27b-mtp-q8_0,8a15828773037bdbb79b103ca20344c67a05251521b918a534c135ca76f1f04d,cyber_pentest_attack_path,Plan and validate an authorized lab attack path,ok,pass,6,6,158.151,20260912_112636,71.0
cybersecurity_agent_all_models_20260912,cybersecurity,cybersecurity-agent-v1,pi,qwen3.8:27b-mtp-q8_0,8a15828773037bdbb79b103ca20344c67a05251521b918a534c135ca76f1f04d,cyber_sentinel_kql_detection,Write a Microsoft Sentinel KQL analytic,ok,pass,10,10,256.219,20260912_112636,77.0
cybersecurity_agent_all_models_20260912,cybersecurity,cybersecurity-agent-v1,pi,qwen3.8:27b-mtp-q8_0,8a15828773037bdbb79b103ca20344c67a05251521b918a534c135ca76f1f04d,cyber_sigma_detection,Author a portable Sigma detection,ok,pass,10,10,81.9,20260912_112636,72.0
cybersecurity_agent_all_models_20260912,cybersecurity,cybersecurity-agent-v1,pi,qwen3.8:27b-mtp-q8_0,8a15828773037bdbb79b103ca20344c67a05251521b918a534c135ca76f1f04d,cyber_soc_alert_triage,Triage a noisy alert bundle,ok,pass,6,6,195.463,20260912_112636,70.0
cybersecurity_agent_all_models_20260912,cybersecurity,cybersecurity-agent-v1,pi,qwen3.8:27b-mtp-q8_0,8a15828773037bdbb79b103ca20344c67a05251521b918a534c135ca76f1f04d,cyber_spl_detection,Write a Splunk SPL detection and triage query,ok,fail,7,9,72.848,20260912_112636,71.0
cybersecurity_agent_all_models_20260912,cybersecurity,cybersecurity-agent-v1,pi,qwen3.8:27b-mtp-q8_0,8a15828773037bdbb79b103ca20344c67a05251521b918a534c135ca76f1f04d,cyber_threat_report_synthesis,Synthesize actionable intelligence from mixed-confidence reporting,ok,fail,7,8,89.647,20260912_112636,71.0
cybersecurity_agent_all_models_20260912,cybersecurity,cybersecurity-agent-v1,pi,qwen3.8:27b-mtp-q8_0,8a15828773037bdbb79b103ca20344c67a05251521b918a534c135ca76f1f04d,cyber_vulnerability_cvss_triage,Triage vulnerabilities using CVSS v4 and exposure context,ok,fail,3,6,214.739,20260912_112636,75.0
cybersecurity_agent_all_models_20260912,cybersecurity,cybersecurity-agent-v1,pi,qwen3:8b,500a1f067a9f782620b40bee6f7b0c89e17ae61f686b92c24933e4ca4b2b8b41,cyber_advanced_protocol_reasoning,Diagnose advanced protocol and cryptographic failures,ok,fail,2,5,41.424,20260912_112636,74.0
cybersecurity_agent_all_models_20260912,cybersecurity,cybersecurity-agent-v1,pi,qwen3:8b,500a1f067a9f782620b40bee6f7b0c89e17ae61f686b92c24933e4ca4b2b8b41,cyber_api_bola_remediation,Remediate broken object-level authorization,ok,fail,0,1,288.582,20260912_112636,81.0
cybersecurity_agent_all_models_20260912,cybersecurity,cybersecurity-agent-v1,pi,qwen3:8b,500a1f067a9f782620b40bee6f7b0c89e17ae61f686b92c24933e4ca4b2b8b41,cyber_appsec_code_review,Perform a CWE-grounded application security review,ok,fail,0,1,49.457,20260912_112636,75.0
cybersecurity_agent_all_models_20260912,cybersecurity,cybersecurity-agent-v1,pi,qwen3:8b,500a1f067a9f782620b40bee6f7b0c89e17ae61f686b92c24933e4ca4b2b8b41,cyber_appsec_secure_patch,Patch an injection-prone local utility,ok,fail,5,7,101.062,20260912_112636,75.0
cybersecurity_agent_all_models_20260912,cybersecurity,cybersecurity-agent-v1,pi,qwen3:8b,500a1f067a9f782620b40bee6f7b0c89e17ae61f686b92c24933e4ca4b2b8b41,cyber_chronicle_yaral_detection,Write a Google SecOps YARA-L 2.0 correlation rule,ok,fail,0,1,66.535,20260912_112636,80.0
cybersecurity_agent_all_models_20260912,cybersecurity,cybersecurity-agent-v1,pi,qwen3:8b,500a1f067a9f782620b40bee6f7b0c89e17ae61f686b92c24933e4ca4b2b8b41,cyber_cloud_kubernetes_hardening,Harden cloud IAM and a Kubernetes workload,ok,fail,11,13,82.588,20260912_112636,78.0
cybersecurity_agent_all_models_20260912,cybersecurity,cybersecurity-agent-v1,pi,qwen3:8b,500a1f067a9f782620b40bee6f7b0c89e17ae61f686b92c24933e4ca4b2b8b41,cyber_ctf_multidiscipline,Solve a compact multidisciplinary CTF set,ok,fail,1,6,368.288,20260912_112636,83.0
cybersecurity_agent_all_models_20260912,cybersecurity,cybersecurity-agent-v1,pi,qwen3:8b,500a1f067a9f782620b40bee6f7b0c89e17ae61f686b92c24933e4ca4b2b8b41,cyber_cti_attack_mapping,Map observed behaviors to MITRE ATT&CK,ok,fail,1,5,60.232,20260912_112636,78.0
cybersecurity_agent_all_models_20260912,cybersecurity,cybersecurity-agent-v1,pi,qwen3:8b,500a1f067a9f782620b40bee6f7b0c89e17ae61f686b92c24933e4ca4b2b8b41,cyber_elastic_esql_detection,Write an Elastic ES|QL behavioral detection,ok,fail,9,11,54.244,20260912_112636,74.0
cybersecurity_agent_all_models_20260912,cybersecurity,cybersecurity-agent-v1,pi,qwen3:8b,500a1f067a9f782620b40bee6f7b0c89e17ae61f686b92c24933e4ca4b2b8b41,cyber_exploit_crash_analysis,Analyze exploitability of a synthetic native crash,ok,fail,5,6,56.99,20260912_112636,81.0
cybersecurity_agent_all_models_20260912,cybersecurity,cybersecurity-agent-v1,pi,qwen3:8b,500a1f067a9f782620b40bee6f7b0c89e17ae61f686b92c24933e4ca4b2b8b41,cyber_exploit_toy_poc,Build a constrained proof of concept for a toy service,ok,fail,9,11,42.75,20260912_112636,77.0
cybersecurity_agent_all_models_20260912,cybersecurity,cybersecurity-agent-v1,pi,qwen3:8b,500a1f067a9f782620b40bee6f7b0c89e17ae61f686b92c24933e4ca4b2b8b41,cyber_foundations_architecture,Reason about a segmented enterprise architecture,ok,fail,1,4,56.782,20260912_112636,70.0
cybersecurity_agent_all_models_20260912,cybersecurity,cybersecurity-agent-v1,pi,qwen3:8b,500a1f067a9f782620b40bee6f7b0c89e17ae61f686b92c24933e4ca4b2b8b41,cyber_governance_risk_prioritization,Prioritize cyber risk and response outcomes,ok,fail,0,1,66.541,20260912_112636,76.0
cybersecurity_agent_all_models_20260912,cybersecurity,cybersecurity-agent-v1,pi,qwen3:8b,500a1f067a9f782620b40bee6f7b0c89e17ae61f686b92c24933e4ca4b2b8b41,cyber_incident_timeline,Reconstruct an incident timeline and response plan,ok,fail,6,8,49.063,20260912_112636,77.0
cybersecurity_agent_all_models_20260912,cybersecurity,cybersecurity-agent-v1,pi,qwen3:8b,500a1f067a9f782620b40bee6f7b0c89e17ae61f686b92c24933e4ca4b2b8b41,cyber_llm_prompt_injection,Harden an agent against indirect prompt injection,ok,fail,0,1,46.431,20260912_112636,81.0
cybersecurity_agent_all_models_20260912,cybersecurity,cybersecurity-agent-v1,pi,qwen3:8b,500a1f067a9f782620b40bee6f7b0c89e17ae61f686b92c24933e4ca4b2b8b41,cyber_llm_tool_rag_security,Secure tool use and RAG against poisoning and exfiltration,ok,fail,7,8,52.02,20260912_112636,80.0
cybersecurity_agent_all_models_20260912,cybersecurity,cybersecurity-agent-v1,pi,qwen3:8b,500a1f067a9f782620b40bee6f7b0c89e17ae61f686b92c24933e4ca4b2b8b41,cyber_malware_static_analysis,Classify a harmless synthetic malware specimen,ok,fail,3,6,45.03,20260912_112636,74.0
cybersecurity_agent_all_models_20260912,cybersecurity,cybersecurity-agent-v1,pi,qwen3:8b,500a1f067a9f782620b40bee6f7b0c89e17ae61f686b92c24933e4ca4b2b8b41,cyber_pentest_attack_path,Plan and validate an authorized lab attack path,ok,pass,6,6,41.58,20260912_112636,78.0
cybersecurity_agent_all_models_20260912,cybersecurity,cybersecurity-agent-v1,pi,qwen3:8b,500a1f067a9f782620b40bee6f7b0c89e17ae61f686b92c24933e4ca4b2b8b41,cyber_sentinel_kql_detection,Write a Microsoft Sentinel KQL analytic,ok,pass,10,10,67.018,20260912_112636,76.0
cybersecurity_agent_all_models_20260912,cybersecurity,cybersecurity-agent-v1,pi,qwen3:8b,500a1f067a9f782620b40bee6f7b0c89e17ae61f686b92c24933e4ca4b2b8b41,cyber_sigma_detection,Author a portable Sigma detection,ok,fail,9,10,68.298,20260912_112636,77.0
cybersecurity_agent_all_models_20260912,cybersecurity,cybersecurity-agent-v1,pi,qwen3:8b,500a1f067a9f782620b40bee6f7b0c89e17ae61f686b92c24933e4ca4b2b8b41,cyber_soc_alert_triage,Triage a noisy alert bundle,ok,fail,5,6,39.233,20260912_112636,79.0
cybersecurity_agent_all_models_20260912,cybersecurity,cybersecurity-agent-v1,pi,qwen3:8b,500a1f067a9f782620b40bee6f7b0c89e17ae61f686b92c24933e4ca4b2b8b41,cyber_spl_detection,Write a Splunk SPL detection and triage query,ok,fail,0,1,60.419,20260912_112636,79.0
cybersecurity_agent_all_models_20260912,cybersecurity,cybersecurity-agent-v1,pi,qwen3:8b,500a1f067a9f782620b40bee6f7b0c89e17ae61f686b92c24933e4ca4b2b8b41,cyber_threat_report_synthesis,Synthesize actionable intelligence from mixed-confidence reporting,ok,fail,0,1,92.812,20260912_112636,78.0
cybersecurity_agent_all_models_20260912,cybersecurity,cybersecurity-agent-v1,pi,qwen3:8b,500a1f067a9f782620b40bee6f7b0c89e17ae61f686b92c24933e4ca4b2b8b41,cyber_vulnerability_cvss_triage,Triage vulnerabilities using CVSS v4 and exposure context,ok,fail,2,6,54.385,20260912_112636,73.0
cybersecurity_agent_all_models_20260912,cybersecurity,cybersecurity-agent-v1,openhands,deepseek-r1:32b-qwen-distill-q8_0,b177522350a4e9ddae851d8e6f3b54f9925de51357404047831a67e41dbaf343,cyber_advanced_protocol_reasoning,Diagnose advanced protocol and cryptographic failures,ok,fail,0,1,297.72,20260914_174716,74.0
cybersecurity_agent_all_models_20260912,cybersecurity,cybersecurity-agent-v1,openhands,deepseek-r1:32b-qwen-distill-q8_0,b177522350a4e9ddae851d8e6f3b54f9925de51357404047831a67e41dbaf343,cyber_api_bola_remediation,Remediate broken object-level authorization,ok,fail,0,1,207.568,20260914_174716,72.0
cybersecurity_agent_all_models_20260912,cybersecurity,cybersecurity-agent-v1,openhands,deepseek-r1:32b-qwen-distill-q8_0,b177522350a4e9ddae851d8e6f3b54f9925de51357404047831a67e41dbaf343,cyber_appsec_code_review,Perform a CWE-grounded application security review,ok,fail,0,1,193.6,20260914_174716,73.0
cybersecurity_agent_all_models_20260912,cybersecurity,cybersecurity-agent-v1,openhands,deepseek-r1:32b-qwen-distill-q8_0,b177522350a4e9ddae851d8e6f3b54f9925de51357404047831a67e41dbaf343,cyber_appsec_secure_patch,Patch an injection-prone local utility,ok,fail,0,1,242.308,20260914_174716,73.0
cybersecurity_agent_all_models_20260912,cybersecurity,cybersecurity-agent-v1,openhands,deepseek-r1:32b-qwen-distill-q8_0,b177522350a4e9ddae851d8e6f3b54f9925de51357404047831a67e41dbaf343,cyber_chronicle_yaral_detection,Write a Google SecOps YARA-L 2.0 correlation rule,ok,fail,0,1,245.069,20260914_174716,74.0
cybersecurity_agent_all_models_20260912,cybersecurity,cybersecurity-agent-v1,openhands,deepseek-r1:32b-qwen-distill-q8_0,b177522350a4e9ddae851d8e6f3b54f9925de51357404047831a67e41dbaf343,cyber_cloud_kubernetes_hardening,Harden cloud IAM and a Kubernetes workload,ok,fail,0,1,120.828,20260914_174716,72.0
cybersecurity_agent_all_models_20260912,cybersecurity,cybersecurity-agent-v1,openhands,deepseek-r1:32b-qwen-distill-q8_0,b177522350a4e9ddae851d8e6f3b54f9925de51357404047831a67e41dbaf343,cyber_ctf_multidiscipline,Solve a compact multidisciplinary CTF set,ok,fail,0,1,240.518,20260914_174716,71.0
cybersecurity_agent_all_models_20260912,cybersecurity,cybersecurity-agent-v1,openhands,deepseek-r1:32b-qwen-distill-q8_0,b177522350a4e9ddae851d8e6f3b54f9925de51357404047831a67e41dbaf343,cyber_cti_attack_mapping,Map observed behaviors to MITRE ATT&CK,ok,fail,0,1,236.3,20260914_174716,72.0
cybersecurity_agent_all_models_20260912,cybersecurity,cybersecurity-agent-v1,openhands,deepseek-r1:32b-qwen-distill-q8_0,b177522350a4e9ddae851d8e6f3b54f9925de51357404047831a67e41dbaf343,cyber_elastic_esql_detection,Write an Elastic ES|QL behavioral detection,ok,fail,0,1,183.557,20260914_174716,72.0
cybersecurity_agent_all_models_20260912,cybersecurity,cybersecurity-agent-v1,openhands,deepseek-r1:32b-qwen-distill-q8_0,b177522350a4e9ddae851d8e6f3b54f9925de51357404047831a67e41dbaf343,cyber_exploit_crash_analysis,Analyze exploitability of a synthetic native crash,ok,fail,0,1,1941.889,20260914_174716,73.0
cybersecurity_agent_all_models_20260912,cybersecurity,cybersecurity-agent-v1,openhands,deepseek-r1:32b-qwen-distill-q8_0,b177522350a4e9ddae851d8e6f3b54f9925de51357404047831a67e41dbaf343,cyber_exploit_toy_poc,Build a constrained proof of concept for a toy service,ok,fail,0,1,266.779,20260914_174716,73.0
cybersecurity_agent_all_models_20260912,cybersecurity,cybersecurity-agent-v1,openhands,deepseek-r1:32b-qwen-distill-q8_0,b177522350a4e9ddae851d8e6f3b54f9925de51357404047831a67e41dbaf343,cyber_foundations_architecture,Reason about a segmented enterprise architecture,ok,fail,0,1,220.85,20260914_174716,77.0
cybersecurity_agent_all_models_20260912,cybersecurity,cybersecurity-agent-v1,openhands,deepseek-r1:32b-qwen-distill-q8_0,b177522350a4e9ddae851d8e6f3b54f9925de51357404047831a67e41dbaf343,cyber_governance_risk_prioritization,Prioritize cyber risk and response outcomes,ok,fail,0,1,228.433,20260914_174716,73.0
cybersecurity_agent_all_models_20260912,cybersecurity,cybersecurity-agent-v1,openhands,deepseek-r1:32b-qwen-distill-q8_0,b177522350a4e9ddae851d8e6f3b54f9925de51357404047831a67e41dbaf343,cyber_incident_timeline,Reconstruct an incident timeline and response plan,ok,fail,0,1,197.26,20260914_174716,74.0
cybersecurity_agent_all_models_20260912,cybersecurity,cybersecurity-agent-v1,openhands,deepseek-r1:32b-qwen-distill-q8_0,b177522350a4e9ddae851d8e6f3b54f9925de51357404047831a67e41dbaf343,cyber_llm_prompt_injection,Harden an agent against indirect prompt injection,ok,fail,0,1,185.111,20260914_174716,72.0
cybersecurity_agent_all_models_20260912,cybersecurity,cybersecurity-agent-v1,openhands,deepseek-r1:32b-qwen-distill-q8_0,b177522350a4e9ddae851d8e6f3b54f9925de51357404047831a67e41dbaf343,cyber_llm_tool_rag_security,Secure tool use and RAG against poisoning and exfiltration,ok,fail,0,1,231.138,20260914_174716,72.0
cybersecurity_agent_all_models_20260912,cybersecurity,cybersecurity-agent-v1,openhands,deepseek-r1:32b-qwen-distill-q8_0,b177522350a4e9ddae851d8e6f3b54f9925de51357404047831a67e41dbaf343,cyber_malware_static_analysis,Classify a harmless synthetic malware specimen,ok,fail,0,1,223.248,20260914_174716,72.0
cybersecurity_agent_all_models_20260912,cybersecurity,cybersecurity-agent-v1,openhands,deepseek-r1:32b-qwen-distill-q8_0,b177522350a4e9ddae851d8e6f3b54f9925de51357404047831a67e41dbaf343,cyber_pentest_attack_path,Plan and validate an authorized lab attack path,ok,fail,0,1,180.799,20260914_174716,72.0
cybersecurity_agent_all_models_20260912,cybersecurity,cybersecurity-agent-v1,openhands,deepseek-r1:32b-qwen-distill-q8_0,b177522350a4e9ddae851d8e6f3b54f9925de51357404047831a67e41dbaf343,cyber_sentinel_kql_detection,Write a Microsoft Sentinel KQL analytic,ok,fail,0,1,198.314,20260914_174716,73.0
cybersecurity_agent_all_models_20260912,cybersecurity,cybersecurity-agent-v1,openhands,deepseek-r1:32b-qwen-distill-q8_0,b177522350a4e9ddae851d8e6f3b54f9925de51357404047831a67e41dbaf343,cyber_sigma_detection,Author a portable Sigma detection,ok,fail,0,1,179.324,20260914_174716,72.0
cybersecurity_agent_all_models_20260912,cybersecurity,cybersecurity-agent-v1,openhands,deepseek-r1:32b-qwen-distill-q8_0,b177522350a4e9ddae851d8e6f3b54f9925de51357404047831a67e41dbaf343,cyber_soc_alert_triage,Triage a noisy alert bundle,ok,fail,0,1,253.715,20260914_174716,72.0
cybersecurity_agent_all_models_20260912,cybersecurity,cybersecurity-agent-v1,openhands,deepseek-r1:32b-qwen-distill-q8_0,b177522350a4e9ddae851d8e6f3b54f9925de51357404047831a67e41dbaf343,cyber_spl_detection,Write a Splunk SPL detection and triage query,ok,fail,0,1,225.087,20260914_174716,73.0
cybersecurity_agent_all_models_20260912,cybersecurity,cybersecurity-agent-v1,openhands,deepseek-r1:32b-qwen-distill-q8_0,b177522350a4e9ddae851d8e6f3b54f9925de51357404047831a67e41dbaf343,cyber_threat_report_synthesis,Synthesize actionable intelligence from mixed-confidence reporting,ok,fail,0,1,188.406,20260914_174716,74.0
cybersecurity_agent_all_models_20260912,cybersecurity,cybersecurity-agent-v1,openhands,deepseek-r1:32b-qwen-distill-q8_0,b177522350a4e9ddae851d8e6f3b54f9925de51357404047831a67e41dbaf343,cyber_vulnerability_cvss_triage,Triage vulnerabilities using CVSS v4 and exposure context,ok,fail,0,1,209.308,20260914_174716,73.0
cybersecurity_agent_all_models_20260912,cybersecurity,cybersecurity-agent-v1,openhands,devstral-small-2:24b,24277f07f62db8f9cb68e9dfc679ea1818a7fbac47a50eff0a701d3f645b63c8,cyber_advanced_protocol_reasoning,Diagnose advanced protocol and cryptographic failures,ok,fail,0,1,80.106,20260914_174716,74.0
cybersecurity_agent_all_models_20260912,cybersecurity,cybersecurity-agent-v1,openhands,devstral-small-2:24b,24277f07f62db8f9cb68e9dfc679ea1818a7fbac47a50eff0a701d3f645b63c8,cyber_api_bola_remediation,Remediate broken object-level authorization,ok,fail,0,1,129.539,20260914_174716,77.0
cybersecurity_agent_all_models_20260912,cybersecurity,cybersecurity-agent-v1,openhands,devstral-small-2:24b,24277f07f62db8f9cb68e9dfc679ea1818a7fbac47a50eff0a701d3f645b63c8,cyber_appsec_code_review,Perform a CWE-grounded application security review,ok,fail,4,7,124.625,20260914_174716,75.0
cybersecurity_agent_all_models_20260912,cybersecurity,cybersecurity-agent-v1,openhands,devstral-small-2:24b,24277f07f62db8f9cb68e9dfc679ea1818a7fbac47a50eff0a701d3f645b63c8,cyber_appsec_secure_patch,Patch an injection-prone local utility,ok,fail,6,7,345.071,20260914_174716,75.0
cybersecurity_agent_all_models_20260912,cybersecurity,cybersecurity-agent-v1,openhands,devstral-small-2:24b,24277f07f62db8f9cb68e9dfc679ea1818a7fbac47a50eff0a701d3f645b63c8,cyber_chronicle_yaral_detection,Write a Google SecOps YARA-L 2.0 correlation rule,ok,fail,0,1,75.865,20260914_174716,75.0
cybersecurity_agent_all_models_20260912,cybersecurity,cybersecurity-agent-v1,openhands,devstral-small-2:24b,24277f07f62db8f9cb68e9dfc679ea1818a7fbac47a50eff0a701d3f645b63c8,cyber_cloud_kubernetes_hardening,Harden cloud IAM and a Kubernetes workload,ok,fail,3,13,164.579,20260914_174716,76.0
cybersecurity_agent_all_models_20260912,cybersecurity,cybersecurity-agent-v1,openhands,devstral-small-2:24b,24277f07f62db8f9cb68e9dfc679ea1818a7fbac47a50eff0a701d3f645b63c8,cyber_ctf_multidiscipline,Solve a compact multidisciplinary CTF set,ok,fail,0,1,168.358,20260914_174716,77.0
cybersecurity_agent_all_models_20260912,cybersecurity,cybersecurity-agent-v1,openhands,devstral-small-2:24b,24277f07f62db8f9cb68e9dfc679ea1818a7fbac47a50eff0a701d3f645b63c8,cyber_cti_attack_mapping,Map observed behaviors to MITRE ATT&CK,ok,fail,3,5,114.006,20260914_174716,75.0
cybersecurity_agent_all_models_20260912,cybersecurity,cybersecurity-agent-v1,openhands,devstral-small-2:24b,24277f07f62db8f9cb68e9dfc679ea1818a7fbac47a50eff0a701d3f645b63c8,cyber_elastic_esql_detection,Write an Elastic ES|QL behavioral detection,ok,fail,0,1,60.65,20260914_174716,74.0
cybersecurity_agent_all_models_20260912,cybersecurity,cybersecurity-agent-v1,openhands,devstral-small-2:24b,24277f07f62db8f9cb68e9dfc679ea1818a7fbac47a50eff0a701d3f645b63c8,cyber_exploit_crash_analysis,Analyze exploitability of a synthetic native crash,ok,fail,4,6,151.288,20260914_174716,75.0
cybersecurity_agent_all_models_20260912,cybersecurity,cybersecurity-agent-v1,openhands,devstral-small-2:24b,24277f07f62db8f9cb68e9dfc679ea1818a7fbac47a50eff0a701d3f645b63c8,cyber_exploit_toy_poc,Build a constrained proof of concept for a toy service,ok,fail,9,11,162.385,20260914_174716,76.0
cybersecurity_agent_all_models_20260912,cybersecurity,cybersecurity-agent-v1,openhands,devstral-small-2:24b,24277f07f62db8f9cb68e9dfc679ea1818a7fbac47a50eff0a701d3f645b63c8,cyber_foundations_architecture,Reason about a segmented enterprise architecture,ok,fail,1,4,112.495,20260914_174716,74.0
cybersecurity_agent_all_models_20260912,cybersecurity,cybersecurity-agent-v1,openhands,devstral-small-2:24b,24277f07f62db8f9cb68e9dfc679ea1818a7fbac47a50eff0a701d3f645b63c8,cyber_governance_risk_prioritization,Prioritize cyber risk and response outcomes,ok,fail,0,1,159.519,20260914_174716,76.0
cybersecurity_agent_all_models_20260912,cybersecurity,cybersecurity-agent-v1,openhands,devstral-small-2:24b,24277f07f62db8f9cb68e9dfc679ea1818a7fbac47a50eff0a701d3f645b63c8,cyber_incident_timeline,Reconstruct an incident timeline and response plan,ok,fail,7,8,152.275,20260914_174716,74.0
cybersecurity_agent_all_models_20260912,cybersecurity,cybersecurity-agent-v1,openhands,devstral-small-2:24b,24277f07f62db8f9cb68e9dfc679ea1818a7fbac47a50eff0a701d3f645b63c8,cyber_llm_prompt_injection,Harden an agent against indirect prompt injection,ok,fail,2,7,128.265,20260914_174716,75.0
cybersecurity_agent_all_models_20260912,cybersecurity,cybersecurity-agent-v1,openhands,devstral-small-2:24b,24277f07f62db8f9cb68e9dfc679ea1818a7fbac47a50eff0a701d3f645b63c8,cyber_llm_tool_rag_security,Secure tool use and RAG against poisoning and exfiltration,ok,pass,8,8,113.004,20260914_174716,76.0
cybersecurity_agent_all_models_20260912,cybersecurity,cybersecurity-agent-v1,openhands,devstral-small-2:24b,24277f07f62db8f9cb68e9dfc679ea1818a7fbac47a50eff0a701d3f645b63c8,cyber_malware_static_analysis,Classify a harmless synthetic malware specimen,ok,fail,5,6,125.025,20260914_174716,76.0
cybersecurity_agent_all_models_20260912,cybersecurity,cybersecurity-agent-v1,openhands,devstral-small-2:24b,24277f07f62db8f9cb68e9dfc679ea1818a7fbac47a50eff0a701d3f645b63c8,cyber_pentest_attack_path,Plan and validate an authorized lab attack path,ok,fail,5,6,180.197,20260914_174716,77.0
cybersecurity_agent_all_models_20260912,cybersecurity,cybersecurity-agent-v1,openhands,devstral-small-2:24b,24277f07f62db8f9cb68e9dfc679ea1818a7fbac47a50eff0a701d3f645b63c8,cyber_sentinel_kql_detection,Write a Microsoft Sentinel KQL analytic,ok,fail,0,1,102.632,20260914_174716,76.0
cybersecurity_agent_all_models_20260912,cybersecurity,cybersecurity-agent-v1,openhands,devstral-small-2:24b,24277f07f62db8f9cb68e9dfc679ea1818a7fbac47a50eff0a701d3f645b63c8,cyber_sigma_detection,Author a portable Sigma detection,ok,fail,0,1,75.039,20260914_174716,75.0
cybersecurity_agent_all_models_20260912,cybersecurity,cybersecurity-agent-v1,openhands,devstral-small-2:24b,24277f07f62db8f9cb68e9dfc679ea1818a7fbac47a50eff0a701d3f645b63c8,cyber_soc_alert_triage,Triage a noisy alert bundle,ok,pass,6,6,127.078,20260914_174716,75.0
cybersecurity_agent_all_models_20260912,cybersecurity,cybersecurity-agent-v1,openhands,devstral-small-2:24b,24277f07f62db8f9cb68e9dfc679ea1818a7fbac47a50eff0a701d3f645b63c8,cyber_spl_detection,Write a Splunk SPL detection and triage query,ok,fail,7,9,103.656,20260914_174716,76.0
cybersecurity_agent_all_models_20260912,cybersecurity,cybersecurity-agent-v1,openhands,devstral-small-2:24b,24277f07f62db8f9cb68e9dfc679ea1818a7fbac47a50eff0a701d3f645b63c8,cyber_threat_report_synthesis,Synthesize actionable intelligence from mixed-confidence reporting,ok,fail,0,1,108.45,20260914_174716,75.0
cybersecurity_agent_all_models_20260912,cybersecurity,cybersecurity-agent-v1,openhands,devstral-small-2:24b,24277f07f62db8f9cb68e9dfc679ea1818a7fbac47a50eff0a701d3f645b63c8,cyber_vulnerability_cvss_triage,Triage vulnerabilities using CVSS v4 and exposure context,ok,fail,0,1,81.72,20260914_174716,74.0
cybersecurity_agent_all_models_20260912,cybersecurity,cybersecurity-agent-v1,openhands,devstral:24b,9bd74193e93935e9d8564d88607b220a9d341c4a36b748cffcbd9ad4f47a9ca9,cyber_advanced_protocol_reasoning,Diagnose advanced protocol and cryptographic failures,ok,fail,0,1,26.826,20260914_174716,75.0
cybersecurity_agent_all_models_20260912,cybersecurity,cybersecurity-agent-v1,openhands,devstral:24b,9bd74193e93935e9d8564d88607b220a9d341c4a36b748cffcbd9ad4f47a9ca9,cyber_api_bola_remediation,Remediate broken object-level authorization,ok,fail,0,1,20.012,20260914_174716,72.0
cybersecurity_agent_all_models_20260912,cybersecurity,cybersecurity-agent-v1,openhands,devstral:24b,9bd74193e93935e9d8564d88607b220a9d341c4a36b748cffcbd9ad4f47a9ca9,cyber_appsec_code_review,Perform a CWE-grounded application security review,ok,fail,0,1,19.937,20260914_174716,72.0
cybersecurity_agent_all_models_20260912,cybersecurity,cybersecurity-agent-v1,openhands,devstral:24b,9bd74193e93935e9d8564d88607b220a9d341c4a36b748cffcbd9ad4f47a9ca9,cyber_appsec_secure_patch,Patch an injection-prone local utility,ok,fail,0,1,27.513,20260914_174716,72.0
cybersecurity_agent_all_models_20260912,cybersecurity,cybersecurity-agent-v1,openhands,devstral:24b,9bd74193e93935e9d8564d88607b220a9d341c4a36b748cffcbd9ad4f47a9ca9,cyber_chronicle_yaral_detection,Write a Google SecOps YARA-L 2.0 correlation rule,ok,fail,0,1,26.415,20260914_174716,74.0
cybersecurity_agent_all_models_20260912,cybersecurity,cybersecurity-agent-v1,openhands,devstral:24b,9bd74193e93935e9d8564d88607b220a9d341c4a36b748cffcbd9ad4f47a9ca9,cyber_cloud_kubernetes_hardening,Harden cloud IAM and a Kubernetes workload,ok,fail,0,1,25.792,20260914_174716,72.0
cybersecurity_agent_all_models_20260912,cybersecurity,cybersecurity-agent-v1,openhands,devstral:24b,9bd74193e93935e9d8564d88607b220a9d341c4a36b748cffcbd9ad4f47a9ca9,cyber_ctf_multidiscipline,Solve a compact multidisciplinary CTF set,ok,fail,0,1,26.133,20260914_174716,72.0
cybersecurity_agent_all_models_20260912,cybersecurity,cybersecurity-agent-v1,openhands,devstral:24b,9bd74193e93935e9d8564d88607b220a9d341c4a36b748cffcbd9ad4f47a9ca9,cyber_cti_attack_mapping,Map observed behaviors to MITRE ATT&CK,ok,fail,0,1,26.858,20260914_174716,73.0
cybersecurity_agent_all_models_20260912,cybersecurity,cybersecurity-agent-v1,openhands,devstral:24b,9bd74193e93935e9d8564d88607b220a9d341c4a36b748cffcbd9ad4f47a9ca9,cyber_elastic_esql_detection,Write an Elastic ES|QL behavioral detection,ok,fail,0,1,27.308,20260914_174716,73.0
cybersecurity_agent_all_models_20260912,cybersecurity,cybersecurity-agent-v1,openhands,devstral:24b,9bd74193e93935e9d8564d88607b220a9d341c4a36b748cffcbd9ad4f47a9ca9,cyber_exploit_crash_analysis,Analyze exploitability of a synthetic native crash,ok,fail,0,1,25.183,20260914_174716,72.0
cybersecurity_agent_all_models_20260912,cybersecurity,cybersecurity-agent-v1,openhands,devstral:24b,9bd74193e93935e9d8564d88607b220a9d341c4a36b748cffcbd9ad4f47a9ca9,cyber_exploit_toy_poc,Build a constrained proof of concept for a toy service,ok,fail,0,1,26.295,20260914_174716,72.0
cybersecurity_agent_all_models_20260912,cybersecurity,cybersecurity-agent-v1,openhands,devstral:24b,9bd74193e93935e9d8564d88607b220a9d341c4a36b748cffcbd9ad4f47a9ca9,cyber_foundations_architecture,Reason about a segmented enterprise architecture,ok,fail,0,1,26.442,20260914_174716,76.0
cybersecurity_agent_all_models_20260912,cybersecurity,cybersecurity-agent-v1,openhands,devstral:24b,9bd74193e93935e9d8564d88607b220a9d341c4a36b748cffcbd9ad4f47a9ca9,cyber_governance_risk_prioritization,Prioritize cyber risk and response outcomes,ok,fail,0,1,20.033,20260914_174716,75.0
cybersecurity_agent_all_models_20260912,cybersecurity,cybersecurity-agent-v1,openhands,devstral:24b,9bd74193e93935e9d8564d88607b220a9d341c4a36b748cffcbd9ad4f47a9ca9,cyber_incident_timeline,Reconstruct an incident timeline and response plan,ok,fail,0,1,25.854,20260914_174716,72.0
cybersecurity_agent_all_models_20260912,cybersecurity,cybersecurity-agent-v1,openhands,devstral:24b,9bd74193e93935e9d8564d88607b220a9d341c4a36b748cffcbd9ad4f47a9ca9,cyber_llm_prompt_injection,Harden an agent against indirect prompt injection,ok,fail,0,1,24.941,20260914_174716,73.0
cybersecurity_agent_all_models_20260912,cybersecurity,cybersecurity-agent-v1,openhands,devstral:24b,9bd74193e93935e9d8564d88607b220a9d341c4a36b748cffcbd9ad4f47a9ca9,cyber_llm_tool_rag_security,Secure tool use and RAG against poisoning and exfiltration,ok,fail,0,1,27.705,20260914_174716,72.0
cybersecurity_agent_all_models_20260912,cybersecurity,cybersecurity-agent-v1,openhands,devstral:24b,9bd74193e93935e9d8564d88607b220a9d341c4a36b748cffcbd9ad4f47a9ca9,cyber_malware_static_analysis,Classify a harmless synthetic malware specimen,ok,fail,0,1,26.463,20260914_174716,73.0
cybersecurity_agent_all_models_20260912,cybersecurity,cybersecurity-agent-v1,openhands,devstral:24b,9bd74193e93935e9d8564d88607b220a9d341c4a36b748cffcbd9ad4f47a9ca9,cyber_pentest_attack_path,Plan and validate an authorized lab attack path,ok,fail,0,1,19.704,20260914_174716,72.0
cybersecurity_agent_all_models_20260912,cybersecurity,cybersecurity-agent-v1,openhands,devstral:24b,9bd74193e93935e9d8564d88607b220a9d341c4a36b748cffcbd9ad4f47a9ca9,cyber_sentinel_kql_detection,Write a Microsoft Sentinel KQL analytic,ok,fail,0,1,33.199,20260914_174716,73.0
cybersecurity_agent_all_models_20260912,cybersecurity,cybersecurity-agent-v1,openhands,devstral:24b,9bd74193e93935e9d8564d88607b220a9d341c4a36b748cffcbd9ad4f47a9ca9,cyber_sigma_detection,Author a portable Sigma detection,ok,fail,0,1,25.865,20260914_174716,73.0
cybersecurity_agent_all_models_20260912,cybersecurity,cybersecurity-agent-v1,openhands,devstral:24b,9bd74193e93935e9d8564d88607b220a9d341c4a36b748cffcbd9ad4f47a9ca9,cyber_soc_alert_triage,Triage a noisy alert bundle,ok,fail,0,1,26.019,20260914_174716,73.0
cybersecurity_agent_all_models_20260912,cybersecurity,cybersecurity-agent-v1,openhands,devstral:24b,9bd74193e93935e9d8564d88607b220a9d341c4a36b748cffcbd9ad4f47a9ca9,cyber_spl_detection,Write a Splunk SPL detection and triage query,ok,fail,0,1,25.841,20260914_174716,73.0
cybersecurity_agent_all_models_20260912,cybersecurity,cybersecurity-agent-v1,openhands,devstral:24b,9bd74193e93935e9d8564d88607b220a9d341c4a36b748cffcbd9ad4f47a9ca9,cyber_threat_report_synthesis,Synthesize actionable intelligence from mixed-confidence reporting,ok,fail,0,1,26.362,20260914_174716,74.0
cybersecurity_agent_all_models_20260912,cybersecurity,cybersecurity-agent-v1,openhands,devstral:24b,9bd74193e93935e9d8564d88607b220a9d341c4a36b748cffcbd9ad4f47a9ca9,cyber_vulnerability_cvss_triage,Triage vulnerabilities using CVSS v4 and exposure context,ok,fail,0,1,26.953,20260914_174716,73.0
cybersecurity_agent_all_models_20260912,cybersecurity,cybersecurity-agent-v1,openhands,gemma4:31b,6316f0629137b426c9d9b853ffc4c8209589f30ee39aebede6285096c0ff47e7,cyber_advanced_protocol_reasoning,Diagnose advanced protocol and cryptographic failures,ok,fail,1,5,349.153,20260914_174716,74.0
cybersecurity_agent_all_models_20260912,cybersecurity,cybersecurity-agent-v1,openhands,gemma4:31b,6316f0629137b426c9d9b853ffc4c8209589f30ee39aebede6285096c0ff47e7,cyber_api_bola_remediation,Remediate broken object-level authorization,ok,fail,6,7,455.215,20260914_174716,73.0
cybersecurity_agent_all_models_20260912,cybersecurity,cybersecurity-agent-v1,openhands,gemma4:31b,6316f0629137b426c9d9b853ffc4c8209589f30ee39aebede6285096c0ff47e7,cyber_appsec_code_review,Perform a CWE-grounded application security review,ok,pass,7,7,194.374,20260914_174716,73.0
cybersecurity_agent_all_models_20260912,cybersecurity,cybersecurity-agent-v1,openhands,gemma4:31b,6316f0629137b426c9d9b853ffc4c8209589f30ee39aebede6285096c0ff47e7,cyber_appsec_secure_patch,Patch an injection-prone local utility,ok,fail,6,7,813.204,20260914_174716,74.0
cybersecurity_agent_all_models_20260912,cybersecurity,cybersecurity-agent-v1,openhands,gemma4:31b,6316f0629137b426c9d9b853ffc4c8209589f30ee39aebede6285096c0ff47e7,cyber_chronicle_yaral_detection,Write a Google SecOps YARA-L 2.0 correlation rule,ok,pass,13,13,360.182,20260914_174716,73.0
cybersecurity_agent_all_models_20260912,cybersecurity,cybersecurity-agent-v1,openhands,gemma4:31b,6316f0629137b426c9d9b853ffc4c8209589f30ee39aebede6285096c0ff47e7,cyber_cloud_kubernetes_hardening,Harden cloud IAM and a Kubernetes workload,ok,pass,13,13,260.365,20260914_174716,73.0
cybersecurity_agent_all_models_20260912,cybersecurity,cybersecurity-agent-v1,openhands,gemma4:31b,6316f0629137b426c9d9b853ffc4c8209589f30ee39aebede6285096c0ff47e7,cyber_ctf_multidiscipline,Solve a compact multidisciplinary CTF set,ok,pass,6,6,338.88,20260914_174716,74.0
cybersecurity_agent_all_models_20260912,cybersecurity,cybersecurity-agent-v1,openhands,gemma4:31b,6316f0629137b426c9d9b853ffc4c8209589f30ee39aebede6285096c0ff47e7,cyber_cti_attack_mapping,Map observed behaviors to MITRE ATT&CK,ok,fail,3,5,291.878,20260914_174716,74.0
cybersecurity_agent_all_models_20260912,cybersecurity,cybersecurity-agent-v1,openhands,gemma4:31b,6316f0629137b426c9d9b853ffc4c8209589f30ee39aebede6285096c0ff47e7,cyber_elastic_esql_detection,Write an Elastic ES|QL behavioral detection,ok,fail,10,11,226.519,20260914_174716,73.0
cybersecurity_agent_all_models_20260912,cybersecurity,cybersecurity-agent-v1,openhands,gemma4:31b,6316f0629137b426c9d9b853ffc4c8209589f30ee39aebede6285096c0ff47e7,cyber_exploit_crash_analysis,Analyze exploitability of a synthetic native crash,ok,fail,4,6,338.808,20260914_174716,74.0
cybersecurity_agent_all_models_20260912,cybersecurity,cybersecurity-agent-v1,openhands,gemma4:31b,6316f0629137b426c9d9b853ffc4c8209589f30ee39aebede6285096c0ff47e7,cyber_exploit_toy_poc,Build a constrained proof of concept for a toy service,ok,fail,9,11,250.178,20260914_174716,73.0
cybersecurity_agent_all_models_20260912,cybersecurity,cybersecurity-agent-v1,openhands,gemma4:31b,6316f0629137b426c9d9b853ffc4c8209589f30ee39aebede6285096c0ff47e7,cyber_foundations_architecture,Reason about a segmented enterprise architecture,ok,fail,1,4,582.503,20260914_174716,73.0
cybersecurity_agent_all_models_20260912,cybersecurity,cybersecurity-agent-v1,openhands,gemma4:31b,6316f0629137b426c9d9b853ffc4c8209589f30ee39aebede6285096c0ff47e7,cyber_governance_risk_prioritization,Prioritize cyber risk and response outcomes,ok,pass,7,7,283.739,20260914_174716,74.0
cybersecurity_agent_all_models_20260912,cybersecurity,cybersecurity-agent-v1,openhands,gemma4:31b,6316f0629137b426c9d9b853ffc4c8209589f30ee39aebede6285096c0ff47e7,cyber_incident_timeline,Reconstruct an incident timeline and response plan,ok,fail,7,8,211.157,20260914_174716,72.0
cybersecurity_agent_all_models_20260912,cybersecurity,cybersecurity-agent-v1,openhands,gemma4:31b,6316f0629137b426c9d9b853ffc4c8209589f30ee39aebede6285096c0ff47e7,cyber_llm_prompt_injection,Harden an agent against indirect prompt injection,ok,fail,2,7,211.063,20260914_174716,73.0
cybersecurity_agent_all_models_20260912,cybersecurity,cybersecurity-agent-v1,openhands,gemma4:31b,6316f0629137b426c9d9b853ffc4c8209589f30ee39aebede6285096c0ff47e7,cyber_llm_tool_rag_security,Secure tool use and RAG against poisoning and exfiltration,ok,fail,7,8,281.669,20260914_174716,74.0
cybersecurity_agent_all_models_20260912,cybersecurity,cybersecurity-agent-v1,openhands,gemma4:31b,6316f0629137b426c9d9b853ffc4c8209589f30ee39aebede6285096c0ff47e7,cyber_malware_static_analysis,Classify a harmless synthetic malware specimen,ok,pass,6,6,259.262,20260914_174716,73.0
cybersecurity_agent_all_models_20260912,cybersecurity,cybersecurity-agent-v1,openhands,gemma4:31b,6316f0629137b426c9d9b853ffc4c8209589f30ee39aebede6285096c0ff47e7,cyber_pentest_attack_path,Plan and validate an authorized lab attack path,ok,pass,6,6,213.632,20260914_174716,73.0
cybersecurity_agent_all_models_20260912,cybersecurity,cybersecurity-agent-v1,openhands,gemma4:31b,6316f0629137b426c9d9b853ffc4c8209589f30ee39aebede6285096c0ff47e7,cyber_sentinel_kql_detection,Write a Microsoft Sentinel KQL analytic,ok,pass,10,10,393.948,20260914_174716,73.0
cybersecurity_agent_all_models_20260912,cybersecurity,cybersecurity-agent-v1,openhands,gemma4:31b,6316f0629137b426c9d9b853ffc4c8209589f30ee39aebede6285096c0ff47e7,cyber_sigma_detection,Author a portable Sigma detection,ok,fail,7,10,257.996,20260914_174716,72.0
cybersecurity_agent_all_models_20260912,cybersecurity,cybersecurity-agent-v1,openhands,gemma4:31b,6316f0629137b426c9d9b853ffc4c8209589f30ee39aebede6285096c0ff47e7,cyber_soc_alert_triage,Triage a noisy alert bundle,ok,pass,6,6,180.082,20260914_174716,74.0
cybersecurity_agent_all_models_20260912,cybersecurity,cybersecurity-agent-v1,openhands,gemma4:31b,6316f0629137b426c9d9b853ffc4c8209589f30ee39aebede6285096c0ff47e7,cyber_spl_detection,Write a Splunk SPL detection and triage query,ok,pass,9,9,226.591,20260914_174716,72.0
cybersecurity_agent_all_models_20260912,cybersecurity,cybersecurity-agent-v1,openhands,gemma4:31b,6316f0629137b426c9d9b853ffc4c8209589f30ee39aebede6285096c0ff47e7,cyber_threat_report_synthesis,Synthesize actionable intelligence from mixed-confidence reporting,ok,fail,7,8,260.763,20260914_174716,74.0
cybersecurity_agent_all_models_20260912,cybersecurity,cybersecurity-agent-v1,openhands,gemma4:31b,6316f0629137b426c9d9b853ffc4c8209589f30ee39aebede6285096c0ff47e7,cyber_vulnerability_cvss_triage,Triage vulnerabilities using CVSS v4 and exposure context,ok,fail,3,6,371.764,20260914_174716,75.0
cybersecurity_agent_all_models_20260912,cybersecurity,cybersecurity-agent-v1,openhands,glm-4.7-flash:Q8_0,4420340fd3190fc6f5da59d85aeff8e74c8c401679b067c5d00df16efb98104d,cyber_advanced_protocol_reasoning,Diagnose advanced protocol and cryptographic failures,ok,fail,1,5,50.163,20260914_174716,72.0
cybersecurity_agent_all_models_20260912,cybersecurity,cybersecurity-agent-v1,openhands,glm-4.7-flash:Q8_0,4420340fd3190fc6f5da59d85aeff8e74c8c401679b067c5d00df16efb98104d,cyber_api_bola_remediation,Remediate broken object-level authorization,ok,fail,6,7,1908.102,20260914_174716,75.0
cybersecurity_agent_all_models_20260912,cybersecurity,cybersecurity-agent-v1,openhands,glm-4.7-flash:Q8_0,4420340fd3190fc6f5da59d85aeff8e74c8c401679b067c5d00df16efb98104d,cyber_appsec_code_review,Perform a CWE-grounded application security review,ok,pass,7,7,57.155,20260914_174716,69.0
cybersecurity_agent_all_models_20260912,cybersecurity,cybersecurity-agent-v1,openhands,glm-4.7-flash:Q8_0,4420340fd3190fc6f5da59d85aeff8e74c8c401679b067c5d00df16efb98104d,cyber_appsec_secure_patch,Patch an injection-prone local utility,ok,fail,5,7,161.598,20260914_174716,72.0
cybersecurity_agent_all_models_20260912,cybersecurity,cybersecurity-agent-v1,openhands,glm-4.7-flash:Q8_0,4420340fd3190fc6f5da59d85aeff8e74c8c401679b067c5d00df16efb98104d,cyber_chronicle_yaral_detection,Write a Google SecOps YARA-L 2.0 correlation rule,ok,fail,10,13,51.874,20260914_174716,68.0
cybersecurity_agent_all_models_20260912,cybersecurity,cybersecurity-agent-v1,openhands,glm-4.7-flash:Q8_0,4420340fd3190fc6f5da59d85aeff8e74c8c401679b067c5d00df16efb98104d,cyber_cloud_kubernetes_hardening,Harden cloud IAM and a Kubernetes workload,ok,fail,12,13,65.858,20260914_174716,69.0
cybersecurity_agent_all_models_20260912,cybersecurity,cybersecurity-agent-v1,openhands,glm-4.7-flash:Q8_0,4420340fd3190fc6f5da59d85aeff8e74c8c401679b067c5d00df16efb98104d,cyber_ctf_multidiscipline,Solve a compact multidisciplinary CTF set,ok,fail,5,6,104.515,20260914_174716,73.0
cybersecurity_agent_all_models_20260912,cybersecurity,cybersecurity-agent-v1,openhands,glm-4.7-flash:Q8_0,4420340fd3190fc6f5da59d85aeff8e74c8c401679b067c5d00df16efb98104d,cyber_cti_attack_mapping,Map observed behaviors to MITRE ATT&CK,ok,fail,2,5,55.184,20260914_174716,68.0
cybersecurity_agent_all_models_20260912,cybersecurity,cybersecurity-agent-v1,openhands,glm-4.7-flash:Q8_0,4420340fd3190fc6f5da59d85aeff8e74c8c401679b067c5d00df16efb98104d,cyber_elastic_esql_detection,Write an Elastic ES|QL behavioral detection,ok,fail,10,11,46.504,20260914_174716,67.0
cybersecurity_agent_all_models_20260912,cybersecurity,cybersecurity-agent-v1,openhands,glm-4.7-flash:Q8_0,4420340fd3190fc6f5da59d85aeff8e74c8c401679b067c5d00df16efb98104d,cyber_exploit_crash_analysis,Analyze exploitability of a synthetic native crash,ok,pass,6,6,59.116,20260914_174716,70.0
cybersecurity_agent_all_models_20260912,cybersecurity,cybersecurity-agent-v1,openhands,glm-4.7-flash:Q8_0,4420340fd3190fc6f5da59d85aeff8e74c8c401679b067c5d00df16efb98104d,cyber_exploit_toy_poc,Build a constrained proof of concept for a toy service,ok,fail,10,11,57.011,20260914_174716,72.0
cybersecurity_agent_all_models_20260912,cybersecurity,cybersecurity-agent-v1,openhands,glm-4.7-flash:Q8_0,4420340fd3190fc6f5da59d85aeff8e74c8c401679b067c5d00df16efb98104d,cyber_foundations_architecture,Reason about a segmented enterprise architecture,ok,fail,1,4,65.249,20260914_174716,73.0
cybersecurity_agent_all_models_20260912,cybersecurity,cybersecurity-agent-v1,openhands,glm-4.7-flash:Q8_0,4420340fd3190fc6f5da59d85aeff8e74c8c401679b067c5d00df16efb98104d,cyber_governance_risk_prioritization,Prioritize cyber risk and response outcomes,ok,pass,7,7,58.529,20260914_174716,71.0
cybersecurity_agent_all_models_20260912,cybersecurity,cybersecurity-agent-v1,openhands,glm-4.7-flash:Q8_0,4420340fd3190fc6f5da59d85aeff8e74c8c401679b067c5d00df16efb98104d,cyber_incident_timeline,Reconstruct an incident timeline and response plan,ok,pass,8,8,56.817,20260914_174716,71.0
cybersecurity_agent_all_models_20260912,cybersecurity,cybersecurity-agent-v1,openhands,glm-4.7-flash:Q8_0,4420340fd3190fc6f5da59d85aeff8e74c8c401679b067c5d00df16efb98104d,cyber_llm_prompt_injection,Harden an agent against indirect prompt injection,ok,fail,2,7,55.557,20260914_174716,69.0
cybersecurity_agent_all_models_20260912,cybersecurity,cybersecurity-agent-v1,openhands,glm-4.7-flash:Q8_0,4420340fd3190fc6f5da59d85aeff8e74c8c401679b067c5d00df16efb98104d,cyber_llm_tool_rag_security,Secure tool use and RAG against poisoning and exfiltration,ok,fail,7,8,59.908,20260914_174716,70.0
cybersecurity_agent_all_models_20260912,cybersecurity,cybersecurity-agent-v1,openhands,glm-4.7-flash:Q8_0,4420340fd3190fc6f5da59d85aeff8e74c8c401679b067c5d00df16efb98104d,cyber_malware_static_analysis,Classify a harmless synthetic malware specimen,ok,fail,5,6,69.559,20260914_174716,69.0
cybersecurity_agent_all_models_20260912,cybersecurity,cybersecurity-agent-v1,openhands,glm-4.7-flash:Q8_0,4420340fd3190fc6f5da59d85aeff8e74c8c401679b067c5d00df16efb98104d,cyber_pentest_attack_path,Plan and validate an authorized lab attack path,ok,pass,6,6,58.783,20260914_174716,71.0
cybersecurity_agent_all_models_20260912,cybersecurity,cybersecurity-agent-v1,openhands,glm-4.7-flash:Q8_0,4420340fd3190fc6f5da59d85aeff8e74c8c401679b067c5d00df16efb98104d,cyber_sentinel_kql_detection,Write a Microsoft Sentinel KQL analytic,ok,fail,9,10,58.324,20260914_174716,69.0
cybersecurity_agent_all_models_20260912,cybersecurity,cybersecurity-agent-v1,openhands,glm-4.7-flash:Q8_0,4420340fd3190fc6f5da59d85aeff8e74c8c401679b067c5d00df16efb98104d,cyber_sigma_detection,Author a portable Sigma detection,ok,pass,10,10,47.17,20260914_174716,71.0
cybersecurity_agent_all_models_20260912,cybersecurity,cybersecurity-agent-v1,openhands,glm-4.7-flash:Q8_0,4420340fd3190fc6f5da59d85aeff8e74c8c401679b067c5d00df16efb98104d,cyber_soc_alert_triage,Triage a noisy alert bundle,ok,fail,5,6,60.046,20260914_174716,68.0
cybersecurity_agent_all_models_20260912,cybersecurity,cybersecurity-agent-v1,openhands,glm-4.7-flash:Q8_0,4420340fd3190fc6f5da59d85aeff8e74c8c401679b067c5d00df16efb98104d,cyber_spl_detection,Write a Splunk SPL detection and triage query,ok,fail,6,9,53.606,20260914_174716,69.0
cybersecurity_agent_all_models_20260912,cybersecurity,cybersecurity-agent-v1,openhands,glm-4.7-flash:Q8_0,4420340fd3190fc6f5da59d85aeff8e74c8c401679b067c5d00df16efb98104d,cyber_threat_report_synthesis,Synthesize actionable intelligence from mixed-confidence reporting,ok,fail,7,8,45.928,20260914_174716,68.0
cybersecurity_agent_all_models_20260912,cybersecurity,cybersecurity-agent-v1,openhands,glm-4.7-flash:Q8_0,4420340fd3190fc6f5da59d85aeff8e74c8c401679b067c5d00df16efb98104d,cyber_vulnerability_cvss_triage,Triage vulnerabilities using CVSS v4 and exposure context,ok,fail,2,6,63.841,20260914_174716,68.0
cybersecurity_agent_all_models_20260912,cybersecurity,cybersecurity-agent-v1,openhands,glm-4.7-flash:bf16,b0f42cc1a61283c9173423ba0a0f4fb7b6b5cc8d520a09037d28e0956eb24f34,cyber_advanced_protocol_reasoning,Diagnose advanced protocol and cryptographic failures,ok,fail,1,5,82.354,20260914_174716,65.0
cybersecurity_agent_all_models_20260912,cybersecurity,cybersecurity-agent-v1,openhands,glm-4.7-flash:bf16,b0f42cc1a61283c9173423ba0a0f4fb7b6b5cc8d520a09037d28e0956eb24f34,cyber_api_bola_remediation,Remediate broken object-level authorization,ok,fail,6,7,397.093,20260914_174716,72.0
cybersecurity_agent_all_models_20260912,cybersecurity,cybersecurity-agent-v1,openhands,glm-4.7-flash:bf16,b0f42cc1a61283c9173423ba0a0f4fb7b6b5cc8d520a09037d28e0956eb24f34,cyber_appsec_code_review,Perform a CWE-grounded application security review,ok,pass,7,7,84.956,20260914_174716,64.0
cybersecurity_agent_all_models_20260912,cybersecurity,cybersecurity-agent-v1,openhands,glm-4.7-flash:bf16,b0f42cc1a61283c9173423ba0a0f4fb7b6b5cc8d520a09037d28e0956eb24f34,cyber_appsec_secure_patch,Patch an injection-prone local utility,ok,fail,5,7,325.308,20260914_174716,70.0
cybersecurity_agent_all_models_20260912,cybersecurity,cybersecurity-agent-v1,openhands,glm-4.7-flash:bf16,b0f42cc1a61283c9173423ba0a0f4fb7b6b5cc8d520a09037d28e0956eb24f34,cyber_chronicle_yaral_detection,Write a Google SecOps YARA-L 2.0 correlation rule,ok,fail,12,13,83.686,20260914_174716,63.0
cybersecurity_agent_all_models_20260912,cybersecurity,cybersecurity-agent-v1,openhands,glm-4.7-flash:bf16,b0f42cc1a61283c9173423ba0a0f4fb7b6b5cc8d520a09037d28e0956eb24f34,cyber_cloud_kubernetes_hardening,Harden cloud IAM and a Kubernetes workload,ok,fail,12,13,98.198,20260914_174716,65.0
cybersecurity_agent_all_models_20260912,cybersecurity,cybersecurity-agent-v1,openhands,glm-4.7-flash:bf16,b0f42cc1a61283c9173423ba0a0f4fb7b6b5cc8d520a09037d28e0956eb24f34,cyber_ctf_multidiscipline,Solve a compact multidisciplinary CTF set,ok,fail,5,6,166.343,20260914_174716,66.0
cybersecurity_agent_all_models_20260912,cybersecurity,cybersecurity-agent-v1,openhands,glm-4.7-flash:bf16,b0f42cc1a61283c9173423ba0a0f4fb7b6b5cc8d520a09037d28e0956eb24f34,cyber_cti_attack_mapping,Map observed behaviors to MITRE ATT&CK,ok,fail,2,5,74.967,20260914_174716,64.0
cybersecurity_agent_all_models_20260912,cybersecurity,cybersecurity-agent-v1,openhands,glm-4.7-flash:bf16,b0f42cc1a61283c9173423ba0a0f4fb7b6b5cc8d520a09037d28e0956eb24f34,cyber_elastic_esql_detection,Write an Elastic ES|QL behavioral detection,ok,fail,10,11,69.393,20260914_174716,63.0
cybersecurity_agent_all_models_20260912,cybersecurity,cybersecurity-agent-v1,openhands,glm-4.7-flash:bf16,b0f42cc1a61283c9173423ba0a0f4fb7b6b5cc8d520a09037d28e0956eb24f34,cyber_exploit_crash_analysis,Analyze exploitability of a synthetic native crash,ok,pass,6,6,92.306,20260914_174716,67.0
cybersecurity_agent_all_models_20260912,cybersecurity,cybersecurity-agent-v1,openhands,glm-4.7-flash:bf16,b0f42cc1a61283c9173423ba0a0f4fb7b6b5cc8d520a09037d28e0956eb24f34,cyber_exploit_toy_poc,Build a constrained proof of concept for a toy service,ok,fail,8,11,102.788,20260914_174716,66.0
cybersecurity_agent_all_models_20260912,cybersecurity,cybersecurity-agent-v1,openhands,glm-4.7-flash:bf16,b0f42cc1a61283c9173423ba0a0f4fb7b6b5cc8d520a09037d28e0956eb24f34,cyber_foundations_architecture,Reason about a segmented enterprise architecture,ok,fail,1,4,110.383,20260914_174716,71.0
cybersecurity_agent_all_models_20260912,cybersecurity,cybersecurity-agent-v1,openhands,glm-4.7-flash:bf16,b0f42cc1a61283c9173423ba0a0f4fb7b6b5cc8d520a09037d28e0956eb24f34,cyber_governance_risk_prioritization,Prioritize cyber risk and response outcomes,ok,fail,6,7,82.902,20260914_174716,66.0
cybersecurity_agent_all_models_20260912,cybersecurity,cybersecurity-agent-v1,openhands,glm-4.7-flash:bf16,b0f42cc1a61283c9173423ba0a0f4fb7b6b5cc8d520a09037d28e0956eb24f34,cyber_incident_timeline,Reconstruct an incident timeline and response plan,ok,fail,7,8,93.833,20260914_174716,66.0
cybersecurity_agent_all_models_20260912,cybersecurity,cybersecurity-agent-v1,openhands,glm-4.7-flash:bf16,b0f42cc1a61283c9173423ba0a0f4fb7b6b5cc8d520a09037d28e0956eb24f34,cyber_llm_prompt_injection,Harden an agent against indirect prompt injection,ok,fail,2,7,83.861,20260914_174716,65.0
cybersecurity_agent_all_models_20260912,cybersecurity,cybersecurity-agent-v1,openhands,glm-4.7-flash:bf16,b0f42cc1a61283c9173423ba0a0f4fb7b6b5cc8d520a09037d28e0956eb24f34,cyber_llm_tool_rag_security,Secure tool use and RAG against poisoning and exfiltration,ok,fail,7,8,97.753,20260914_174716,65.0
cybersecurity_agent_all_models_20260912,cybersecurity,cybersecurity-agent-v1,openhands,glm-4.7-flash:bf16,b0f42cc1a61283c9173423ba0a0f4fb7b6b5cc8d520a09037d28e0956eb24f34,cyber_malware_static_analysis,Classify a harmless synthetic malware specimen,ok,fail,5,6,92.644,20260914_174716,63.0
cybersecurity_agent_all_models_20260912,cybersecurity,cybersecurity-agent-v1,openhands,glm-4.7-flash:bf16,b0f42cc1a61283c9173423ba0a0f4fb7b6b5cc8d520a09037d28e0956eb24f34,cyber_pentest_attack_path,Plan and validate an authorized lab attack path,ok,pass,6,6,86.067,20260914_174716,66.0
cybersecurity_agent_all_models_20260912,cybersecurity,cybersecurity-agent-v1,openhands,glm-4.7-flash:bf16,b0f42cc1a61283c9173423ba0a0f4fb7b6b5cc8d520a09037d28e0956eb24f34,cyber_sentinel_kql_detection,Write a Microsoft Sentinel KQL analytic,ok,pass,10,10,82.27,20260914_174716,63.0
cybersecurity_agent_all_models_20260912,cybersecurity,cybersecurity-agent-v1,openhands,glm-4.7-flash:bf16,b0f42cc1a61283c9173423ba0a0f4fb7b6b5cc8d520a09037d28e0956eb24f34,cyber_sigma_detection,Author a portable Sigma detection,ok,fail,9,10,67.799,20260914_174716,63.0
cybersecurity_agent_all_models_20260912,cybersecurity,cybersecurity-agent-v1,openhands,glm-4.7-flash:bf16,b0f42cc1a61283c9173423ba0a0f4fb7b6b5cc8d520a09037d28e0956eb24f34,cyber_soc_alert_triage,Triage a noisy alert bundle,ok,pass,6,6,97.548,20260914_174716,63.0
cybersecurity_agent_all_models_20260912,cybersecurity,cybersecurity-agent-v1,openhands,glm-4.7-flash:bf16,b0f42cc1a61283c9173423ba0a0f4fb7b6b5cc8d520a09037d28e0956eb24f34,cyber_spl_detection,Write a Splunk SPL detection and triage query,ok,fail,6,9,83.54,20260914_174716,64.0
cybersecurity_agent_all_models_20260912,cybersecurity,cybersecurity-agent-v1,openhands,glm-4.7-flash:bf16,b0f42cc1a61283c9173423ba0a0f4fb7b6b5cc8d520a09037d28e0956eb24f34,cyber_threat_report_synthesis,Synthesize actionable intelligence from mixed-confidence reporting,ok,fail,7,8,77.046,20260914_174716,64.0
cybersecurity_agent_all_models_20260912,cybersecurity,cybersecurity-agent-v1,openhands,glm-4.7-flash:bf16,b0f42cc1a61283c9173423ba0a0f4fb7b6b5cc8d520a09037d28e0956eb24f34,cyber_vulnerability_cvss_triage,Triage vulnerabilities using CVSS v4 and exposure context,ok,fail,3,6,101.068,20260914_174716,66.0
cybersecurity_agent_all_models_20260912,cybersecurity,cybersecurity-agent-v1,openhands,glm-4.7-flash:latest,4475827791a269b02c8ec49b1c3bc1abb5846bacf3fae015b75d33986322d8f6,cyber_advanced_protocol_reasoning,Diagnose advanced protocol and cryptographic failures,ok,fail,2,5,43.545,20260914_174716,71.0
cybersecurity_agent_all_models_20260912,cybersecurity,cybersecurity-agent-v1,openhands,glm-4.7-flash:latest,4475827791a269b02c8ec49b1c3bc1abb5846bacf3fae015b75d33986322d8f6,cyber_api_bola_remediation,Remediate broken object-level authorization,ok,fail,6,7,125.971,20260914_174716,78.0
cybersecurity_agent_all_models_20260912,cybersecurity,cybersecurity-agent-v1,openhands,glm-4.7-flash:latest,4475827791a269b02c8ec49b1c3bc1abb5846bacf3fae015b75d33986322d8f6,cyber_appsec_code_review,Perform a CWE-grounded application security review,ok,fail,6,7,46.116,20260914_174716,74.0
cybersecurity_agent_all_models_20260912,cybersecurity,cybersecurity-agent-v1,openhands,glm-4.7-flash:latest,4475827791a269b02c8ec49b1c3bc1abb5846bacf3fae015b75d33986322d8f6,cyber_appsec_secure_patch,Patch an injection-prone local utility,ok,fail,5,7,156.721,20260914_174716,77.0
cybersecurity_agent_all_models_20260912,cybersecurity,cybersecurity-agent-v1,openhands,glm-4.7-flash:latest,4475827791a269b02c8ec49b1c3bc1abb5846bacf3fae015b75d33986322d8f6,cyber_chronicle_yaral_detection,Write a Google SecOps YARA-L 2.0 correlation rule,ok,fail,12,13,49.96,20260914_174716,73.0
cybersecurity_agent_all_models_20260912,cybersecurity,cybersecurity-agent-v1,openhands,glm-4.7-flash:latest,4475827791a269b02c8ec49b1c3bc1abb5846bacf3fae015b75d33986322d8f6,cyber_cloud_kubernetes_hardening,Harden cloud IAM and a Kubernetes workload,ok,fail,12,13,54.371,20260914_174716,76.0
cybersecurity_agent_all_models_20260912,cybersecurity,cybersecurity-agent-v1,openhands,glm-4.7-flash:latest,4475827791a269b02c8ec49b1c3bc1abb5846bacf3fae015b75d33986322d8f6,cyber_ctf_multidiscipline,Solve a compact multidisciplinary CTF set,ok,fail,5,6,1908.649,20260914_174716,79.0
cybersecurity_agent_all_models_20260912,cybersecurity,cybersecurity-agent-v1,openhands,glm-4.7-flash:latest,4475827791a269b02c8ec49b1c3bc1abb5846bacf3fae015b75d33986322d8f6,cyber_cti_attack_mapping,Map observed behaviors to MITRE ATT&CK,ok,fail,2,5,39.512,20260914_174716,72.0
cybersecurity_agent_all_models_20260912,cybersecurity,cybersecurity-agent-v1,openhands,glm-4.7-flash:latest,4475827791a269b02c8ec49b1c3bc1abb5846bacf3fae015b75d33986322d8f6,cyber_elastic_esql_detection,Write an Elastic ES|QL behavioral detection,ok,fail,10,11,35.891,20260914_174716,72.0
cybersecurity_agent_all_models_20260912,cybersecurity,cybersecurity-agent-v1,openhands,glm-4.7-flash:latest,4475827791a269b02c8ec49b1c3bc1abb5846bacf3fae015b75d33986322d8f6,cyber_exploit_crash_analysis,Analyze exploitability of a synthetic native crash,ok,fail,5,6,49.988,20260914_174716,77.0
cybersecurity_agent_all_models_20260912,cybersecurity,cybersecurity-agent-v1,openhands,glm-4.7-flash:latest,4475827791a269b02c8ec49b1c3bc1abb5846bacf3fae015b75d33986322d8f6,cyber_exploit_toy_poc,Build a constrained proof of concept for a toy service,ok,fail,9,11,45.449,20260914_174716,75.0
cybersecurity_agent_all_models_20260912,cybersecurity,cybersecurity-agent-v1,openhands,glm-4.7-flash:latest,4475827791a269b02c8ec49b1c3bc1abb5846bacf3fae015b75d33986322d8f6,cyber_foundations_architecture,Reason about a segmented enterprise architecture,ok,fail,1,4,47.753,20260914_174716,72.0
cybersecurity_agent_all_models_20260912,cybersecurity,cybersecurity-agent-v1,openhands,glm-4.7-flash:latest,4475827791a269b02c8ec49b1c3bc1abb5846bacf3fae015b75d33986322d8f6,cyber_governance_risk_prioritization,Prioritize cyber risk and response outcomes,ok,fail,6,7,45.287,20260914_174716,72.0
cybersecurity_agent_all_models_20260912,cybersecurity,cybersecurity-agent-v1,openhands,glm-4.7-flash:latest,4475827791a269b02c8ec49b1c3bc1abb5846bacf3fae015b75d33986322d8f6,cyber_incident_timeline,Reconstruct an incident timeline and response plan,ok,fail,7,8,45.148,20260914_174716,73.0
cybersecurity_agent_all_models_20260912,cybersecurity,cybersecurity-agent-v1,openhands,glm-4.7-flash:latest,4475827791a269b02c8ec49b1c3bc1abb5846bacf3fae015b75d33986322d8f6,cyber_llm_prompt_injection,Harden an agent against indirect prompt injection,ok,fail,2,7,43.53,20260914_174716,76.0
cybersecurity_agent_all_models_20260912,cybersecurity,cybersecurity-agent-v1,openhands,glm-4.7-flash:latest,4475827791a269b02c8ec49b1c3bc1abb5846bacf3fae015b75d33986322d8f6,cyber_llm_tool_rag_security,Secure tool use and RAG against poisoning and exfiltration,ok,fail,7,8,51.432,20260914_174716,78.0
cybersecurity_agent_all_models_20260912,cybersecurity,cybersecurity-agent-v1,openhands,glm-4.7-flash:latest,4475827791a269b02c8ec49b1c3bc1abb5846bacf3fae015b75d33986322d8f6,cyber_malware_static_analysis,Classify a harmless synthetic malware specimen,ok,pass,6,6,56.139,20260914_174716,76.0
cybersecurity_agent_all_models_20260912,cybersecurity,cybersecurity-agent-v1,openhands,glm-4.7-flash:latest,4475827791a269b02c8ec49b1c3bc1abb5846bacf3fae015b75d33986322d8f6,cyber_pentest_attack_path,Plan and validate an authorized lab attack path,ok,pass,6,6,44.384,20260914_174716,75.0
cybersecurity_agent_all_models_20260912,cybersecurity,cybersecurity-agent-v1,openhands,glm-4.7-flash:latest,4475827791a269b02c8ec49b1c3bc1abb5846bacf3fae015b75d33986322d8f6,cyber_sentinel_kql_detection,Write a Microsoft Sentinel KQL analytic,ok,fail,9,10,47.683,20260914_174716,74.0
cybersecurity_agent_all_models_20260912,cybersecurity,cybersecurity-agent-v1,openhands,glm-4.7-flash:latest,4475827791a269b02c8ec49b1c3bc1abb5846bacf3fae015b75d33986322d8f6,cyber_sigma_detection,Author a portable Sigma detection,ok,fail,9,10,40.222,20260914_174716,74.0
cybersecurity_agent_all_models_20260912,cybersecurity,cybersecurity-agent-v1,openhands,glm-4.7-flash:latest,4475827791a269b02c8ec49b1c3bc1abb5846bacf3fae015b75d33986322d8f6,cyber_soc_alert_triage,Triage a noisy alert bundle,ok,fail,5,6,51.908,20260914_174716,72.0
cybersecurity_agent_all_models_20260912,cybersecurity,cybersecurity-agent-v1,openhands,glm-4.7-flash:latest,4475827791a269b02c8ec49b1c3bc1abb5846bacf3fae015b75d33986322d8f6,cyber_spl_detection,Write a Splunk SPL detection and triage query,ok,fail,6,9,45.684,20260914_174716,73.0
cybersecurity_agent_all_models_20260912,cybersecurity,cybersecurity-agent-v1,openhands,glm-4.7-flash:latest,4475827791a269b02c8ec49b1c3bc1abb5846bacf3fae015b75d33986322d8f6,cyber_threat_report_synthesis,Synthesize actionable intelligence from mixed-confidence reporting,ok,fail,7,8,45.476,20260914_174716,74.0
cybersecurity_agent_all_models_20260912,cybersecurity,cybersecurity-agent-v1,openhands,glm-4.7-flash:latest,4475827791a269b02c8ec49b1c3bc1abb5846bacf3fae015b75d33986322d8f6,cyber_vulnerability_cvss_triage,Triage vulnerabilities using CVSS v4 and exposure context,ok,fail,2,6,52.752,20260914_174716,72.0
cybersecurity_agent_all_models_20260912,cybersecurity,cybersecurity-agent-v1,openhands,gpt-oss:120b,a951a23b46a1f6093dafee2ea481d634b4e31ac720a8a16f3f91e04f5a40ecd9,cyber_advanced_protocol_reasoning,Diagnose advanced protocol and cryptographic failures,ok,fail,1,5,55.482,20260914_174716,66.0
cybersecurity_agent_all_models_20260912,cybersecurity,cybersecurity-agent-v1,openhands,gpt-oss:120b,a951a23b46a1f6093dafee2ea481d634b4e31ac720a8a16f3f91e04f5a40ecd9,cyber_api_bola_remediation,Remediate broken object-level authorization,error,fail,6,7,96.069,20260914_174716,68.0
cybersecurity_agent_all_models_20260912,cybersecurity,cybersecurity-agent-v1,openhands,gpt-oss:120b,a951a23b46a1f6093dafee2ea481d634b4e31ac720a8a16f3f91e04f5a40ecd9,cyber_appsec_code_review,Perform a CWE-grounded application security review,ok,fail,0,1,45.206,20260914_174716,66.0
cybersecurity_agent_all_models_20260912,cybersecurity,cybersecurity-agent-v1,openhands,gpt-oss:120b,a951a23b46a1f6093dafee2ea481d634b4e31ac720a8a16f3f91e04f5a40ecd9,cyber_appsec_secure_patch,Patch an injection-prone local utility,error,fail,0,1,101.418,20260914_174716,66.0
cybersecurity_agent_all_models_20260912,cybersecurity,cybersecurity-agent-v1,openhands,gpt-oss:120b,a951a23b46a1f6093dafee2ea481d634b4e31ac720a8a16f3f91e04f5a40ecd9,cyber_chronicle_yaral_detection,Write a Google SecOps YARA-L 2.0 correlation rule,ok,fail,12,13,175.374,20260914_174716,69.0
cybersecurity_agent_all_models_20260912,cybersecurity,cybersecurity-agent-v1,openhands,gpt-oss:120b,a951a23b46a1f6093dafee2ea481d634b4e31ac720a8a16f3f91e04f5a40ecd9,cyber_cloud_kubernetes_hardening,Harden cloud IAM and a Kubernetes workload,ok,fail,12,13,77.078,20260914_174716,67.0
cybersecurity_agent_all_models_20260912,cybersecurity,cybersecurity-agent-v1,openhands,gpt-oss:120b,a951a23b46a1f6093dafee2ea481d634b4e31ac720a8a16f3f91e04f5a40ecd9,cyber_ctf_multidiscipline,Solve a compact multidisciplinary CTF set,ok,pass,6,6,97.915,20260914_174716,67.0
cybersecurity_agent_all_models_20260912,cybersecurity,cybersecurity-agent-v1,openhands,gpt-oss:120b,a951a23b46a1f6093dafee2ea481d634b4e31ac720a8a16f3f91e04f5a40ecd9,cyber_cti_attack_mapping,Map observed behaviors to MITRE ATT&CK,ok,fail,4,5,44.051,20260914_174716,66.0
cybersecurity_agent_all_models_20260912,cybersecurity,cybersecurity-agent-v1,openhands,gpt-oss:120b,a951a23b46a1f6093dafee2ea481d634b4e31ac720a8a16f3f91e04f5a40ecd9,cyber_elastic_esql_detection,Write an Elastic ES|QL behavioral detection,ok,fail,10,11,53.552,20260914_174716,68.0
cybersecurity_agent_all_models_20260912,cybersecurity,cybersecurity-agent-v1,openhands,gpt-oss:120b,a951a23b46a1f6093dafee2ea481d634b4e31ac720a8a16f3f91e04f5a40ecd9,cyber_exploit_crash_analysis,Analyze exploitability of a synthetic native crash,ok,fail,0,1,54.212,20260914_174716,67.0
cybersecurity_agent_all_models_20260912,cybersecurity,cybersecurity-agent-v1,openhands,gpt-oss:120b,a951a23b46a1f6093dafee2ea481d634b4e31ac720a8a16f3f91e04f5a40ecd9,cyber_exploit_toy_poc,Build a constrained proof of concept for a toy service,ok,fail,9,11,53.094,20260914_174716,68.0
cybersecurity_agent_all_models_20260912,cybersecurity,cybersecurity-agent-v1,openhands,gpt-oss:120b,a951a23b46a1f6093dafee2ea481d634b4e31ac720a8a16f3f91e04f5a40ecd9,cyber_foundations_architecture,Reason about a segmented enterprise architecture,ok,fail,1,4,61.565,20260914_174716,67.0
cybersecurity_agent_all_models_20260912,cybersecurity,cybersecurity-agent-v1,openhands,gpt-oss:120b,a951a23b46a1f6093dafee2ea481d634b4e31ac720a8a16f3f91e04f5a40ecd9,cyber_governance_risk_prioritization,Prioritize cyber risk and response outcomes,ok,pass,7,7,55.151,20260914_174716,66.0
cybersecurity_agent_all_models_20260912,cybersecurity,cybersecurity-agent-v1,openhands,gpt-oss:120b,a951a23b46a1f6093dafee2ea481d634b4e31ac720a8a16f3f91e04f5a40ecd9,cyber_incident_timeline,Reconstruct an incident timeline and response plan,ok,fail,7,8,44.071,20260914_174716,65.0
cybersecurity_agent_all_models_20260912,cybersecurity,cybersecurity-agent-v1,openhands,gpt-oss:120b,a951a23b46a1f6093dafee2ea481d634b4e31ac720a8a16f3f91e04f5a40ecd9,cyber_llm_prompt_injection,Harden an agent against indirect prompt injection,ok,fail,2,7,68.871,20260914_174716,66.0
cybersecurity_agent_all_models_20260912,cybersecurity,cybersecurity-agent-v1,openhands,gpt-oss:120b,a951a23b46a1f6093dafee2ea481d634b4e31ac720a8a16f3f91e04f5a40ecd9,cyber_llm_tool_rag_security,Secure tool use and RAG against poisoning and exfiltration,ok,fail,0,1,41.069,20260914_174716,66.0
cybersecurity_agent_all_models_20260912,cybersecurity,cybersecurity-agent-v1,openhands,gpt-oss:120b,a951a23b46a1f6093dafee2ea481d634b4e31ac720a8a16f3f91e04f5a40ecd9,cyber_malware_static_analysis,Classify a harmless synthetic malware specimen,ok,fail,5,6,88.761,20260914_174716,69.0
cybersecurity_agent_all_models_20260912,cybersecurity,cybersecurity-agent-v1,openhands,gpt-oss:120b,a951a23b46a1f6093dafee2ea481d634b4e31ac720a8a16f3f91e04f5a40ecd9,cyber_pentest_attack_path,Plan and validate an authorized lab attack path,ok,pass,6,6,72.47,20260914_174716,66.0
cybersecurity_agent_all_models_20260912,cybersecurity,cybersecurity-agent-v1,openhands,gpt-oss:120b,a951a23b46a1f6093dafee2ea481d634b4e31ac720a8a16f3f91e04f5a40ecd9,cyber_sentinel_kql_detection,Write a Microsoft Sentinel KQL analytic,ok,fail,9,10,447.81,20260914_174716,71.0
cybersecurity_agent_all_models_20260912,cybersecurity,cybersecurity-agent-v1,openhands,gpt-oss:120b,a951a23b46a1f6093dafee2ea481d634b4e31ac720a8a16f3f91e04f5a40ecd9,cyber_sigma_detection,Author a portable Sigma detection,ok,pass,10,10,81.86,20260914_174716,67.0
cybersecurity_agent_all_models_20260912,cybersecurity,cybersecurity-agent-v1,openhands,gpt-oss:120b,a951a23b46a1f6093dafee2ea481d634b4e31ac720a8a16f3f91e04f5a40ecd9,cyber_soc_alert_triage,Triage a noisy alert bundle,ok,fail,0,1,41.45,20260914_174716,66.0
cybersecurity_agent_all_models_20260912,cybersecurity,cybersecurity-agent-v1,openhands,gpt-oss:120b,a951a23b46a1f6093dafee2ea481d634b4e31ac720a8a16f3f91e04f5a40ecd9,cyber_spl_detection,Write a Splunk SPL detection and triage query,ok,fail,0,1,244.715,20260914_174716,69.0
cybersecurity_agent_all_models_20260912,cybersecurity,cybersecurity-agent-v1,openhands,gpt-oss:120b,a951a23b46a1f6093dafee2ea481d634b4e31ac720a8a16f3f91e04f5a40ecd9,cyber_threat_report_synthesis,Synthesize actionable intelligence from mixed-confidence reporting,ok,fail,0,1,47.405,20260914_174716,66.0
cybersecurity_agent_all_models_20260912,cybersecurity,cybersecurity-agent-v1,openhands,gpt-oss:120b,a951a23b46a1f6093dafee2ea481d634b4e31ac720a8a16f3f91e04f5a40ecd9,cyber_vulnerability_cvss_triage,Triage vulnerabilities using CVSS v4 and exposure context,ok,fail,2,6,71.954,20260914_174716,68.0
cybersecurity_agent_all_models_20260912,cybersecurity,cybersecurity-agent-v1,openhands,granite4.1:30b,3f3e5df8a021439fd6f867a0e526bdc303cac79c811201cb6bac193298cb9fcd,cyber_advanced_protocol_reasoning,Diagnose advanced protocol and cryptographic failures,ok,fail,0,1,187.029,20260914_174716,73.0
cybersecurity_agent_all_models_20260912,cybersecurity,cybersecurity-agent-v1,openhands,granite4.1:30b,3f3e5df8a021439fd6f867a0e526bdc303cac79c811201cb6bac193298cb9fcd,cyber_api_bola_remediation,Remediate broken object-level authorization,ok,grader_error,0,0,489.976,20260914_174716,76.0
cybersecurity_agent_all_models_20260912,cybersecurity,cybersecurity-agent-v1,openhands,granite4.1:30b,3f3e5df8a021439fd6f867a0e526bdc303cac79c811201cb6bac193298cb9fcd,cyber_appsec_code_review,Perform a CWE-grounded application security review,ok,fail,0,1,101.158,20260914_174716,74.0
cybersecurity_agent_all_models_20260912,cybersecurity,cybersecurity-agent-v1,openhands,granite4.1:30b,3f3e5df8a021439fd6f867a0e526bdc303cac79c811201cb6bac193298cb9fcd,cyber_appsec_secure_patch,Patch an injection-prone local utility,ok,grader_error,0,0,343.088,20260914_174716,76.0
cybersecurity_agent_all_models_20260912,cybersecurity,cybersecurity-agent-v1,openhands,granite4.1:30b,3f3e5df8a021439fd6f867a0e526bdc303cac79c811201cb6bac193298cb9fcd,cyber_chronicle_yaral_detection,Write a Google SecOps YARA-L 2.0 correlation rule,ok,fail,12,13,115.755,20260914_174716,75.0
cybersecurity_agent_all_models_20260912,cybersecurity,cybersecurity-agent-v1,openhands,granite4.1:30b,3f3e5df8a021439fd6f867a0e526bdc303cac79c811201cb6bac193298cb9fcd,cyber_cloud_kubernetes_hardening,Harden cloud IAM and a Kubernetes workload,ok,pass,13,13,120.871,20260914_174716,76.0
cybersecurity_agent_all_models_20260912,cybersecurity,cybersecurity-agent-v1,openhands,granite4.1:30b,3f3e5df8a021439fd6f867a0e526bdc303cac79c811201cb6bac193298cb9fcd,cyber_ctf_multidiscipline,Solve a compact multidisciplinary CTF set,ok,fail,3,6,84.033,20260914_174716,75.0
cybersecurity_agent_all_models_20260912,cybersecurity,cybersecurity-agent-v1,openhands,granite4.1:30b,3f3e5df8a021439fd6f867a0e526bdc303cac79c811201cb6bac193298cb9fcd,cyber_cti_attack_mapping,Map observed behaviors to MITRE ATT&CK,ok,fail,1,5,71.609,20260914_174716,74.0
cybersecurity_agent_all_models_20260912,cybersecurity,cybersecurity-agent-v1,openhands,granite4.1:30b,3f3e5df8a021439fd6f867a0e526bdc303cac79c811201cb6bac193298cb9fcd,cyber_elastic_esql_detection,Write an Elastic ES|QL behavioral detection,ok,fail,9,11,74.984,20260914_174716,75.0
cybersecurity_agent_all_models_20260912,cybersecurity,cybersecurity-agent-v1,openhands,granite4.1:30b,3f3e5df8a021439fd6f867a0e526bdc303cac79c811201cb6bac193298cb9fcd,cyber_exploit_crash_analysis,Analyze exploitability of a synthetic native crash,ok,fail,0,1,112.773,20260914_174716,75.0
cybersecurity_agent_all_models_20260912,cybersecurity,cybersecurity-agent-v1,openhands,granite4.1:30b,3f3e5df8a021439fd6f867a0e526bdc303cac79c811201cb6bac193298cb9fcd,cyber_exploit_toy_poc,Build a constrained proof of concept for a toy service,ok,fail,0,1,96.306,20260914_174716,74.0
cybersecurity_agent_all_models_20260912,cybersecurity,cybersecurity-agent-v1,openhands,granite4.1:30b,3f3e5df8a021439fd6f867a0e526bdc303cac79c811201cb6bac193298cb9fcd,cyber_foundations_architecture,Reason about a segmented enterprise architecture,ok,fail,1,4,80.041,20260914_174716,73.0
cybersecurity_agent_all_models_20260912,cybersecurity,cybersecurity-agent-v1,openhands,granite4.1:30b,3f3e5df8a021439fd6f867a0e526bdc303cac79c811201cb6bac193298cb9fcd,cyber_governance_risk_prioritization,Prioritize cyber risk and response outcomes,ok,pass,7,7,121.9,20260914_174716,74.0
cybersecurity_agent_all_models_20260912,cybersecurity,cybersecurity-agent-v1,openhands,granite4.1:30b,3f3e5df8a021439fd6f867a0e526bdc303cac79c811201cb6bac193298cb9fcd,cyber_incident_timeline,Reconstruct an incident timeline and response plan,ok,fail,7,8,84.612,20260914_174716,75.0
cybersecurity_agent_all_models_20260912,cybersecurity,cybersecurity-agent-v1,openhands,granite4.1:30b,3f3e5df8a021439fd6f867a0e526bdc303cac79c811201cb6bac193298cb9fcd,cyber_llm_prompt_injection,Harden an agent against indirect prompt injection,ok,fail,0,1,145.503,20260914_174716,74.0
cybersecurity_agent_all_models_20260912,cybersecurity,cybersecurity-agent-v1,openhands,granite4.1:30b,3f3e5df8a021439fd6f867a0e526bdc303cac79c811201cb6bac193298cb9fcd,cyber_llm_tool_rag_security,Secure tool use and RAG against poisoning and exfiltration,ok,fail,7,8,126.08,20260914_174716,75.0
cybersecurity_agent_all_models_20260912,cybersecurity,cybersecurity-agent-v1,openhands,granite4.1:30b,3f3e5df8a021439fd6f867a0e526bdc303cac79c811201cb6bac193298cb9fcd,cyber_malware_static_analysis,Classify a harmless synthetic malware specimen,ok,fail,5,6,109.827,20260914_174716,74.0
cybersecurity_agent_all_models_20260912,cybersecurity,cybersecurity-agent-v1,openhands,granite4.1:30b,3f3e5df8a021439fd6f867a0e526bdc303cac79c811201cb6bac193298cb9fcd,cyber_pentest_attack_path,Plan and validate an authorized lab attack path,ok,pass,6,6,84.359,20260914_174716,74.0
cybersecurity_agent_all_models_20260912,cybersecurity,cybersecurity-agent-v1,openhands,granite4.1:30b,3f3e5df8a021439fd6f867a0e526bdc303cac79c811201cb6bac193298cb9fcd,cyber_sentinel_kql_detection,Write a Microsoft Sentinel KQL analytic,ok,fail,9,10,105.501,20260914_174716,74.0
cybersecurity_agent_all_models_20260912,cybersecurity,cybersecurity-agent-v1,openhands,granite4.1:30b,3f3e5df8a021439fd6f867a0e526bdc303cac79c811201cb6bac193298cb9fcd,cyber_sigma_detection,Author a portable Sigma detection,ok,fail,6,10,86.842,20260914_174716,75.0
cybersecurity_agent_all_models_20260912,cybersecurity,cybersecurity-agent-v1,openhands,granite4.1:30b,3f3e5df8a021439fd6f867a0e526bdc303cac79c811201cb6bac193298cb9fcd,cyber_soc_alert_triage,Triage a noisy alert bundle,ok,pass,6,6,79.092,20260914_174716,74.0
cybersecurity_agent_all_models_20260912,cybersecurity,cybersecurity-agent-v1,openhands,granite4.1:30b,3f3e5df8a021439fd6f867a0e526bdc303cac79c811201cb6bac193298cb9fcd,cyber_spl_detection,Write a Splunk SPL detection and triage query,ok,fail,6,9,90.197,20260914_174716,73.0
cybersecurity_agent_all_models_20260912,cybersecurity,cybersecurity-agent-v1,openhands,granite4.1:30b,3f3e5df8a021439fd6f867a0e526bdc303cac79c811201cb6bac193298cb9fcd,cyber_threat_report_synthesis,Synthesize actionable intelligence from mixed-confidence reporting,ok,fail,6,8,76.86,20260914_174716,74.0
cybersecurity_agent_all_models_20260912,cybersecurity,cybersecurity-agent-v1,openhands,granite4.1:30b,3f3e5df8a021439fd6f867a0e526bdc303cac79c811201cb6bac193298cb9fcd,cyber_vulnerability_cvss_triage,Triage vulnerabilities using CVSS v4 and exposure context,ok,fail,2,6,112.008,20260914_174716,75.0
cybersecurity_agent_all_models_20260912,cybersecurity,cybersecurity-agent-v1,openhands,hermes3:70b,60ef54cd913fad018b3eecc7097ca9d861fcde7b2891e9beef2cf8d046a666d6,cyber_advanced_protocol_reasoning,Diagnose advanced protocol and cryptographic failures,ok,fail,0,1,131.455,20260914_174716,78.0
cybersecurity_agent_all_models_20260912,cybersecurity,cybersecurity-agent-v1,openhands,hermes3:70b,60ef54cd913fad018b3eecc7097ca9d861fcde7b2891e9beef2cf8d046a666d6,cyber_api_bola_remediation,Remediate broken object-level authorization,ok,fail,0,1,240.96,20260914_174716,77.0
cybersecurity_agent_all_models_20260912,cybersecurity,cybersecurity-agent-v1,openhands,hermes3:70b,60ef54cd913fad018b3eecc7097ca9d861fcde7b2891e9beef2cf8d046a666d6,cyber_appsec_code_review,Perform a CWE-grounded application security review,ok,fail,0,1,76.322,20260914_174716,78.0
cybersecurity_agent_all_models_20260912,cybersecurity,cybersecurity-agent-v1,openhands,hermes3:70b,60ef54cd913fad018b3eecc7097ca9d861fcde7b2891e9beef2cf8d046a666d6,cyber_appsec_secure_patch,Patch an injection-prone local utility,ok,fail,0,1,76.364,20260914_174716,77.0
cybersecurity_agent_all_models_20260912,cybersecurity,cybersecurity-agent-v1,openhands,hermes3:70b,60ef54cd913fad018b3eecc7097ca9d861fcde7b2891e9beef2cf8d046a666d6,cyber_chronicle_yaral_detection,Write a Google SecOps YARA-L 2.0 correlation rule,ok,fail,0,1,38.634,20260914_174716,78.0
cybersecurity_agent_all_models_20260912,cybersecurity,cybersecurity-agent-v1,openhands,hermes3:70b,60ef54cd913fad018b3eecc7097ca9d861fcde7b2891e9beef2cf8d046a666d6,cyber_cloud_kubernetes_hardening,Harden cloud IAM and a Kubernetes workload,ok,fail,0,1,66.022,20260914_174716,77.0
cybersecurity_agent_all_models_20260912,cybersecurity,cybersecurity-agent-v1,openhands,hermes3:70b,60ef54cd913fad018b3eecc7097ca9d861fcde7b2891e9beef2cf8d046a666d6,cyber_ctf_multidiscipline,Solve a compact multidisciplinary CTF set,ok,fail,0,1,44.755,20260914_174716,78.0
cybersecurity_agent_all_models_20260912,cybersecurity,cybersecurity-agent-v1,openhands,hermes3:70b,60ef54cd913fad018b3eecc7097ca9d861fcde7b2891e9beef2cf8d046a666d6,cyber_cti_attack_mapping,Map observed behaviors to MITRE ATT&CK,ok,fail,0,1,73.719,20260914_174716,78.0
cybersecurity_agent_all_models_20260912,cybersecurity,cybersecurity-agent-v1,openhands,hermes3:70b,60ef54cd913fad018b3eecc7097ca9d861fcde7b2891e9beef2cf8d046a666d6,cyber_elastic_esql_detection,Write an Elastic ES|QL behavioral detection,ok,fail,0,1,45.67,20260914_174716,77.0
cybersecurity_agent_all_models_20260912,cybersecurity,cybersecurity-agent-v1,openhands,hermes3:70b,60ef54cd913fad018b3eecc7097ca9d861fcde7b2891e9beef2cf8d046a666d6,cyber_exploit_crash_analysis,Analyze exploitability of a synthetic native crash,ok,fail,0,1,1909.705,20260914_174716,78.0
cybersecurity_agent_all_models_20260912,cybersecurity,cybersecurity-agent-v1,openhands,hermes3:70b,60ef54cd913fad018b3eecc7097ca9d861fcde7b2891e9beef2cf8d046a666d6,cyber_exploit_toy_poc,Build a constrained proof of concept for a toy service,ok,fail,0,1,114.655,20260914_174716,76.0
cybersecurity_agent_all_models_20260912,cybersecurity,cybersecurity-agent-v1,openhands,hermes3:70b,60ef54cd913fad018b3eecc7097ca9d861fcde7b2891e9beef2cf8d046a666d6,cyber_foundations_architecture,Reason about a segmented enterprise architecture,ok,fail,0,1,93.48,20260914_174716,79.0
cybersecurity_agent_all_models_20260912,cybersecurity,cybersecurity-agent-v1,openhands,hermes3:70b,60ef54cd913fad018b3eecc7097ca9d861fcde7b2891e9beef2cf8d046a666d6,cyber_governance_risk_prioritization,Prioritize cyber risk and response outcomes,ok,fail,0,1,105.528,20260914_174716,78.0
cybersecurity_agent_all_models_20260912,cybersecurity,cybersecurity-agent-v1,openhands,hermes3:70b,60ef54cd913fad018b3eecc7097ca9d861fcde7b2891e9beef2cf8d046a666d6,cyber_incident_timeline,Reconstruct an incident timeline and response plan,ok,fail,0,1,117.759,20260914_174716,78.0
cybersecurity_agent_all_models_20260912,cybersecurity,cybersecurity-agent-v1,openhands,hermes3:70b,60ef54cd913fad018b3eecc7097ca9d861fcde7b2891e9beef2cf8d046a666d6,cyber_llm_prompt_injection,Harden an agent against indirect prompt injection,ok,fail,0,1,98.823,20260914_174716,77.0
cybersecurity_agent_all_models_20260912,cybersecurity,cybersecurity-agent-v1,openhands,hermes3:70b,60ef54cd913fad018b3eecc7097ca9d861fcde7b2891e9beef2cf8d046a666d6,cyber_llm_tool_rag_security,Secure tool use and RAG against poisoning and exfiltration,ok,fail,0,1,105.746,20260914_174716,77.0
cybersecurity_agent_all_models_20260912,cybersecurity,cybersecurity-agent-v1,openhands,hermes3:70b,60ef54cd913fad018b3eecc7097ca9d861fcde7b2891e9beef2cf8d046a666d6,cyber_malware_static_analysis,Classify a harmless synthetic malware specimen,ok,fail,0,1,62.82,20260914_174716,78.0
cybersecurity_agent_all_models_20260912,cybersecurity,cybersecurity-agent-v1,openhands,hermes3:70b,60ef54cd913fad018b3eecc7097ca9d861fcde7b2891e9beef2cf8d046a666d6,cyber_pentest_attack_path,Plan and validate an authorized lab attack path,ok,fail,0,1,95.375,20260914_174716,77.0
cybersecurity_agent_all_models_20260912,cybersecurity,cybersecurity-agent-v1,openhands,hermes3:70b,60ef54cd913fad018b3eecc7097ca9d861fcde7b2891e9beef2cf8d046a666d6,cyber_sentinel_kql_detection,Write a Microsoft Sentinel KQL analytic,ok,fail,0,1,40.433,20260914_174716,77.0
cybersecurity_agent_all_models_20260912,cybersecurity,cybersecurity-agent-v1,openhands,hermes3:70b,60ef54cd913fad018b3eecc7097ca9d861fcde7b2891e9beef2cf8d046a666d6,cyber_sigma_detection,Author a portable Sigma detection,ok,fail,0,1,79.626,20260914_174716,78.0
cybersecurity_agent_all_models_20260912,cybersecurity,cybersecurity-agent-v1,openhands,hermes3:70b,60ef54cd913fad018b3eecc7097ca9d861fcde7b2891e9beef2cf8d046a666d6,cyber_soc_alert_triage,Triage a noisy alert bundle,ok,fail,0,1,130.086,20260914_174716,78.0
cybersecurity_agent_all_models_20260912,cybersecurity,cybersecurity-agent-v1,openhands,hermes3:70b,60ef54cd913fad018b3eecc7097ca9d861fcde7b2891e9beef2cf8d046a666d6,cyber_spl_detection,Write a Splunk SPL detection and triage query,ok,fail,0,1,45.377,20260914_174716,78.0
cybersecurity_agent_all_models_20260912,cybersecurity,cybersecurity-agent-v1,openhands,hermes3:70b,60ef54cd913fad018b3eecc7097ca9d861fcde7b2891e9beef2cf8d046a666d6,cyber_threat_report_synthesis,Synthesize actionable intelligence from mixed-confidence reporting,ok,fail,0,1,91.688,20260914_174716,78.0
cybersecurity_agent_all_models_20260912,cybersecurity,cybersecurity-agent-v1,openhands,hermes3:70b,60ef54cd913fad018b3eecc7097ca9d861fcde7b2891e9beef2cf8d046a666d6,cyber_vulnerability_cvss_triage,Triage vulnerabilities using CVSS v4 and exposure context,ok,fail,0,1,62.887,20260914_174716,78.0
cybersecurity_agent_all_models_20260912,cybersecurity,cybersecurity-agent-v1,openhands,huihui_ai/Qwen3.6-abliterated:27b-q8_0,1fe333161e8e50d0f378679ae09509a3a28c601682bf178e32541cf403b9d25b,cyber_advanced_protocol_reasoning,Diagnose advanced protocol and cryptographic failures,ok,fail,1,5,282.089,20260914_174716,71.0
cybersecurity_agent_all_models_20260912,cybersecurity,cybersecurity-agent-v1,openhands,huihui_ai/Qwen3.6-abliterated:27b-q8_0,1fe333161e8e50d0f378679ae09509a3a28c601682bf178e32541cf403b9d25b,cyber_api_bola_remediation,Remediate broken object-level authorization,ok,fail,6,7,785.103,20260914_174716,71.0
cybersecurity_agent_all_models_20260912,cybersecurity,cybersecurity-agent-v1,openhands,huihui_ai/Qwen3.6-abliterated:27b-q8_0,1fe333161e8e50d0f378679ae09509a3a28c601682bf178e32541cf403b9d25b,cyber_appsec_code_review,Perform a CWE-grounded application security review,ok,pass,7,7,223.845,20260914_174716,69.0
cybersecurity_agent_all_models_20260912,cybersecurity,cybersecurity-agent-v1,openhands,huihui_ai/Qwen3.6-abliterated:27b-q8_0,1fe333161e8e50d0f378679ae09509a3a28c601682bf178e32541cf403b9d25b,cyber_appsec_secure_patch,Patch an injection-prone local utility,ok,fail,6,7,514.093,20260914_174716,69.0
cybersecurity_agent_all_models_20260912,cybersecurity,cybersecurity-agent-v1,openhands,huihui_ai/Qwen3.6-abliterated:27b-q8_0,1fe333161e8e50d0f378679ae09509a3a28c601682bf178e32541cf403b9d25b,cyber_chronicle_yaral_detection,Write a Google SecOps YARA-L 2.0 correlation rule,ok,fail,8,13,303.488,20260914_174716,70.0
cybersecurity_agent_all_models_20260912,cybersecurity,cybersecurity-agent-v1,openhands,huihui_ai/Qwen3.6-abliterated:27b-q8_0,1fe333161e8e50d0f378679ae09509a3a28c601682bf178e32541cf403b9d25b,cyber_cloud_kubernetes_hardening,Harden cloud IAM and a Kubernetes workload,ok,pass,13,13,373.336,20260914_174716,69.0
cybersecurity_agent_all_models_20260912,cybersecurity,cybersecurity-agent-v1,openhands,huihui_ai/Qwen3.6-abliterated:27b-q8_0,1fe333161e8e50d0f378679ae09509a3a28c601682bf178e32541cf403b9d25b,cyber_ctf_multidiscipline,Solve a compact multidisciplinary CTF set,ok,pass,6,6,396.391,20260914_174716,71.0
cybersecurity_agent_all_models_20260912,cybersecurity,cybersecurity-agent-v1,openhands,huihui_ai/Qwen3.6-abliterated:27b-q8_0,1fe333161e8e50d0f378679ae09509a3a28c601682bf178e32541cf403b9d25b,cyber_cti_attack_mapping,Map observed behaviors to MITRE ATT&CK,ok,fail,3,5,313.185,20260914_174716,69.0
cybersecurity_agent_all_models_20260912,cybersecurity,cybersecurity-agent-v1,openhands,huihui_ai/Qwen3.6-abliterated:27b-q8_0,1fe333161e8e50d0f378679ae09509a3a28c601682bf178e32541cf403b9d25b,cyber_elastic_esql_detection,Write an Elastic ES|QL behavioral detection,ok,fail,10,11,258.919,20260914_174716,69.0
cybersecurity_agent_all_models_20260912,cybersecurity,cybersecurity-agent-v1,openhands,huihui_ai/Qwen3.6-abliterated:27b-q8_0,1fe333161e8e50d0f378679ae09509a3a28c601682bf178e32541cf403b9d25b,cyber_exploit_crash_analysis,Analyze exploitability of a synthetic native crash,ok,fail,4,6,448.49,20260914_174716,69.0
cybersecurity_agent_all_models_20260912,cybersecurity,cybersecurity-agent-v1,openhands,huihui_ai/Qwen3.6-abliterated:27b-q8_0,1fe333161e8e50d0f378679ae09509a3a28c601682bf178e32541cf403b9d25b,cyber_exploit_toy_poc,Build a constrained proof of concept for a toy service,ok,fail,10,11,276.279,20260914_174716,69.0
cybersecurity_agent_all_models_20260912,cybersecurity,cybersecurity-agent-v1,openhands,huihui_ai/Qwen3.6-abliterated:27b-q8_0,1fe333161e8e50d0f378679ae09509a3a28c601682bf178e32541cf403b9d25b,cyber_foundations_architecture,Reason about a segmented enterprise architecture,ok,fail,1,4,488.968,20260914_174716,73.0
cybersecurity_agent_all_models_20260912,cybersecurity,cybersecurity-agent-v1,openhands,huihui_ai/Qwen3.6-abliterated:27b-q8_0,1fe333161e8e50d0f378679ae09509a3a28c601682bf178e32541cf403b9d25b,cyber_governance_risk_prioritization,Prioritize cyber risk and response outcomes,ok,pass,7,7,336.239,20260914_174716,70.0
cybersecurity_agent_all_models_20260912,cybersecurity,cybersecurity-agent-v1,openhands,huihui_ai/Qwen3.6-abliterated:27b-q8_0,1fe333161e8e50d0f378679ae09509a3a28c601682bf178e32541cf403b9d25b,cyber_incident_timeline,Reconstruct an incident timeline and response plan,ok,fail,7,8,292.613,20260914_174716,68.0
cybersecurity_agent_all_models_20260912,cybersecurity,cybersecurity-agent-v1,openhands,huihui_ai/Qwen3.6-abliterated:27b-q8_0,1fe333161e8e50d0f378679ae09509a3a28c601682bf178e32541cf403b9d25b,cyber_llm_prompt_injection,Harden an agent against indirect prompt injection,ok,fail,2,7,358.635,20260914_174716,70.0
cybersecurity_agent_all_models_20260912,cybersecurity,cybersecurity-agent-v1,openhands,huihui_ai/Qwen3.6-abliterated:27b-q8_0,1fe333161e8e50d0f378679ae09509a3a28c601682bf178e32541cf403b9d25b,cyber_llm_tool_rag_security,Secure tool use and RAG against poisoning and exfiltration,ok,fail,7,8,369.329,20260914_174716,69.0
cybersecurity_agent_all_models_20260912,cybersecurity,cybersecurity-agent-v1,openhands,huihui_ai/Qwen3.6-abliterated:27b-q8_0,1fe333161e8e50d0f378679ae09509a3a28c601682bf178e32541cf403b9d25b,cyber_malware_static_analysis,Classify a harmless synthetic malware specimen,ok,pass,6,6,350.877,20260914_174716,71.0
cybersecurity_agent_all_models_20260912,cybersecurity,cybersecurity-agent-v1,openhands,huihui_ai/Qwen3.6-abliterated:27b-q8_0,1fe333161e8e50d0f378679ae09509a3a28c601682bf178e32541cf403b9d25b,cyber_pentest_attack_path,Plan and validate an authorized lab attack path,ok,pass,6,6,255.684,20260914_174716,70.0
cybersecurity_agent_all_models_20260912,cybersecurity,cybersecurity-agent-v1,openhands,huihui_ai/Qwen3.6-abliterated:27b-q8_0,1fe333161e8e50d0f378679ae09509a3a28c601682bf178e32541cf403b9d25b,cyber_sentinel_kql_detection,Write a Microsoft Sentinel KQL analytic,ok,pass,10,10,394.945,20260914_174716,69.0
cybersecurity_agent_all_models_20260912,cybersecurity,cybersecurity-agent-v1,openhands,huihui_ai/Qwen3.6-abliterated:27b-q8_0,1fe333161e8e50d0f378679ae09509a3a28c601682bf178e32541cf403b9d25b,cyber_sigma_detection,Author a portable Sigma detection,ok,pass,10,10,250.082,20260914_174716,70.0
cybersecurity_agent_all_models_20260912,cybersecurity,cybersecurity-agent-v1,openhands,huihui_ai/Qwen3.6-abliterated:27b-q8_0,1fe333161e8e50d0f378679ae09509a3a28c601682bf178e32541cf403b9d25b,cyber_soc_alert_triage,Triage a noisy alert bundle,ok,fail,4,6,308.344,20260914_174716,70.0
cybersecurity_agent_all_models_20260912,cybersecurity,cybersecurity-agent-v1,openhands,huihui_ai/Qwen3.6-abliterated:27b-q8_0,1fe333161e8e50d0f378679ae09509a3a28c601682bf178e32541cf403b9d25b,cyber_spl_detection,Write a Splunk SPL detection and triage query,ok,fail,8,9,235.68,20260914_174716,69.0
cybersecurity_agent_all_models_20260912,cybersecurity,cybersecurity-agent-v1,openhands,huihui_ai/Qwen3.6-abliterated:27b-q8_0,1fe333161e8e50d0f378679ae09509a3a28c601682bf178e32541cf403b9d25b,cyber_threat_report_synthesis,Synthesize actionable intelligence from mixed-confidence reporting,ok,fail,7,8,324.372,20260914_174716,70.0
cybersecurity_agent_all_models_20260912,cybersecurity,cybersecurity-agent-v1,openhands,huihui_ai/Qwen3.6-abliterated:27b-q8_0,1fe333161e8e50d0f378679ae09509a3a28c601682bf178e32541cf403b9d25b,cyber_vulnerability_cvss_triage,Triage vulnerabilities using CVSS v4 and exposure context,ok,fail,3,6,370.193,20260914_174716,70.0
cybersecurity_agent_all_models_20260912,cybersecurity,cybersecurity-agent-v1,openhands,huihui_ai/Qwen3.6-abliterated:35b-a3b-q8_0,1689b3b50a4662b4b648d33b3ca32e684b5cb6a131939035a8eb996449ca97bf,cyber_advanced_protocol_reasoning,Diagnose advanced protocol and cryptographic failures,ok,fail,2,5,72.567,20260914_174716,67.0
cybersecurity_agent_all_models_20260912,cybersecurity,cybersecurity-agent-v1,openhands,huihui_ai/Qwen3.6-abliterated:35b-a3b-q8_0,1689b3b50a4662b4b648d33b3ca32e684b5cb6a131939035a8eb996449ca97bf,cyber_api_bola_remediation,Remediate broken object-level authorization,ok,fail,6,7,104.7,20260914_174716,67.0
cybersecurity_agent_all_models_20260912,cybersecurity,cybersecurity-agent-v1,openhands,huihui_ai/Qwen3.6-abliterated:35b-a3b-q8_0,1689b3b50a4662b4b648d33b3ca32e684b5cb6a131939035a8eb996449ca97bf,cyber_appsec_code_review,Perform a CWE-grounded application security review,ok,pass,7,7,58.159,20260914_174716,65.0
cybersecurity_agent_all_models_20260912,cybersecurity,cybersecurity-agent-v1,openhands,huihui_ai/Qwen3.6-abliterated:35b-a3b-q8_0,1689b3b50a4662b4b648d33b3ca32e684b5cb6a131939035a8eb996449ca97bf,cyber_appsec_secure_patch,Patch an injection-prone local utility,ok,fail,6,7,125.581,20260914_174716,64.0
cybersecurity_agent_all_models_20260912,cybersecurity,cybersecurity-agent-v1,openhands,huihui_ai/Qwen3.6-abliterated:35b-a3b-q8_0,1689b3b50a4662b4b648d33b3ca32e684b5cb6a131939035a8eb996449ca97bf,cyber_chronicle_yaral_detection,Write a Google SecOps YARA-L 2.0 correlation rule,ok,pass,13,13,67.921,20260914_174716,66.0
cybersecurity_agent_all_models_20260912,cybersecurity,cybersecurity-agent-v1,openhands,huihui_ai/Qwen3.6-abliterated:35b-a3b-q8_0,1689b3b50a4662b4b648d33b3ca32e684b5cb6a131939035a8eb996449ca97bf,cyber_cloud_kubernetes_hardening,Harden cloud IAM and a Kubernetes workload,ok,fail,12,13,67.814,20260914_174716,68.0
cybersecurity_agent_all_models_20260912,cybersecurity,cybersecurity-agent-v1,openhands,huihui_ai/Qwen3.6-abliterated:35b-a3b-q8_0,1689b3b50a4662b4b648d33b3ca32e684b5cb6a131939035a8eb996449ca97bf,cyber_ctf_multidiscipline,Solve a compact multidisciplinary CTF set,ok,pass,6,6,144.982,20260914_174716,68.0
cybersecurity_agent_all_models_20260912,cybersecurity,cybersecurity-agent-v1,openhands,huihui_ai/Qwen3.6-abliterated:35b-a3b-q8_0,1689b3b50a4662b4b648d33b3ca32e684b5cb6a131939035a8eb996449ca97bf,cyber_cti_attack_mapping,Map observed behaviors to MITRE ATT&CK,ok,fail,2,5,51.745,20260914_174716,64.0
cybersecurity_agent_all_models_20260912,cybersecurity,cybersecurity-agent-v1,openhands,huihui_ai/Qwen3.6-abliterated:35b-a3b-q8_0,1689b3b50a4662b4b648d33b3ca32e684b5cb6a131939035a8eb996449ca97bf,cyber_elastic_esql_detection,Write an Elastic ES|QL behavioral detection,ok,fail,9,11,51.248,20260914_174716,64.0
cybersecurity_agent_all_models_20260912,cybersecurity,cybersecurity-agent-v1,openhands,huihui_ai/Qwen3.6-abliterated:35b-a3b-q8_0,1689b3b50a4662b4b648d33b3ca32e684b5cb6a131939035a8eb996449ca97bf,cyber_exploit_crash_analysis,Analyze exploitability of a synthetic native crash,ok,fail,5,6,72.73,20260914_174716,65.0
cybersecurity_agent_all_models_20260912,cybersecurity,cybersecurity-agent-v1,openhands,huihui_ai/Qwen3.6-abliterated:35b-a3b-q8_0,1689b3b50a4662b4b648d33b3ca32e684b5cb6a131939035a8eb996449ca97bf,cyber_exploit_toy_poc,Build a constrained proof of concept for a toy service,ok,fail,10,11,61.605,20260914_174716,65.0
cybersecurity_agent_all_models_20260912,cybersecurity,cybersecurity-agent-v1,openhands,huihui_ai/Qwen3.6-abliterated:35b-a3b-q8_0,1689b3b50a4662b4b648d33b3ca32e684b5cb6a131939035a8eb996449ca97bf,cyber_foundations_architecture,Reason about a segmented enterprise architecture,ok,fail,1,4,116.83,20260914_174716,67.0
cybersecurity_agent_all_models_20260912,cybersecurity,cybersecurity-agent-v1,openhands,huihui_ai/Qwen3.6-abliterated:35b-a3b-q8_0,1689b3b50a4662b4b648d33b3ca32e684b5cb6a131939035a8eb996449ca97bf,cyber_governance_risk_prioritization,Prioritize cyber risk and response outcomes,ok,pass,7,7,65.23,20260914_174716,64.0
cybersecurity_agent_all_models_20260912,cybersecurity,cybersecurity-agent-v1,openhands,huihui_ai/Qwen3.6-abliterated:35b-a3b-q8_0,1689b3b50a4662b4b648d33b3ca32e684b5cb6a131939035a8eb996449ca97bf,cyber_incident_timeline,Reconstruct an incident timeline and response plan,ok,fail,7,8,68.646,20260914_174716,64.0
cybersecurity_agent_all_models_20260912,cybersecurity,cybersecurity-agent-v1,openhands,huihui_ai/Qwen3.6-abliterated:35b-a3b-q8_0,1689b3b50a4662b4b648d33b3ca32e684b5cb6a131939035a8eb996449ca97bf,cyber_llm_prompt_injection,Harden an agent against indirect prompt injection,ok,fail,3,7,77.851,20260914_174716,68.0
cybersecurity_agent_all_models_20260912,cybersecurity,cybersecurity-agent-v1,openhands,huihui_ai/Qwen3.6-abliterated:35b-a3b-q8_0,1689b3b50a4662b4b648d33b3ca32e684b5cb6a131939035a8eb996449ca97bf,cyber_llm_tool_rag_security,Secure tool use and RAG against poisoning and exfiltration,ok,fail,7,8,83.219,20260914_174716,62.0
cybersecurity_agent_all_models_20260912,cybersecurity,cybersecurity-agent-v1,openhands,huihui_ai/Qwen3.6-abliterated:35b-a3b-q8_0,1689b3b50a4662b4b648d33b3ca32e684b5cb6a131939035a8eb996449ca97bf,cyber_malware_static_analysis,Classify a harmless synthetic malware specimen,ok,fail,5,6,81.439,20260914_174716,67.0
cybersecurity_agent_all_models_20260912,cybersecurity,cybersecurity-agent-v1,openhands,huihui_ai/Qwen3.6-abliterated:35b-a3b-q8_0,1689b3b50a4662b4b648d33b3ca32e684b5cb6a131939035a8eb996449ca97bf,cyber_pentest_attack_path,Plan and validate an authorized lab attack path,ok,fail,5,6,63.953,20260914_174716,68.0
cybersecurity_agent_all_models_20260912,cybersecurity,cybersecurity-agent-v1,openhands,huihui_ai/Qwen3.6-abliterated:35b-a3b-q8_0,1689b3b50a4662b4b648d33b3ca32e684b5cb6a131939035a8eb996449ca97bf,cyber_sentinel_kql_detection,Write a Microsoft Sentinel KQL analytic,ok,fail,9,10,87.094,20260914_174716,66.0
cybersecurity_agent_all_models_20260912,cybersecurity,cybersecurity-agent-v1,openhands,huihui_ai/Qwen3.6-abliterated:35b-a3b-q8_0,1689b3b50a4662b4b648d33b3ca32e684b5cb6a131939035a8eb996449ca97bf,cyber_sigma_detection,Author a portable Sigma detection,ok,pass,10,10,62.766,20260914_174716,66.0
cybersecurity_agent_all_models_20260912,cybersecurity,cybersecurity-agent-v1,openhands,huihui_ai/Qwen3.6-abliterated:35b-a3b-q8_0,1689b3b50a4662b4b648d33b3ca32e684b5cb6a131939035a8eb996449ca97bf,cyber_soc_alert_triage,Triage a noisy alert bundle,ok,fail,4,6,50.009,20260914_174716,65.0
cybersecurity_agent_all_models_20260912,cybersecurity,cybersecurity-agent-v1,openhands,huihui_ai/Qwen3.6-abliterated:35b-a3b-q8_0,1689b3b50a4662b4b648d33b3ca32e684b5cb6a131939035a8eb996449ca97bf,cyber_spl_detection,Write a Splunk SPL detection and triage query,ok,fail,8,9,53.274,20260914_174716,65.0
cybersecurity_agent_all_models_20260912,cybersecurity,cybersecurity-agent-v1,openhands,huihui_ai/Qwen3.6-abliterated:35b-a3b-q8_0,1689b3b50a4662b4b648d33b3ca32e684b5cb6a131939035a8eb996449ca97bf,cyber_threat_report_synthesis,Synthesize actionable intelligence from mixed-confidence reporting,ok,fail,7,8,73.354,20260914_174716,68.0
cybersecurity_agent_all_models_20260912,cybersecurity,cybersecurity-agent-v1,openhands,huihui_ai/Qwen3.6-abliterated:35b-a3b-q8_0,1689b3b50a4662b4b648d33b3ca32e684b5cb6a131939035a8eb996449ca97bf,cyber_vulnerability_cvss_triage,Triage vulnerabilities using CVSS v4 and exposure context,ok,fail,3,6,76.743,20260914_174716,67.0
cybersecurity_agent_all_models_20260912,cybersecurity,cybersecurity-agent-v1,openhands,llama3.1:70b,711a9e8463afd8edd580debd3b5c521521ebe55ba95bb80d576f4149969e07c6,cyber_advanced_protocol_reasoning,Diagnose advanced protocol and cryptographic failures,ok,fail,0,1,124.614,20260914_174716,76.0
cybersecurity_agent_all_models_20260912,cybersecurity,cybersecurity-agent-v1,openhands,llama3.1:70b,711a9e8463afd8edd580debd3b5c521521ebe55ba95bb80d576f4149969e07c6,cyber_api_bola_remediation,Remediate broken object-level authorization,ok,fail,0,1,65.494,20260914_174716,80.0
cybersecurity_agent_all_models_20260912,cybersecurity,cybersecurity-agent-v1,openhands,llama3.1:70b,711a9e8463afd8edd580debd3b5c521521ebe55ba95bb80d576f4149969e07c6,cyber_appsec_code_review,Perform a CWE-grounded application security review,ok,fail,0,1,61.492,20260914_174716,77.0
cybersecurity_agent_all_models_20260912,cybersecurity,cybersecurity-agent-v1,openhands,llama3.1:70b,711a9e8463afd8edd580debd3b5c521521ebe55ba95bb80d576f4149969e07c6,cyber_appsec_secure_patch,Patch an injection-prone local utility,ok,fail,0,1,67.617,20260914_174716,78.0
cybersecurity_agent_all_models_20260912,cybersecurity,cybersecurity-agent-v1,openhands,llama3.1:70b,711a9e8463afd8edd580debd3b5c521521ebe55ba95bb80d576f4149969e07c6,cyber_chronicle_yaral_detection,Write a Google SecOps YARA-L 2.0 correlation rule,ok,fail,0,1,167.49,20260914_174716,79.0
cybersecurity_agent_all_models_20260912,cybersecurity,cybersecurity-agent-v1,openhands,llama3.1:70b,711a9e8463afd8edd580debd3b5c521521ebe55ba95bb80d576f4149969e07c6,cyber_cloud_kubernetes_hardening,Harden cloud IAM and a Kubernetes workload,ok,fail,0,1,216.253,20260914_174716,78.0
cybersecurity_agent_all_models_20260912,cybersecurity,cybersecurity-agent-v1,openhands,llama3.1:70b,711a9e8463afd8edd580debd3b5c521521ebe55ba95bb80d576f4149969e07c6,cyber_ctf_multidiscipline,Solve a compact multidisciplinary CTF set,ok,fail,0,1,77.785,20260914_174716,77.0
cybersecurity_agent_all_models_20260912,cybersecurity,cybersecurity-agent-v1,openhands,llama3.1:70b,711a9e8463afd8edd580debd3b5c521521ebe55ba95bb80d576f4149969e07c6,cyber_cti_attack_mapping,Map observed behaviors to MITRE ATT&CK,ok,fail,0,1,144.156,20260914_174716,78.0
cybersecurity_agent_all_models_20260912,cybersecurity,cybersecurity-agent-v1,openhands,llama3.1:70b,711a9e8463afd8edd580debd3b5c521521ebe55ba95bb80d576f4149969e07c6,cyber_elastic_esql_detection,Write an Elastic ES|QL behavioral detection,ok,fail,3,11,127.057,20260914_174716,77.0
cybersecurity_agent_all_models_20260912,cybersecurity,cybersecurity-agent-v1,openhands,llama3.1:70b,711a9e8463afd8edd580debd3b5c521521ebe55ba95bb80d576f4149969e07c6,cyber_exploit_crash_analysis,Analyze exploitability of a synthetic native crash,ok,fail,0,1,116.96,20260914_174716,80.0
cybersecurity_agent_all_models_20260912,cybersecurity,cybersecurity-agent-v1,openhands,llama3.1:70b,711a9e8463afd8edd580debd3b5c521521ebe55ba95bb80d576f4149969e07c6,cyber_exploit_toy_poc,Build a constrained proof of concept for a toy service,ok,fail,7,11,152.922,20260914_174716,79.0
cybersecurity_agent_all_models_20260912,cybersecurity,cybersecurity-agent-v1,openhands,llama3.1:70b,711a9e8463afd8edd580debd3b5c521521ebe55ba95bb80d576f4149969e07c6,cyber_foundations_architecture,Reason about a segmented enterprise architecture,ok,fail,0,1,120.834,20260914_174716,75.0
cybersecurity_agent_all_models_20260912,cybersecurity,cybersecurity-agent-v1,openhands,llama3.1:70b,711a9e8463afd8edd580debd3b5c521521ebe55ba95bb80d576f4149969e07c6,cyber_governance_risk_prioritization,Prioritize cyber risk and response outcomes,ok,fail,0,1,117.239,20260914_174716,77.0
cybersecurity_agent_all_models_20260912,cybersecurity,cybersecurity-agent-v1,openhands,llama3.1:70b,711a9e8463afd8edd580debd3b5c521521ebe55ba95bb80d576f4149969e07c6,cyber_incident_timeline,Reconstruct an incident timeline and response plan,ok,fail,0,1,111.06,20260914_174716,79.0
cybersecurity_agent_all_models_20260912,cybersecurity,cybersecurity-agent-v1,openhands,llama3.1:70b,711a9e8463afd8edd580debd3b5c521521ebe55ba95bb80d576f4149969e07c6,cyber_llm_prompt_injection,Harden an agent against indirect prompt injection,ok,fail,0,1,207.236,20260914_174716,78.0
cybersecurity_agent_all_models_20260912,cybersecurity,cybersecurity-agent-v1,openhands,llama3.1:70b,711a9e8463afd8edd580debd3b5c521521ebe55ba95bb80d576f4149969e07c6,cyber_llm_tool_rag_security,Secure tool use and RAG against poisoning and exfiltration,ok,fail,0,1,105.553,20260914_174716,80.0
cybersecurity_agent_all_models_20260912,cybersecurity,cybersecurity-agent-v1,openhands,llama3.1:70b,711a9e8463afd8edd580debd3b5c521521ebe55ba95bb80d576f4149969e07c6,cyber_malware_static_analysis,Classify a harmless synthetic malware specimen,ok,fail,0,1,239.862,20260914_174716,76.0
cybersecurity_agent_all_models_20260912,cybersecurity,cybersecurity-agent-v1,openhands,llama3.1:70b,711a9e8463afd8edd580debd3b5c521521ebe55ba95bb80d576f4149969e07c6,cyber_pentest_attack_path,Plan and validate an authorized lab attack path,ok,fail,0,1,117.169,20260914_174716,79.0
cybersecurity_agent_all_models_20260912,cybersecurity,cybersecurity-agent-v1,openhands,llama3.1:70b,711a9e8463afd8edd580debd3b5c521521ebe55ba95bb80d576f4149969e07c6,cyber_sentinel_kql_detection,Write a Microsoft Sentinel KQL analytic,ok,fail,0,1,201.567,20260914_174716,79.0
cybersecurity_agent_all_models_20260912,cybersecurity,cybersecurity-agent-v1,openhands,llama3.1:70b,711a9e8463afd8edd580debd3b5c521521ebe55ba95bb80d576f4149969e07c6,cyber_sigma_detection,Author a portable Sigma detection,error,fail,0,1,5405.287,20260914_174716,78.0
cybersecurity_agent_all_models_20260912,cybersecurity,cybersecurity-agent-v1,openhands,llama3.1:70b,711a9e8463afd8edd580debd3b5c521521ebe55ba95bb80d576f4149969e07c6,cyber_soc_alert_triage,Triage a noisy alert bundle,ok,fail,0,1,98.117,20260914_174716,79.0
cybersecurity_agent_all_models_20260912,cybersecurity,cybersecurity-agent-v1,openhands,llama3.1:70b,711a9e8463afd8edd580debd3b5c521521ebe55ba95bb80d576f4149969e07c6,cyber_spl_detection,Write a Splunk SPL detection and triage query,ok,fail,3,9,126.64,20260914_174716,79.0
cybersecurity_agent_all_models_20260912,cybersecurity,cybersecurity-agent-v1,openhands,llama3.1:70b,711a9e8463afd8edd580debd3b5c521521ebe55ba95bb80d576f4149969e07c6,cyber_threat_report_synthesis,Synthesize actionable intelligence from mixed-confidence reporting,ok,fail,4,8,182.07,20260914_174716,79.0
cybersecurity_agent_all_models_20260912,cybersecurity,cybersecurity-agent-v1,openhands,llama3.1:70b,711a9e8463afd8edd580debd3b5c521521ebe55ba95bb80d576f4149969e07c6,cyber_vulnerability_cvss_triage,Triage vulnerabilities using CVSS v4 and exposure context,ok,fail,0,1,171.216,20260914_174716,78.0
cybersecurity_agent_all_models_20260912,cybersecurity,cybersecurity-agent-v1,openhands,llama3.3:70b,a6eb4748fd2990ad2952b2335a95a7f952d1a06119a0aa6a2df6cd052a93a3fa,cyber_advanced_protocol_reasoning,Diagnose advanced protocol and cryptographic failures,ok,fail,0,1,67.64,20260914_174716,79.0
cybersecurity_agent_all_models_20260912,cybersecurity,cybersecurity-agent-v1,openhands,llama3.3:70b,a6eb4748fd2990ad2952b2335a95a7f952d1a06119a0aa6a2df6cd052a93a3fa,cyber_api_bola_remediation,Remediate broken object-level authorization,ok,fail,0,1,104.478,20260914_174716,78.0
cybersecurity_agent_all_models_20260912,cybersecurity,cybersecurity-agent-v1,openhands,llama3.3:70b,a6eb4748fd2990ad2952b2335a95a7f952d1a06119a0aa6a2df6cd052a93a3fa,cyber_appsec_code_review,Perform a CWE-grounded application security review,ok,fail,0,1,58.674,20260914_174716,76.0
cybersecurity_agent_all_models_20260912,cybersecurity,cybersecurity-agent-v1,openhands,llama3.3:70b,a6eb4748fd2990ad2952b2335a95a7f952d1a06119a0aa6a2df6cd052a93a3fa,cyber_appsec_secure_patch,Patch an injection-prone local utility,ok,fail,0,1,92.697,20260914_174716,77.0
cybersecurity_agent_all_models_20260912,cybersecurity,cybersecurity-agent-v1,openhands,llama3.3:70b,a6eb4748fd2990ad2952b2335a95a7f952d1a06119a0aa6a2df6cd052a93a3fa,cyber_chronicle_yaral_detection,Write a Google SecOps YARA-L 2.0 correlation rule,ok,fail,0,1,235.661,20260914_174716,79.0
cybersecurity_agent_all_models_20260912,cybersecurity,cybersecurity-agent-v1,openhands,llama3.3:70b,a6eb4748fd2990ad2952b2335a95a7f952d1a06119a0aa6a2df6cd052a93a3fa,cyber_cloud_kubernetes_hardening,Harden cloud IAM and a Kubernetes workload,ok,fail,0,1,170.443,20260914_174716,79.0
cybersecurity_agent_all_models_20260912,cybersecurity,cybersecurity-agent-v1,openhands,llama3.3:70b,a6eb4748fd2990ad2952b2335a95a7f952d1a06119a0aa6a2df6cd052a93a3fa,cyber_ctf_multidiscipline,Solve a compact multidisciplinary CTF set,ok,fail,0,1,87.486,20260914_174716,79.0
cybersecurity_agent_all_models_20260912,cybersecurity,cybersecurity-agent-v1,openhands,llama3.3:70b,a6eb4748fd2990ad2952b2335a95a7f952d1a06119a0aa6a2df6cd052a93a3fa,cyber_cti_attack_mapping,Map observed behaviors to MITRE ATT&CK,ok,fail,1,5,147.856,20260914_174716,77.0
cybersecurity_agent_all_models_20260912,cybersecurity,cybersecurity-agent-v1,openhands,llama3.3:70b,a6eb4748fd2990ad2952b2335a95a7f952d1a06119a0aa6a2df6cd052a93a3fa,cyber_elastic_esql_detection,Write an Elastic ES|QL behavioral detection,ok,fail,0,1,184.956,20260914_174716,77.0
cybersecurity_agent_all_models_20260912,cybersecurity,cybersecurity-agent-v1,openhands,llama3.3:70b,a6eb4748fd2990ad2952b2335a95a7f952d1a06119a0aa6a2df6cd052a93a3fa,cyber_exploit_crash_analysis,Analyze exploitability of a synthetic native crash,ok,fail,0,1,69.307,20260914_174716,77.0
cybersecurity_agent_all_models_20260912,cybersecurity,cybersecurity-agent-v1,openhands,llama3.3:70b,a6eb4748fd2990ad2952b2335a95a7f952d1a06119a0aa6a2df6cd052a93a3fa,cyber_exploit_toy_poc,Build a constrained proof of concept for a toy service,ok,fail,0,1,87.724,20260914_174716,78.0
cybersecurity_agent_all_models_20260912,cybersecurity,cybersecurity-agent-v1,openhands,llama3.3:70b,a6eb4748fd2990ad2952b2335a95a7f952d1a06119a0aa6a2df6cd052a93a3fa,cyber_foundations_architecture,Reason about a segmented enterprise architecture,ok,fail,0,1,67.829,20260914_174716,79.0
cybersecurity_agent_all_models_20260912,cybersecurity,cybersecurity-agent-v1,openhands,llama3.3:70b,a6eb4748fd2990ad2952b2335a95a7f952d1a06119a0aa6a2df6cd052a93a3fa,cyber_governance_risk_prioritization,Prioritize cyber risk and response outcomes,ok,fail,3,7,175.805,20260914_174716,79.0
cybersecurity_agent_all_models_20260912,cybersecurity,cybersecurity-agent-v1,openhands,llama3.3:70b,a6eb4748fd2990ad2952b2335a95a7f952d1a06119a0aa6a2df6cd052a93a3fa,cyber_incident_timeline,Reconstruct an incident timeline and response plan,ok,fail,4,8,199.445,20260914_174716,80.0
cybersecurity_agent_all_models_20260912,cybersecurity,cybersecurity-agent-v1,openhands,llama3.3:70b,a6eb4748fd2990ad2952b2335a95a7f952d1a06119a0aa6a2df6cd052a93a3fa,cyber_llm_prompt_injection,Harden an agent against indirect prompt injection,ok,fail,0,1,148.07,20260914_174716,77.0
cybersecurity_agent_all_models_20260912,cybersecurity,cybersecurity-agent-v1,openhands,llama3.3:70b,a6eb4748fd2990ad2952b2335a95a7f952d1a06119a0aa6a2df6cd052a93a3fa,cyber_llm_tool_rag_security,Secure tool use and RAG against poisoning and exfiltration,ok,fail,1,8,151.859,20260914_174716,79.0
cybersecurity_agent_all_models_20260912,cybersecurity,cybersecurity-agent-v1,openhands,llama3.3:70b,a6eb4748fd2990ad2952b2335a95a7f952d1a06119a0aa6a2df6cd052a93a3fa,cyber_malware_static_analysis,Classify a harmless synthetic malware specimen,ok,fail,0,1,68.475,20260914_174716,76.0
cybersecurity_agent_all_models_20260912,cybersecurity,cybersecurity-agent-v1,openhands,llama3.3:70b,a6eb4748fd2990ad2952b2335a95a7f952d1a06119a0aa6a2df6cd052a93a3fa,cyber_pentest_attack_path,Plan and validate an authorized lab attack path,ok,fail,2,6,158.953,20260914_174716,79.0
cybersecurity_agent_all_models_20260912,cybersecurity,cybersecurity-agent-v1,openhands,llama3.3:70b,a6eb4748fd2990ad2952b2335a95a7f952d1a06119a0aa6a2df6cd052a93a3fa,cyber_sentinel_kql_detection,Write a Microsoft Sentinel KQL analytic,ok,fail,0,1,134.339,20260914_174716,80.0
cybersecurity_agent_all_models_20260912,cybersecurity,cybersecurity-agent-v1,openhands,llama3.3:70b,a6eb4748fd2990ad2952b2335a95a7f952d1a06119a0aa6a2df6cd052a93a3fa,cyber_sigma_detection,Author a portable Sigma detection,ok,fail,0,1,66.853,20260914_174716,78.0
cybersecurity_agent_all_models_20260912,cybersecurity,cybersecurity-agent-v1,openhands,llama3.3:70b,a6eb4748fd2990ad2952b2335a95a7f952d1a06119a0aa6a2df6cd052a93a3fa,cyber_soc_alert_triage,Triage a noisy alert bundle,ok,fail,1,6,143.057,20260914_174716,80.0
cybersecurity_agent_all_models_20260912,cybersecurity,cybersecurity-agent-v1,openhands,llama3.3:70b,a6eb4748fd2990ad2952b2335a95a7f952d1a06119a0aa6a2df6cd052a93a3fa,cyber_spl_detection,Write a Splunk SPL detection and triage query,ok,fail,0,1,89.149,20260914_174716,79.0
cybersecurity_agent_all_models_20260912,cybersecurity,cybersecurity-agent-v1,openhands,llama3.3:70b,a6eb4748fd2990ad2952b2335a95a7f952d1a06119a0aa6a2df6cd052a93a3fa,cyber_threat_report_synthesis,Synthesize actionable intelligence from mixed-confidence reporting,ok,fail,0,1,113.198,20260914_174716,78.0
cybersecurity_agent_all_models_20260912,cybersecurity,cybersecurity-agent-v1,openhands,llama3.3:70b,a6eb4748fd2990ad2952b2335a95a7f952d1a06119a0aa6a2df6cd052a93a3fa,cyber_vulnerability_cvss_triage,Triage vulnerabilities using CVSS v4 and exposure context,ok,fail,0,1,78.185,20260914_174716,78.0
cybersecurity_agent_all_models_20260912,cybersecurity,cybersecurity-agent-v1,openhands,llama4:16x17b,bf31604e25c25d964e250bcf28a82bfbdbe88af5f236257fabb27629bb24c7f3,cyber_advanced_protocol_reasoning,Diagnose advanced protocol and cryptographic failures,ok,fail,0,1,38.697,20260914_174716,72.0
cybersecurity_agent_all_models_20260912,cybersecurity,cybersecurity-agent-v1,openhands,llama4:16x17b,bf31604e25c25d964e250bcf28a82bfbdbe88af5f236257fabb27629bb24c7f3,cyber_api_bola_remediation,Remediate broken object-level authorization,ok,fail,0,1,98.207,20260914_174716,76.0
cybersecurity_agent_all_models_20260912,cybersecurity,cybersecurity-agent-v1,openhands,llama4:16x17b,bf31604e25c25d964e250bcf28a82bfbdbe88af5f236257fabb27629bb24c7f3,cyber_appsec_code_review,Perform a CWE-grounded application security review,ok,fail,0,1,43.378,20260914_174716,69.0
cybersecurity_agent_all_models_20260912,cybersecurity,cybersecurity-agent-v1,openhands,llama4:16x17b,bf31604e25c25d964e250bcf28a82bfbdbe88af5f236257fabb27629bb24c7f3,cyber_appsec_secure_patch,Patch an injection-prone local utility,ok,fail,0,1,121.307,20260914_174716,69.0
cybersecurity_agent_all_models_20260912,cybersecurity,cybersecurity-agent-v1,openhands,llama4:16x17b,bf31604e25c25d964e250bcf28a82bfbdbe88af5f236257fabb27629bb24c7f3,cyber_chronicle_yaral_detection,Write a Google SecOps YARA-L 2.0 correlation rule,ok,fail,0,1,31.8,20260914_174716,69.0
cybersecurity_agent_all_models_20260912,cybersecurity,cybersecurity-agent-v1,openhands,llama4:16x17b,bf31604e25c25d964e250bcf28a82bfbdbe88af5f236257fabb27629bb24c7f3,cyber_cloud_kubernetes_hardening,Harden cloud IAM and a Kubernetes workload,ok,fail,0,1,39.24,20260914_174716,70.0
cybersecurity_agent_all_models_20260912,cybersecurity,cybersecurity-agent-v1,openhands,llama4:16x17b,bf31604e25c25d964e250bcf28a82bfbdbe88af5f236257fabb27629bb24c7f3,cyber_ctf_multidiscipline,Solve a compact multidisciplinary CTF set,ok,fail,0,1,44.507,20260914_174716,70.0
cybersecurity_agent_all_models_20260912,cybersecurity,cybersecurity-agent-v1,openhands,llama4:16x17b,bf31604e25c25d964e250bcf28a82bfbdbe88af5f236257fabb27629bb24c7f3,cyber_cti_attack_mapping,Map observed behaviors to MITRE ATT&CK,ok,fail,0,1,36.801,20260914_174716,71.0
cybersecurity_agent_all_models_20260912,cybersecurity,cybersecurity-agent-v1,openhands,llama4:16x17b,bf31604e25c25d964e250bcf28a82bfbdbe88af5f236257fabb27629bb24c7f3,cyber_elastic_esql_detection,Write an Elastic ES|QL behavioral detection,ok,fail,0,1,30.48,20260914_174716,70.0
cybersecurity_agent_all_models_20260912,cybersecurity,cybersecurity-agent-v1,openhands,llama4:16x17b,bf31604e25c25d964e250bcf28a82bfbdbe88af5f236257fabb27629bb24c7f3,cyber_exploit_crash_analysis,Analyze exploitability of a synthetic native crash,ok,fail,0,1,31.308,20260914_174716,73.0
cybersecurity_agent_all_models_20260912,cybersecurity,cybersecurity-agent-v1,openhands,llama4:16x17b,bf31604e25c25d964e250bcf28a82bfbdbe88af5f236257fabb27629bb24c7f3,cyber_exploit_toy_poc,Build a constrained proof of concept for a toy service,ok,fail,0,1,32.011,20260914_174716,72.0
cybersecurity_agent_all_models_20260912,cybersecurity,cybersecurity-agent-v1,openhands,llama4:16x17b,bf31604e25c25d964e250bcf28a82bfbdbe88af5f236257fabb27629bb24c7f3,cyber_foundations_architecture,Reason about a segmented enterprise architecture,ok,fail,0,1,36.441,20260914_174716,70.0
cybersecurity_agent_all_models_20260912,cybersecurity,cybersecurity-agent-v1,openhands,llama4:16x17b,bf31604e25c25d964e250bcf28a82bfbdbe88af5f236257fabb27629bb24c7f3,cyber_governance_risk_prioritization,Prioritize cyber risk and response outcomes,ok,fail,0,1,40.327,20260914_174716,71.0
cybersecurity_agent_all_models_20260912,cybersecurity,cybersecurity-agent-v1,openhands,llama4:16x17b,bf31604e25c25d964e250bcf28a82bfbdbe88af5f236257fabb27629bb24c7f3,cyber_incident_timeline,Reconstruct an incident timeline and response plan,ok,fail,0,1,34.971,20260914_174716,70.0
cybersecurity_agent_all_models_20260912,cybersecurity,cybersecurity-agent-v1,openhands,llama4:16x17b,bf31604e25c25d964e250bcf28a82bfbdbe88af5f236257fabb27629bb24c7f3,cyber_llm_prompt_injection,Harden an agent against indirect prompt injection,ok,fail,0,1,60.989,20260914_174716,72.0
cybersecurity_agent_all_models_20260912,cybersecurity,cybersecurity-agent-v1,openhands,llama4:16x17b,bf31604e25c25d964e250bcf28a82bfbdbe88af5f236257fabb27629bb24c7f3,cyber_llm_tool_rag_security,Secure tool use and RAG against poisoning and exfiltration,ok,fail,0,1,36.69,20260914_174716,72.0
cybersecurity_agent_all_models_20260912,cybersecurity,cybersecurity-agent-v1,openhands,llama4:16x17b,bf31604e25c25d964e250bcf28a82bfbdbe88af5f236257fabb27629bb24c7f3,cyber_malware_static_analysis,Classify a harmless synthetic malware specimen,ok,fail,0,1,64.674,20260914_174716,69.0
cybersecurity_agent_all_models_20260912,cybersecurity,cybersecurity-agent-v1,openhands,llama4:16x17b,bf31604e25c25d964e250bcf28a82bfbdbe88af5f236257fabb27629bb24c7f3,cyber_pentest_attack_path,Plan and validate an authorized lab attack path,ok,fail,0,1,35.206,20260914_174716,71.0
cybersecurity_agent_all_models_20260912,cybersecurity,cybersecurity-agent-v1,openhands,llama4:16x17b,bf31604e25c25d964e250bcf28a82bfbdbe88af5f236257fabb27629bb24c7f3,cyber_sentinel_kql_detection,Write a Microsoft Sentinel KQL analytic,ok,fail,0,1,31.93,20260914_174716,70.0
cybersecurity_agent_all_models_20260912,cybersecurity,cybersecurity-agent-v1,openhands,llama4:16x17b,bf31604e25c25d964e250bcf28a82bfbdbe88af5f236257fabb27629bb24c7f3,cyber_sigma_detection,Author a portable Sigma detection,ok,fail,0,1,30.944,20260914_174716,71.0
cybersecurity_agent_all_models_20260912,cybersecurity,cybersecurity-agent-v1,openhands,llama4:16x17b,bf31604e25c25d964e250bcf28a82bfbdbe88af5f236257fabb27629bb24c7f3,cyber_soc_alert_triage,Triage a noisy alert bundle,ok,fail,0,1,36.794,20260914_174716,70.0
cybersecurity_agent_all_models_20260912,cybersecurity,cybersecurity-agent-v1,openhands,llama4:16x17b,bf31604e25c25d964e250bcf28a82bfbdbe88af5f236257fabb27629bb24c7f3,cyber_spl_detection,Write a Splunk SPL detection and triage query,ok,fail,0,1,31.306,20260914_174716,70.0
cybersecurity_agent_all_models_20260912,cybersecurity,cybersecurity-agent-v1,openhands,llama4:16x17b,bf31604e25c25d964e250bcf28a82bfbdbe88af5f236257fabb27629bb24c7f3,cyber_threat_report_synthesis,Synthesize actionable intelligence from mixed-confidence reporting,ok,fail,0,1,34.788,20260914_174716,70.0
cybersecurity_agent_all_models_20260912,cybersecurity,cybersecurity-agent-v1,openhands,llama4:16x17b,bf31604e25c25d964e250bcf28a82bfbdbe88af5f236257fabb27629bb24c7f3,cyber_vulnerability_cvss_triage,Triage vulnerabilities using CVSS v4 and exposure context,ok,fail,0,1,30.005,20260914_174716,70.0
cybersecurity_agent_all_models_20260912,cybersecurity,cybersecurity-agent-v1,openhands,muse-glimmer:30b-q4_K_M-dflash,da643f4663abaffc3433eea46aced77fbc5859189fcc79dcfca01c24aafdecd8,cyber_advanced_protocol_reasoning,Diagnose advanced protocol and cryptographic failures,ok,fail,1,5,280.91,20260914_174716,79.0
cybersecurity_agent_all_models_20260912,cybersecurity,cybersecurity-agent-v1,openhands,muse-glimmer:30b-q4_K_M-dflash,da643f4663abaffc3433eea46aced77fbc5859189fcc79dcfca01c24aafdecd8,cyber_api_bola_remediation,Remediate broken object-level authorization,ok,fail,6,7,215.364,20260914_174716,83.0
cybersecurity_agent_all_models_20260912,cybersecurity,cybersecurity-agent-v1,openhands,muse-glimmer:30b-q4_K_M-dflash,da643f4663abaffc3433eea46aced77fbc5859189fcc79dcfca01c24aafdecd8,cyber_appsec_code_review,Perform a CWE-grounded application security review,ok,pass,7,7,98.476,20260914_174716,82.0
cybersecurity_agent_all_models_20260912,cybersecurity,cybersecurity-agent-v1,openhands,muse-glimmer:30b-q4_K_M-dflash,da643f4663abaffc3433eea46aced77fbc5859189fcc79dcfca01c24aafdecd8,cyber_appsec_secure_patch,Patch an injection-prone local utility,ok,fail,6,7,211.292,20260914_174716,79.0
cybersecurity_agent_all_models_20260912,cybersecurity,cybersecurity-agent-v1,openhands,muse-glimmer:30b-q4_K_M-dflash,da643f4663abaffc3433eea46aced77fbc5859189fcc79dcfca01c24aafdecd8,cyber_chronicle_yaral_detection,Write a Google SecOps YARA-L 2.0 correlation rule,ok,pass,13,13,128.31,20260914_174716,81.0
cybersecurity_agent_all_models_20260912,cybersecurity,cybersecurity-agent-v1,openhands,muse-glimmer:30b-q4_K_M-dflash,da643f4663abaffc3433eea46aced77fbc5859189fcc79dcfca01c24aafdecd8,cyber_cloud_kubernetes_hardening,Harden cloud IAM and a Kubernetes workload,ok,pass,13,13,275.584,20260914_174716,83.0
cybersecurity_agent_all_models_20260912,cybersecurity,cybersecurity-agent-v1,openhands,muse-glimmer:30b-q4_K_M-dflash,da643f4663abaffc3433eea46aced77fbc5859189fcc79dcfca01c24aafdecd8,cyber_ctf_multidiscipline,Solve a compact multidisciplinary CTF set,ok,pass,6,6,119.427,20260914_174716,82.0
cybersecurity_agent_all_models_20260912,cybersecurity,cybersecurity-agent-v1,openhands,muse-glimmer:30b-q4_K_M-dflash,da643f4663abaffc3433eea46aced77fbc5859189fcc79dcfca01c24aafdecd8,cyber_cti_attack_mapping,Map observed behaviors to MITRE ATT&CK,ok,fail,4,5,104.439,20260914_174716,78.0
cybersecurity_agent_all_models_20260912,cybersecurity,cybersecurity-agent-v1,openhands,muse-glimmer:30b-q4_K_M-dflash,da643f4663abaffc3433eea46aced77fbc5859189fcc79dcfca01c24aafdecd8,cyber_elastic_esql_detection,Write an Elastic ES|QL behavioral detection,ok,pass,11,11,144.412,20260914_174716,83.0
cybersecurity_agent_all_models_20260912,cybersecurity,cybersecurity-agent-v1,openhands,muse-glimmer:30b-q4_K_M-dflash,da643f4663abaffc3433eea46aced77fbc5859189fcc79dcfca01c24aafdecd8,cyber_exploit_crash_analysis,Analyze exploitability of a synthetic native crash,ok,fail,5,6,351.819,20260914_174716,81.0
cybersecurity_agent_all_models_20260912,cybersecurity,cybersecurity-agent-v1,openhands,muse-glimmer:30b-q4_K_M-dflash,da643f4663abaffc3433eea46aced77fbc5859189fcc79dcfca01c24aafdecd8,cyber_exploit_toy_poc,Build a constrained proof of concept for a toy service,ok,fail,10,11,168.489,20260914_174716,82.0
cybersecurity_agent_all_models_20260912,cybersecurity,cybersecurity-agent-v1,openhands,muse-glimmer:30b-q4_K_M-dflash,da643f4663abaffc3433eea46aced77fbc5859189fcc79dcfca01c24aafdecd8,cyber_foundations_architecture,Reason about a segmented enterprise architecture,ok,fail,1,4,292.188,20260914_174716,81.0
cybersecurity_agent_all_models_20260912,cybersecurity,cybersecurity-agent-v1,openhands,muse-glimmer:30b-q4_K_M-dflash,da643f4663abaffc3433eea46aced77fbc5859189fcc79dcfca01c24aafdecd8,cyber_governance_risk_prioritization,Prioritize cyber risk and response outcomes,ok,fail,6,7,272.278,20260914_174716,82.0
cybersecurity_agent_all_models_20260912,cybersecurity,cybersecurity-agent-v1,openhands,muse-glimmer:30b-q4_K_M-dflash,da643f4663abaffc3433eea46aced77fbc5859189fcc79dcfca01c24aafdecd8,cyber_incident_timeline,Reconstruct an incident timeline and response plan,ok,pass,8,8,170.244,20260914_174716,82.0
cybersecurity_agent_all_models_20260912,cybersecurity,cybersecurity-agent-v1,openhands,muse-glimmer:30b-q4_K_M-dflash,da643f4663abaffc3433eea46aced77fbc5859189fcc79dcfca01c24aafdecd8,cyber_llm_prompt_injection,Harden an agent against indirect prompt injection,ok,fail,2,7,111.017,20260914_174716,84.0
cybersecurity_agent_all_models_20260912,cybersecurity,cybersecurity-agent-v1,openhands,muse-glimmer:30b-q4_K_M-dflash,da643f4663abaffc3433eea46aced77fbc5859189fcc79dcfca01c24aafdecd8,cyber_llm_tool_rag_security,Secure tool use and RAG against poisoning and exfiltration,ok,fail,7,8,132.366,20260914_174716,82.0
cybersecurity_agent_all_models_20260912,cybersecurity,cybersecurity-agent-v1,openhands,muse-glimmer:30b-q4_K_M-dflash,da643f4663abaffc3433eea46aced77fbc5859189fcc79dcfca01c24aafdecd8,cyber_malware_static_analysis,Classify a harmless synthetic malware specimen,error,fail,0,1,197.347,20260914_174716,82.0
cybersecurity_agent_all_models_20260912,cybersecurity,cybersecurity-agent-v1,openhands,muse-glimmer:30b-q4_K_M-dflash,da643f4663abaffc3433eea46aced77fbc5859189fcc79dcfca01c24aafdecd8,cyber_pentest_attack_path,Plan and validate an authorized lab attack path,ok,pass,6,6,186.19,20260914_174716,82.0
cybersecurity_agent_all_models_20260912,cybersecurity,cybersecurity-agent-v1,openhands,muse-glimmer:30b-q4_K_M-dflash,da643f4663abaffc3433eea46aced77fbc5859189fcc79dcfca01c24aafdecd8,cyber_sentinel_kql_detection,Write a Microsoft Sentinel KQL analytic,ok,pass,10,10,454.425,20260914_174716,83.0
cybersecurity_agent_all_models_20260912,cybersecurity,cybersecurity-agent-v1,openhands,muse-glimmer:30b-q4_K_M-dflash,da643f4663abaffc3433eea46aced77fbc5859189fcc79dcfca01c24aafdecd8,cyber_sigma_detection,Author a portable Sigma detection,ok,pass,10,10,155.05,20260914_174716,83.0
cybersecurity_agent_all_models_20260912,cybersecurity,cybersecurity-agent-v1,openhands,muse-glimmer:30b-q4_K_M-dflash,da643f4663abaffc3433eea46aced77fbc5859189fcc79dcfca01c24aafdecd8,cyber_soc_alert_triage,Triage a noisy alert bundle,ok,pass,6,6,140.917,20260914_174716,83.0
cybersecurity_agent_all_models_20260912,cybersecurity,cybersecurity-agent-v1,openhands,muse-glimmer:30b-q4_K_M-dflash,da643f4663abaffc3433eea46aced77fbc5859189fcc79dcfca01c24aafdecd8,cyber_spl_detection,Write a Splunk SPL detection and triage query,ok,fail,8,9,566.793,20260914_174716,80.0
cybersecurity_agent_all_models_20260912,cybersecurity,cybersecurity-agent-v1,openhands,muse-glimmer:30b-q4_K_M-dflash,da643f4663abaffc3433eea46aced77fbc5859189fcc79dcfca01c24aafdecd8,cyber_threat_report_synthesis,Synthesize actionable intelligence from mixed-confidence reporting,ok,fail,5,8,185.192,20260914_174716,82.0
cybersecurity_agent_all_models_20260912,cybersecurity,cybersecurity-agent-v1,openhands,muse-glimmer:30b-q4_K_M-dflash,da643f4663abaffc3433eea46aced77fbc5859189fcc79dcfca01c24aafdecd8,cyber_vulnerability_cvss_triage,Triage vulnerabilities using CVSS v4 and exposure context,ok,fail,3,6,154.162,20260914_174716,81.0
cybersecurity_agent_all_models_20260912,cybersecurity,cybersecurity-agent-v1,openhands,nemotron-3-super:120b,95acc78b3ffdf21e34b4182a08e1b06c49b5966b6821ccabd359f0ece770aa8d,cyber_advanced_protocol_reasoning,Diagnose advanced protocol and cryptographic failures,ok,fail,1,5,123.851,20260914_174716,73.0
cybersecurity_agent_all_models_20260912,cybersecurity,cybersecurity-agent-v1,openhands,nemotron-3-super:120b,95acc78b3ffdf21e34b4182a08e1b06c49b5966b6821ccabd359f0ece770aa8d,cyber_api_bola_remediation,Remediate broken object-level authorization,ok,fail,6,7,296.201,20260914_174716,74.0
cybersecurity_agent_all_models_20260912,cybersecurity,cybersecurity-agent-v1,openhands,nemotron-3-super:120b,95acc78b3ffdf21e34b4182a08e1b06c49b5966b6821ccabd359f0ece770aa8d,cyber_appsec_code_review,Perform a CWE-grounded application security review,ok,pass,7,7,289.253,20260914_174716,76.0
cybersecurity_agent_all_models_20260912,cybersecurity,cybersecurity-agent-v1,openhands,nemotron-3-super:120b,95acc78b3ffdf21e34b4182a08e1b06c49b5966b6821ccabd359f0ece770aa8d,cyber_appsec_secure_patch,Patch an injection-prone local utility,ok,fail,6,7,292.302,20260914_174716,75.0
cybersecurity_agent_all_models_20260912,cybersecurity,cybersecurity-agent-v1,openhands,nemotron-3-super:120b,95acc78b3ffdf21e34b4182a08e1b06c49b5966b6821ccabd359f0ece770aa8d,cyber_chronicle_yaral_detection,Write a Google SecOps YARA-L 2.0 correlation rule,ok,fail,12,13,262.703,20260914_174716,76.0
cybersecurity_agent_all_models_20260912,cybersecurity,cybersecurity-agent-v1,openhands,nemotron-3-super:120b,95acc78b3ffdf21e34b4182a08e1b06c49b5966b6821ccabd359f0ece770aa8d,cyber_cloud_kubernetes_hardening,Harden cloud IAM and a Kubernetes workload,ok,fail,12,13,292.202,20260914_174716,75.0
cybersecurity_agent_all_models_20260912,cybersecurity,cybersecurity-agent-v1,openhands,nemotron-3-super:120b,95acc78b3ffdf21e34b4182a08e1b06c49b5966b6821ccabd359f0ece770aa8d,cyber_ctf_multidiscipline,Solve a compact multidisciplinary CTF set,ok,fail,5,6,224.944,20260914_174716,73.0
cybersecurity_agent_all_models_20260912,cybersecurity,cybersecurity-agent-v1,openhands,nemotron-3-super:120b,95acc78b3ffdf21e34b4182a08e1b06c49b5966b6821ccabd359f0ece770aa8d,cyber_cti_attack_mapping,Map observed behaviors to MITRE ATT&CK,ok,fail,3,5,123.533,20260914_174716,73.0
cybersecurity_agent_all_models_20260912,cybersecurity,cybersecurity-agent-v1,openhands,nemotron-3-super:120b,95acc78b3ffdf21e34b4182a08e1b06c49b5966b6821ccabd359f0ece770aa8d,cyber_elastic_esql_detection,Write an Elastic ES|QL behavioral detection,ok,fail,10,11,229.626,20260914_174716,74.0
cybersecurity_agent_all_models_20260912,cybersecurity,cybersecurity-agent-v1,openhands,nemotron-3-super:120b,95acc78b3ffdf21e34b4182a08e1b06c49b5966b6821ccabd359f0ece770aa8d,cyber_exploit_crash_analysis,Analyze exploitability of a synthetic native crash,ok,fail,5,6,376.992,20260914_174716,75.0
cybersecurity_agent_all_models_20260912,cybersecurity,cybersecurity-agent-v1,openhands,nemotron-3-super:120b,95acc78b3ffdf21e34b4182a08e1b06c49b5966b6821ccabd359f0ece770aa8d,cyber_exploit_toy_poc,Build a constrained proof of concept for a toy service,ok,pass,11,11,183.177,20260914_174716,74.0
cybersecurity_agent_all_models_20260912,cybersecurity,cybersecurity-agent-v1,openhands,nemotron-3-super:120b,95acc78b3ffdf21e34b4182a08e1b06c49b5966b6821ccabd359f0ece770aa8d,cyber_foundations_architecture,Reason about a segmented enterprise architecture,ok,fail,1,4,192.787,20260914_174716,75.0
cybersecurity_agent_all_models_20260912,cybersecurity,cybersecurity-agent-v1,openhands,nemotron-3-super:120b,95acc78b3ffdf21e34b4182a08e1b06c49b5966b6821ccabd359f0ece770aa8d,cyber_governance_risk_prioritization,Prioritize cyber risk and response outcomes,ok,pass,7,7,136.898,20260914_174716,72.0
cybersecurity_agent_all_models_20260912,cybersecurity,cybersecurity-agent-v1,openhands,nemotron-3-super:120b,95acc78b3ffdf21e34b4182a08e1b06c49b5966b6821ccabd359f0ece770aa8d,cyber_incident_timeline,Reconstruct an incident timeline and response plan,ok,fail,7,8,131.286,20260914_174716,72.0
cybersecurity_agent_all_models_20260912,cybersecurity,cybersecurity-agent-v1,openhands,nemotron-3-super:120b,95acc78b3ffdf21e34b4182a08e1b06c49b5966b6821ccabd359f0ece770aa8d,cyber_llm_prompt_injection,Harden an agent against indirect prompt injection,ok,fail,2,7,172.126,20260914_174716,73.0
cybersecurity_agent_all_models_20260912,cybersecurity,cybersecurity-agent-v1,openhands,nemotron-3-super:120b,95acc78b3ffdf21e34b4182a08e1b06c49b5966b6821ccabd359f0ece770aa8d,cyber_llm_tool_rag_security,Secure tool use and RAG against poisoning and exfiltration,ok,fail,7,8,144.257,20260914_174716,74.0
cybersecurity_agent_all_models_20260912,cybersecurity,cybersecurity-agent-v1,openhands,nemotron-3-super:120b,95acc78b3ffdf21e34b4182a08e1b06c49b5966b6821ccabd359f0ece770aa8d,cyber_malware_static_analysis,Classify a harmless synthetic malware specimen,ok,fail,0,1,480.021,20260914_174716,76.0
cybersecurity_agent_all_models_20260912,cybersecurity,cybersecurity-agent-v1,openhands,nemotron-3-super:120b,95acc78b3ffdf21e34b4182a08e1b06c49b5966b6821ccabd359f0ece770aa8d,cyber_pentest_attack_path,Plan and validate an authorized lab attack path,ok,pass,6,6,150.671,20260914_174716,74.0
cybersecurity_agent_all_models_20260912,cybersecurity,cybersecurity-agent-v1,openhands,nemotron-3-super:120b,95acc78b3ffdf21e34b4182a08e1b06c49b5966b6821ccabd359f0ece770aa8d,cyber_sentinel_kql_detection,Write a Microsoft Sentinel KQL analytic,ok,pass,10,10,5423.706,20260914_174716,78.0
cybersecurity_agent_all_models_20260912,cybersecurity,cybersecurity-agent-v1,openhands,nemotron-3-super:120b,95acc78b3ffdf21e34b4182a08e1b06c49b5966b6821ccabd359f0ece770aa8d,cyber_sigma_detection,Author a portable Sigma detection,ok,pass,10,10,188.942,20260914_174716,74.0
cybersecurity_agent_all_models_20260912,cybersecurity,cybersecurity-agent-v1,openhands,nemotron-3-super:120b,95acc78b3ffdf21e34b4182a08e1b06c49b5966b6821ccabd359f0ece770aa8d,cyber_soc_alert_triage,Triage a noisy alert bundle,ok,fail,4,6,171.031,20260914_174716,74.0
cybersecurity_agent_all_models_20260912,cybersecurity,cybersecurity-agent-v1,openhands,nemotron-3-super:120b,95acc78b3ffdf21e34b4182a08e1b06c49b5966b6821ccabd359f0ece770aa8d,cyber_spl_detection,Write a Splunk SPL detection and triage query,ok,fail,8,9,309.241,20260914_174716,75.0
cybersecurity_agent_all_models_20260912,cybersecurity,cybersecurity-agent-v1,openhands,nemotron-3-super:120b,95acc78b3ffdf21e34b4182a08e1b06c49b5966b6821ccabd359f0ece770aa8d,cyber_threat_report_synthesis,Synthesize actionable intelligence from mixed-confidence reporting,ok,fail,4,8,258.49,20260914_174716,73.0
cybersecurity_agent_all_models_20260912,cybersecurity,cybersecurity-agent-v1,openhands,nemotron-3-super:120b,95acc78b3ffdf21e34b4182a08e1b06c49b5966b6821ccabd359f0ece770aa8d,cyber_vulnerability_cvss_triage,Triage vulnerabilities using CVSS v4 and exposure context,ok,fail,4,6,314.712,20260914_174716,74.0
cybersecurity_agent_all_models_20260912,cybersecurity,cybersecurity-agent-v1,openhands,nemotron-3.5-lightning:latest,e7a64ff15fb174c42b4f463e5c888c4f2c7b9cabf9e8d65a1c0874405426c1b2,cyber_advanced_protocol_reasoning,Diagnose advanced protocol and cryptographic failures,ok,fail,1,5,34.928,20260914_174716,70.0
cybersecurity_agent_all_models_20260912,cybersecurity,cybersecurity-agent-v1,openhands,nemotron-3.5-lightning:latest,e7a64ff15fb174c42b4f463e5c888c4f2c7b9cabf9e8d65a1c0874405426c1b2,cyber_api_bola_remediation,Remediate broken object-level authorization,ok,grader_error,0,0,245.053,20260914_174716,70.0
cybersecurity_agent_all_models_20260912,cybersecurity,cybersecurity-agent-v1,openhands,nemotron-3.5-lightning:latest,e7a64ff15fb174c42b4f463e5c888c4f2c7b9cabf9e8d65a1c0874405426c1b2,cyber_appsec_code_review,Perform a CWE-grounded application security review,ok,pass,7,7,37.045,20260914_174716,65.0
cybersecurity_agent_all_models_20260912,cybersecurity,cybersecurity-agent-v1,openhands,nemotron-3.5-lightning:latest,e7a64ff15fb174c42b4f463e5c888c4f2c7b9cabf9e8d65a1c0874405426c1b2,cyber_appsec_secure_patch,Patch an injection-prone local utility,ok,fail,6,7,70.014,20260914_174716,66.0
cybersecurity_agent_all_models_20260912,cybersecurity,cybersecurity-agent-v1,openhands,nemotron-3.5-lightning:latest,e7a64ff15fb174c42b4f463e5c888c4f2c7b9cabf9e8d65a1c0874405426c1b2,cyber_chronicle_yaral_detection,Write a Google SecOps YARA-L 2.0 correlation rule,ok,fail,12,13,42.844,20260914_174716,68.0
cybersecurity_agent_all_models_20260912,cybersecurity,cybersecurity-agent-v1,openhands,nemotron-3.5-lightning:latest,e7a64ff15fb174c42b4f463e5c888c4f2c7b9cabf9e8d65a1c0874405426c1b2,cyber_cloud_kubernetes_hardening,Harden cloud IAM and a Kubernetes workload,ok,fail,12,13,50.41,20260914_174716,67.0
cybersecurity_agent_all_models_20260912,cybersecurity,cybersecurity-agent-v1,openhands,nemotron-3.5-lightning:latest,e7a64ff15fb174c42b4f463e5c888c4f2c7b9cabf9e8d65a1c0874405426c1b2,cyber_ctf_multidiscipline,Solve a compact multidisciplinary CTF set,ok,pass,6,6,60.993,20260914_174716,64.0
cybersecurity_agent_all_models_20260912,cybersecurity,cybersecurity-agent-v1,openhands,nemotron-3.5-lightning:latest,e7a64ff15fb174c42b4f463e5c888c4f2c7b9cabf9e8d65a1c0874405426c1b2,cyber_cti_attack_mapping,Map observed behaviors to MITRE ATT&CK,ok,fail,3,5,35.647,20260914_174716,71.0
cybersecurity_agent_all_models_20260912,cybersecurity,cybersecurity-agent-v1,openhands,nemotron-3.5-lightning:latest,e7a64ff15fb174c42b4f463e5c888c4f2c7b9cabf9e8d65a1c0874405426c1b2,cyber_elastic_esql_detection,Write an Elastic ES|QL behavioral detection,ok,fail,9,11,31.918,20260914_174716,67.0
cybersecurity_agent_all_models_20260912,cybersecurity,cybersecurity-agent-v1,openhands,nemotron-3.5-lightning:latest,e7a64ff15fb174c42b4f463e5c888c4f2c7b9cabf9e8d65a1c0874405426c1b2,cyber_exploit_crash_analysis,Analyze exploitability of a synthetic native crash,ok,fail,5,6,42.947,20260914_174716,69.0
cybersecurity_agent_all_models_20260912,cybersecurity,cybersecurity-agent-v1,openhands,nemotron-3.5-lightning:latest,e7a64ff15fb174c42b4f463e5c888c4f2c7b9cabf9e8d65a1c0874405426c1b2,cyber_exploit_toy_poc,Build a constrained proof of concept for a toy service,ok,fail,9,11,125.859,20260914_174716,71.0
cybersecurity_agent_all_models_20260912,cybersecurity,cybersecurity-agent-v1,openhands,nemotron-3.5-lightning:latest,e7a64ff15fb174c42b4f463e5c888c4f2c7b9cabf9e8d65a1c0874405426c1b2,cyber_foundations_architecture,Reason about a segmented enterprise architecture,ok,fail,1,4,45.201,20260914_174716,68.0
cybersecurity_agent_all_models_20260912,cybersecurity,cybersecurity-agent-v1,openhands,nemotron-3.5-lightning:latest,e7a64ff15fb174c42b4f463e5c888c4f2c7b9cabf9e8d65a1c0874405426c1b2,cyber_governance_risk_prioritization,Prioritize cyber risk and response outcomes,ok,fail,6,7,47.347,20260914_174716,70.0
cybersecurity_agent_all_models_20260912,cybersecurity,cybersecurity-agent-v1,openhands,nemotron-3.5-lightning:latest,e7a64ff15fb174c42b4f463e5c888c4f2c7b9cabf9e8d65a1c0874405426c1b2,cyber_incident_timeline,Reconstruct an incident timeline and response plan,ok,fail,7,8,41.311,20260914_174716,68.0
cybersecurity_agent_all_models_20260912,cybersecurity,cybersecurity-agent-v1,openhands,nemotron-3.5-lightning:latest,e7a64ff15fb174c42b4f463e5c888c4f2c7b9cabf9e8d65a1c0874405426c1b2,cyber_llm_prompt_injection,Harden an agent against indirect prompt injection,ok,fail,2,7,44.241,20260914_174716,66.0
cybersecurity_agent_all_models_20260912,cybersecurity,cybersecurity-agent-v1,openhands,nemotron-3.5-lightning:latest,e7a64ff15fb174c42b4f463e5c888c4f2c7b9cabf9e8d65a1c0874405426c1b2,cyber_llm_tool_rag_security,Secure tool use and RAG against poisoning and exfiltration,ok,fail,7,8,45.833,20260914_174716,67.0
cybersecurity_agent_all_models_20260912,cybersecurity,cybersecurity-agent-v1,openhands,nemotron-3.5-lightning:latest,e7a64ff15fb174c42b4f463e5c888c4f2c7b9cabf9e8d65a1c0874405426c1b2,cyber_malware_static_analysis,Classify a harmless synthetic malware specimen,ok,fail,5,6,42.175,20260914_174716,69.0
cybersecurity_agent_all_models_20260912,cybersecurity,cybersecurity-agent-v1,openhands,nemotron-3.5-lightning:latest,e7a64ff15fb174c42b4f463e5c888c4f2c7b9cabf9e8d65a1c0874405426c1b2,cyber_pentest_attack_path,Plan and validate an authorized lab attack path,ok,pass,6,6,37.673,20260914_174716,68.0
cybersecurity_agent_all_models_20260912,cybersecurity,cybersecurity-agent-v1,openhands,nemotron-3.5-lightning:latest,e7a64ff15fb174c42b4f463e5c888c4f2c7b9cabf9e8d65a1c0874405426c1b2,cyber_sentinel_kql_detection,Write a Microsoft Sentinel KQL analytic,ok,pass,10,10,48.244,20260914_174716,68.0
cybersecurity_agent_all_models_20260912,cybersecurity,cybersecurity-agent-v1,openhands,nemotron-3.5-lightning:latest,e7a64ff15fb174c42b4f463e5c888c4f2c7b9cabf9e8d65a1c0874405426c1b2,cyber_sigma_detection,Author a portable Sigma detection,ok,pass,10,10,36.377,20260914_174716,66.0
cybersecurity_agent_all_models_20260912,cybersecurity,cybersecurity-agent-v1,openhands,nemotron-3.5-lightning:latest,e7a64ff15fb174c42b4f463e5c888c4f2c7b9cabf9e8d65a1c0874405426c1b2,cyber_soc_alert_triage,Triage a noisy alert bundle,ok,fail,4,6,37.921,20260914_174716,69.0
cybersecurity_agent_all_models_20260912,cybersecurity,cybersecurity-agent-v1,openhands,nemotron-3.5-lightning:latest,e7a64ff15fb174c42b4f463e5c888c4f2c7b9cabf9e8d65a1c0874405426c1b2,cyber_spl_detection,Write a Splunk SPL detection and triage query,ok,fail,7,9,37.897,20260914_174716,66.0
cybersecurity_agent_all_models_20260912,cybersecurity,cybersecurity-agent-v1,openhands,nemotron-3.5-lightning:latest,e7a64ff15fb174c42b4f463e5c888c4f2c7b9cabf9e8d65a1c0874405426c1b2,cyber_threat_report_synthesis,Synthesize actionable intelligence from mixed-confidence reporting,ok,fail,7,8,63.834,20260914_174716,68.0
cybersecurity_agent_all_models_20260912,cybersecurity,cybersecurity-agent-v1,openhands,nemotron-3.5-lightning:latest,e7a64ff15fb174c42b4f463e5c888c4f2c7b9cabf9e8d65a1c0874405426c1b2,cyber_vulnerability_cvss_triage,Triage vulnerabilities using CVSS v4 and exposure context,ok,fail,3,6,44.441,20260914_174716,67.0
cybersecurity_agent_all_models_20260912,cybersecurity,cybersecurity-agent-v1,openhands,ornith:35b,5a470e0f652cac9b5a375fd58d67831d48be07a1cc4ed3f7250ca4875b3226d8,cyber_advanced_protocol_reasoning,Diagnose advanced protocol and cryptographic failures,ok,fail,1,5,38.569,20260914_174716,69.0
cybersecurity_agent_all_models_20260912,cybersecurity,cybersecurity-agent-v1,openhands,ornith:35b,5a470e0f652cac9b5a375fd58d67831d48be07a1cc4ed3f7250ca4875b3226d8,cyber_api_bola_remediation,Remediate broken object-level authorization,error,fail,0,1,81.652,20260914_174716,75.0
cybersecurity_agent_all_models_20260912,cybersecurity,cybersecurity-agent-v1,openhands,ornith:35b,5a470e0f652cac9b5a375fd58d67831d48be07a1cc4ed3f7250ca4875b3226d8,cyber_appsec_code_review,Perform a CWE-grounded application security review,ok,pass,7,7,85.785,20260914_174716,76.0
cybersecurity_agent_all_models_20260912,cybersecurity,cybersecurity-agent-v1,openhands,ornith:35b,5a470e0f652cac9b5a375fd58d67831d48be07a1cc4ed3f7250ca4875b3226d8,cyber_appsec_secure_patch,Patch an injection-prone local utility,ok,fail,5,7,98.139,20260914_174716,74.0
cybersecurity_agent_all_models_20260912,cybersecurity,cybersecurity-agent-v1,openhands,ornith:35b,5a470e0f652cac9b5a375fd58d67831d48be07a1cc4ed3f7250ca4875b3226d8,cyber_chronicle_yaral_detection,Write a Google SecOps YARA-L 2.0 correlation rule,ok,pass,13,13,46.504,20260914_174716,71.0
cybersecurity_agent_all_models_20260912,cybersecurity,cybersecurity-agent-v1,openhands,ornith:35b,5a470e0f652cac9b5a375fd58d67831d48be07a1cc4ed3f7250ca4875b3226d8,cyber_cloud_kubernetes_hardening,Harden cloud IAM and a Kubernetes workload,ok,pass,13,13,88.665,20260914_174716,76.0
cybersecurity_agent_all_models_20260912,cybersecurity,cybersecurity-agent-v1,openhands,ornith:35b,5a470e0f652cac9b5a375fd58d67831d48be07a1cc4ed3f7250ca4875b3226d8,cyber_ctf_multidiscipline,Solve a compact multidisciplinary CTF set,ok,pass,6,6,118.711,20260914_174716,76.0
cybersecurity_agent_all_models_20260912,cybersecurity,cybersecurity-agent-v1,openhands,ornith:35b,5a470e0f652cac9b5a375fd58d67831d48be07a1cc4ed3f7250ca4875b3226d8,cyber_cti_attack_mapping,Map observed behaviors to MITRE ATT&CK,ok,fail,3,5,72.591,20260914_174716,72.0
cybersecurity_agent_all_models_20260912,cybersecurity,cybersecurity-agent-v1,openhands,ornith:35b,5a470e0f652cac9b5a375fd58d67831d48be07a1cc4ed3f7250ca4875b3226d8,cyber_elastic_esql_detection,Write an Elastic ES|QL behavioral detection,ok,pass,11,11,44.917,20260914_174716,74.0
cybersecurity_agent_all_models_20260912,cybersecurity,cybersecurity-agent-v1,openhands,ornith:35b,5a470e0f652cac9b5a375fd58d67831d48be07a1cc4ed3f7250ca4875b3226d8,cyber_exploit_crash_analysis,Analyze exploitability of a synthetic native crash,ok,fail,5,6,55.03,20260914_174716,73.0
cybersecurity_agent_all_models_20260912,cybersecurity,cybersecurity-agent-v1,openhands,ornith:35b,5a470e0f652cac9b5a375fd58d67831d48be07a1cc4ed3f7250ca4875b3226d8,cyber_exploit_toy_poc,Build a constrained proof of concept for a toy service,ok,fail,10,11,120.64,20260914_174716,77.0
cybersecurity_agent_all_models_20260912,cybersecurity,cybersecurity-agent-v1,openhands,ornith:35b,5a470e0f652cac9b5a375fd58d67831d48be07a1cc4ed3f7250ca4875b3226d8,cyber_foundations_architecture,Reason about a segmented enterprise architecture,ok,fail,1,4,56.887,20260914_174716,72.0
cybersecurity_agent_all_models_20260912,cybersecurity,cybersecurity-agent-v1,openhands,ornith:35b,5a470e0f652cac9b5a375fd58d67831d48be07a1cc4ed3f7250ca4875b3226d8,cyber_governance_risk_prioritization,Prioritize cyber risk and response outcomes,ok,pass,7,7,52.813,20260914_174716,72.0
cybersecurity_agent_all_models_20260912,cybersecurity,cybersecurity-agent-v1,openhands,ornith:35b,5a470e0f652cac9b5a375fd58d67831d48be07a1cc4ed3f7250ca4875b3226d8,cyber_incident_timeline,Reconstruct an incident timeline and response plan,ok,fail,7,8,53.3,20260914_174716,75.0
cybersecurity_agent_all_models_20260912,cybersecurity,cybersecurity-agent-v1,openhands,ornith:35b,5a470e0f652cac9b5a375fd58d67831d48be07a1cc4ed3f7250ca4875b3226d8,cyber_llm_prompt_injection,Harden an agent against indirect prompt injection,ok,fail,2,7,75.631,20260914_174716,75.0
cybersecurity_agent_all_models_20260912,cybersecurity,cybersecurity-agent-v1,openhands,ornith:35b,5a470e0f652cac9b5a375fd58d67831d48be07a1cc4ed3f7250ca4875b3226d8,cyber_llm_tool_rag_security,Secure tool use and RAG against poisoning and exfiltration,ok,fail,7,8,48.698,20260914_174716,73.0
cybersecurity_agent_all_models_20260912,cybersecurity,cybersecurity-agent-v1,openhands,ornith:35b,5a470e0f652cac9b5a375fd58d67831d48be07a1cc4ed3f7250ca4875b3226d8,cyber_malware_static_analysis,Classify a harmless synthetic malware specimen,ok,fail,4,6,55.312,20260914_174716,71.0
cybersecurity_agent_all_models_20260912,cybersecurity,cybersecurity-agent-v1,openhands,ornith:35b,5a470e0f652cac9b5a375fd58d67831d48be07a1cc4ed3f7250ca4875b3226d8,cyber_pentest_attack_path,Plan and validate an authorized lab attack path,ok,fail,5,6,53.798,20260914_174716,76.0
cybersecurity_agent_all_models_20260912,cybersecurity,cybersecurity-agent-v1,openhands,ornith:35b,5a470e0f652cac9b5a375fd58d67831d48be07a1cc4ed3f7250ca4875b3226d8,cyber_sentinel_kql_detection,Write a Microsoft Sentinel KQL analytic,ok,pass,10,10,52.016,20260914_174716,72.0
cybersecurity_agent_all_models_20260912,cybersecurity,cybersecurity-agent-v1,openhands,ornith:35b,5a470e0f652cac9b5a375fd58d67831d48be07a1cc4ed3f7250ca4875b3226d8,cyber_sigma_detection,Author a portable Sigma detection,ok,pass,10,10,52.819,20260914_174716,70.0
cybersecurity_agent_all_models_20260912,cybersecurity,cybersecurity-agent-v1,openhands,ornith:35b,5a470e0f652cac9b5a375fd58d67831d48be07a1cc4ed3f7250ca4875b3226d8,cyber_soc_alert_triage,Triage a noisy alert bundle,ok,fail,4,6,52.348,20260914_174716,71.0
cybersecurity_agent_all_models_20260912,cybersecurity,cybersecurity-agent-v1,openhands,ornith:35b,5a470e0f652cac9b5a375fd58d67831d48be07a1cc4ed3f7250ca4875b3226d8,cyber_spl_detection,Write a Splunk SPL detection and triage query,ok,pass,9,9,49.577,20260914_174716,74.0
cybersecurity_agent_all_models_20260912,cybersecurity,cybersecurity-agent-v1,openhands,ornith:35b,5a470e0f652cac9b5a375fd58d67831d48be07a1cc4ed3f7250ca4875b3226d8,cyber_threat_report_synthesis,Synthesize actionable intelligence from mixed-confidence reporting,ok,pass,8,8,74.711,20260914_174716,74.0
cybersecurity_agent_all_models_20260912,cybersecurity,cybersecurity-agent-v1,openhands,ornith:35b,5a470e0f652cac9b5a375fd58d67831d48be07a1cc4ed3f7250ca4875b3226d8,cyber_vulnerability_cvss_triage,Triage vulnerabilities using CVSS v4 and exposure context,ok,fail,3,6,55.876,20260914_174716,69.0
cybersecurity_agent_all_models_20260912,cybersecurity,cybersecurity-agent-v1,openhands,qwen3-coder-next:latest,ca06e9e4087c714d44355bf954099187890e63084b4a632b8e9956c4b9492074,cyber_advanced_protocol_reasoning,Diagnose advanced protocol and cryptographic failures,ok,fail,0,1,43.723,20260914_174716,73.0
cybersecurity_agent_all_models_20260912,cybersecurity,cybersecurity-agent-v1,openhands,qwen3-coder-next:latest,ca06e9e4087c714d44355bf954099187890e63084b4a632b8e9956c4b9492074,cyber_api_bola_remediation,Remediate broken object-level authorization,ok,fail,6,7,103.257,20260914_174716,73.0
cybersecurity_agent_all_models_20260912,cybersecurity,cybersecurity-agent-v1,openhands,qwen3-coder-next:latest,ca06e9e4087c714d44355bf954099187890e63084b4a632b8e9956c4b9492074,cyber_appsec_code_review,Perform a CWE-grounded application security review,ok,fail,6,7,42.992,20260914_174716,70.0
cybersecurity_agent_all_models_20260912,cybersecurity,cybersecurity-agent-v1,openhands,qwen3-coder-next:latest,ca06e9e4087c714d44355bf954099187890e63084b4a632b8e9956c4b9492074,cyber_appsec_secure_patch,Patch an injection-prone local utility,ok,fail,6,7,142.124,20260914_174716,73.0
cybersecurity_agent_all_models_20260912,cybersecurity,cybersecurity-agent-v1,openhands,qwen3-coder-next:latest,ca06e9e4087c714d44355bf954099187890e63084b4a632b8e9956c4b9492074,cyber_chronicle_yaral_detection,Write a Google SecOps YARA-L 2.0 correlation rule,ok,fail,12,13,52.958,20260914_174716,68.0
cybersecurity_agent_all_models_20260912,cybersecurity,cybersecurity-agent-v1,openhands,qwen3-coder-next:latest,ca06e9e4087c714d44355bf954099187890e63084b4a632b8e9956c4b9492074,cyber_cloud_kubernetes_hardening,Harden cloud IAM and a Kubernetes workload,ok,pass,13,13,61.878,20260914_174716,72.0
cybersecurity_agent_all_models_20260912,cybersecurity,cybersecurity-agent-v1,openhands,qwen3-coder-next:latest,ca06e9e4087c714d44355bf954099187890e63084b4a632b8e9956c4b9492074,cyber_ctf_multidiscipline,Solve a compact multidisciplinary CTF set,ok,pass,6,6,63.717,20260914_174716,71.0
cybersecurity_agent_all_models_20260912,cybersecurity,cybersecurity-agent-v1,openhands,qwen3-coder-next:latest,ca06e9e4087c714d44355bf954099187890e63084b4a632b8e9956c4b9492074,cyber_cti_attack_mapping,Map observed behaviors to MITRE ATT&CK,ok,fail,3,5,42.006,20260914_174716,69.0
cybersecurity_agent_all_models_20260912,cybersecurity,cybersecurity-agent-v1,openhands,qwen3-coder-next:latest,ca06e9e4087c714d44355bf954099187890e63084b4a632b8e9956c4b9492074,cyber_elastic_esql_detection,Write an Elastic ES|QL behavioral detection,ok,fail,10,11,43.954,20260914_174716,72.0
cybersecurity_agent_all_models_20260912,cybersecurity,cybersecurity-agent-v1,openhands,qwen3-coder-next:latest,ca06e9e4087c714d44355bf954099187890e63084b4a632b8e9956c4b9492074,cyber_exploit_crash_analysis,Analyze exploitability of a synthetic native crash,ok,fail,5,6,56.759,20260914_174716,69.0
cybersecurity_agent_all_models_20260912,cybersecurity,cybersecurity-agent-v1,openhands,qwen3-coder-next:latest,ca06e9e4087c714d44355bf954099187890e63084b4a632b8e9956c4b9492074,cyber_exploit_toy_poc,Build a constrained proof of concept for a toy service,ok,pass,11,11,55.966,20260914_174716,70.0
cybersecurity_agent_all_models_20260912,cybersecurity,cybersecurity-agent-v1,openhands,qwen3-coder-next:latest,ca06e9e4087c714d44355bf954099187890e63084b4a632b8e9956c4b9492074,cyber_foundations_architecture,Reason about a segmented enterprise architecture,ok,fail,1,4,52.255,20260914_174716,75.0
cybersecurity_agent_all_models_20260912,cybersecurity,cybersecurity-agent-v1,openhands,qwen3-coder-next:latest,ca06e9e4087c714d44355bf954099187890e63084b4a632b8e9956c4b9492074,cyber_governance_risk_prioritization,Prioritize cyber risk and response outcomes,ok,fail,6,7,45.655,20260914_174716,73.0
cybersecurity_agent_all_models_20260912,cybersecurity,cybersecurity-agent-v1,openhands,qwen3-coder-next:latest,ca06e9e4087c714d44355bf954099187890e63084b4a632b8e9956c4b9492074,cyber_incident_timeline,Reconstruct an incident timeline and response plan,ok,fail,7,8,45.312,20260914_174716,70.0
cybersecurity_agent_all_models_20260912,cybersecurity,cybersecurity-agent-v1,openhands,qwen3-coder-next:latest,ca06e9e4087c714d44355bf954099187890e63084b4a632b8e9956c4b9492074,cyber_llm_prompt_injection,Harden an agent against indirect prompt injection,ok,fail,2,7,47.202,20260914_174716,70.0
cybersecurity_agent_all_models_20260912,cybersecurity,cybersecurity-agent-v1,openhands,qwen3-coder-next:latest,ca06e9e4087c714d44355bf954099187890e63084b4a632b8e9956c4b9492074,cyber_llm_tool_rag_security,Secure tool use and RAG against poisoning and exfiltration,ok,fail,7,8,46.099,20260914_174716,70.0
cybersecurity_agent_all_models_20260912,cybersecurity,cybersecurity-agent-v1,openhands,qwen3-coder-next:latest,ca06e9e4087c714d44355bf954099187890e63084b4a632b8e9956c4b9492074,cyber_malware_static_analysis,Classify a harmless synthetic malware specimen,ok,pass,6,6,52.217,20260914_174716,72.0
cybersecurity_agent_all_models_20260912,cybersecurity,cybersecurity-agent-v1,openhands,qwen3-coder-next:latest,ca06e9e4087c714d44355bf954099187890e63084b4a632b8e9956c4b9492074,cyber_pentest_attack_path,Plan and validate an authorized lab attack path,ok,pass,6,6,49.426,20260914_174716,71.0
cybersecurity_agent_all_models_20260912,cybersecurity,cybersecurity-agent-v1,openhands,qwen3-coder-next:latest,ca06e9e4087c714d44355bf954099187890e63084b4a632b8e9956c4b9492074,cyber_sentinel_kql_detection,Write a Microsoft Sentinel KQL analytic,ok,pass,10,10,65.786,20260914_174716,73.0
cybersecurity_agent_all_models_20260912,cybersecurity,cybersecurity-agent-v1,openhands,qwen3-coder-next:latest,ca06e9e4087c714d44355bf954099187890e63084b4a632b8e9956c4b9492074,cyber_sigma_detection,Author a portable Sigma detection,ok,pass,10,10,47.212,20260914_174716,71.0
cybersecurity_agent_all_models_20260912,cybersecurity,cybersecurity-agent-v1,openhands,qwen3-coder-next:latest,ca06e9e4087c714d44355bf954099187890e63084b4a632b8e9956c4b9492074,cyber_soc_alert_triage,Triage a noisy alert bundle,ok,pass,6,6,41.866,20260914_174716,70.0
cybersecurity_agent_all_models_20260912,cybersecurity,cybersecurity-agent-v1,openhands,qwen3-coder-next:latest,ca06e9e4087c714d44355bf954099187890e63084b4a632b8e9956c4b9492074,cyber_spl_detection,Write a Splunk SPL detection and triage query,ok,fail,8,9,42.688,20260914_174716,72.0
cybersecurity_agent_all_models_20260912,cybersecurity,cybersecurity-agent-v1,openhands,qwen3-coder-next:latest,ca06e9e4087c714d44355bf954099187890e63084b4a632b8e9956c4b9492074,cyber_threat_report_synthesis,Synthesize actionable intelligence from mixed-confidence reporting,ok,fail,6,8,46.492,20260914_174716,72.0
cybersecurity_agent_all_models_20260912,cybersecurity,cybersecurity-agent-v1,openhands,qwen3-coder-next:latest,ca06e9e4087c714d44355bf954099187890e63084b4a632b8e9956c4b9492074,cyber_vulnerability_cvss_triage,Triage vulnerabilities using CVSS v4 and exposure context,ok,fail,4,6,48.952,20260914_174716,73.0
cybersecurity_agent_all_models_20260912,cybersecurity,cybersecurity-agent-v1,openhands,qwen3.5:122b,8b9d11d807c57feb1e2ecb0d6cbf40334c37dcc3523bed5540af4f927f112a37,cyber_advanced_protocol_reasoning,Diagnose advanced protocol and cryptographic failures,ok,fail,1,5,89.544,20260914_174716,76.0
cybersecurity_agent_all_models_20260912,cybersecurity,cybersecurity-agent-v1,openhands,qwen3.5:122b,8b9d11d807c57feb1e2ecb0d6cbf40334c37dcc3523bed5540af4f927f112a37,cyber_api_bola_remediation,Remediate broken object-level authorization,ok,fail,6,7,180.438,20260914_174716,77.0
cybersecurity_agent_all_models_20260912,cybersecurity,cybersecurity-agent-v1,openhands,qwen3.5:122b,8b9d11d807c57feb1e2ecb0d6cbf40334c37dcc3523bed5540af4f927f112a37,cyber_appsec_code_review,Perform a CWE-grounded application security review,ok,pass,7,7,86.547,20260914_174716,75.0
cybersecurity_agent_all_models_20260912,cybersecurity,cybersecurity-agent-v1,openhands,qwen3.5:122b,8b9d11d807c57feb1e2ecb0d6cbf40334c37dcc3523bed5540af4f927f112a37,cyber_appsec_secure_patch,Patch an injection-prone local utility,ok,fail,6,7,209.767,20260914_174716,79.0
cybersecurity_agent_all_models_20260912,cybersecurity,cybersecurity-agent-v1,openhands,qwen3.5:122b,8b9d11d807c57feb1e2ecb0d6cbf40334c37dcc3523bed5540af4f927f112a37,cyber_chronicle_yaral_detection,Write a Google SecOps YARA-L 2.0 correlation rule,ok,pass,13,13,81.701,20260914_174716,75.0
cybersecurity_agent_all_models_20260912,cybersecurity,cybersecurity-agent-v1,openhands,qwen3.5:122b,8b9d11d807c57feb1e2ecb0d6cbf40334c37dcc3523bed5540af4f927f112a37,cyber_cloud_kubernetes_hardening,Harden cloud IAM and a Kubernetes workload,ok,pass,13,13,117.905,20260914_174716,76.0
cybersecurity_agent_all_models_20260912,cybersecurity,cybersecurity-agent-v1,openhands,qwen3.5:122b,8b9d11d807c57feb1e2ecb0d6cbf40334c37dcc3523bed5540af4f927f112a37,cyber_ctf_multidiscipline,Solve a compact multidisciplinary CTF set,ok,pass,6,6,117.913,20260914_174716,75.0
cybersecurity_agent_all_models_20260912,cybersecurity,cybersecurity-agent-v1,openhands,qwen3.5:122b,8b9d11d807c57feb1e2ecb0d6cbf40334c37dcc3523bed5540af4f927f112a37,cyber_cti_attack_mapping,Map observed behaviors to MITRE ATT&CK,ok,fail,3,5,78.202,20260914_174716,77.0
cybersecurity_agent_all_models_20260912,cybersecurity,cybersecurity-agent-v1,openhands,qwen3.5:122b,8b9d11d807c57feb1e2ecb0d6cbf40334c37dcc3523bed5540af4f927f112a37,cyber_elastic_esql_detection,Write an Elastic ES|QL behavioral detection,ok,fail,10,11,64.119,20260914_174716,75.0
cybersecurity_agent_all_models_20260912,cybersecurity,cybersecurity-agent-v1,openhands,qwen3.5:122b,8b9d11d807c57feb1e2ecb0d6cbf40334c37dcc3523bed5540af4f927f112a37,cyber_exploit_crash_analysis,Analyze exploitability of a synthetic native crash,ok,fail,5,6,75.898,20260914_174716,75.0
cybersecurity_agent_all_models_20260912,cybersecurity,cybersecurity-agent-v1,openhands,qwen3.5:122b,8b9d11d807c57feb1e2ecb0d6cbf40334c37dcc3523bed5540af4f927f112a37,cyber_exploit_toy_poc,Build a constrained proof of concept for a toy service,ok,pass,11,11,82.8,20260914_174716,75.0
cybersecurity_agent_all_models_20260912,cybersecurity,cybersecurity-agent-v1,openhands,qwen3.5:122b,8b9d11d807c57feb1e2ecb0d6cbf40334c37dcc3523bed5540af4f927f112a37,cyber_foundations_architecture,Reason about a segmented enterprise architecture,ok,fail,1,4,112.206,20260914_174716,75.0
cybersecurity_agent_all_models_20260912,cybersecurity,cybersecurity-agent-v1,openhands,qwen3.5:122b,8b9d11d807c57feb1e2ecb0d6cbf40334c37dcc3523bed5540af4f927f112a37,cyber_governance_risk_prioritization,Prioritize cyber risk and response outcomes,ok,pass,7,7,77.893,20260914_174716,74.0
cybersecurity_agent_all_models_20260912,cybersecurity,cybersecurity-agent-v1,openhands,qwen3.5:122b,8b9d11d807c57feb1e2ecb0d6cbf40334c37dcc3523bed5540af4f927f112a37,cyber_incident_timeline,Reconstruct an incident timeline and response plan,ok,fail,7,8,94.788,20260914_174716,76.0
cybersecurity_agent_all_models_20260912,cybersecurity,cybersecurity-agent-v1,openhands,qwen3.5:122b,8b9d11d807c57feb1e2ecb0d6cbf40334c37dcc3523bed5540af4f927f112a37,cyber_llm_prompt_injection,Harden an agent against indirect prompt injection,ok,fail,2,7,94.816,20260914_174716,74.0
cybersecurity_agent_all_models_20260912,cybersecurity,cybersecurity-agent-v1,openhands,qwen3.5:122b,8b9d11d807c57feb1e2ecb0d6cbf40334c37dcc3523bed5540af4f927f112a37,cyber_llm_tool_rag_security,Secure tool use and RAG against poisoning and exfiltration,ok,fail,7,8,81.538,20260914_174716,75.0
cybersecurity_agent_all_models_20260912,cybersecurity,cybersecurity-agent-v1,openhands,qwen3.5:122b,8b9d11d807c57feb1e2ecb0d6cbf40334c37dcc3523bed5540af4f927f112a37,cyber_malware_static_analysis,Classify a harmless synthetic malware specimen,ok,pass,6,6,98.929,20260914_174716,75.0
cybersecurity_agent_all_models_20260912,cybersecurity,cybersecurity-agent-v1,openhands,qwen3.5:122b,8b9d11d807c57feb1e2ecb0d6cbf40334c37dcc3523bed5540af4f927f112a37,cyber_pentest_attack_path,Plan and validate an authorized lab attack path,ok,fail,5,6,84.751,20260914_174716,75.0
cybersecurity_agent_all_models_20260912,cybersecurity,cybersecurity-agent-v1,openhands,qwen3.5:122b,8b9d11d807c57feb1e2ecb0d6cbf40334c37dcc3523bed5540af4f927f112a37,cyber_sentinel_kql_detection,Write a Microsoft Sentinel KQL analytic,ok,pass,10,10,83.201,20260914_174716,75.0
cybersecurity_agent_all_models_20260912,cybersecurity,cybersecurity-agent-v1,openhands,qwen3.5:122b,8b9d11d807c57feb1e2ecb0d6cbf40334c37dcc3523bed5540af4f927f112a37,cyber_sigma_detection,Author a portable Sigma detection,ok,pass,10,10,66.71,20260914_174716,74.0
cybersecurity_agent_all_models_20260912,cybersecurity,cybersecurity-agent-v1,openhands,qwen3.5:122b,8b9d11d807c57feb1e2ecb0d6cbf40334c37dcc3523bed5540af4f927f112a37,cyber_soc_alert_triage,Triage a noisy alert bundle,ok,pass,6,6,69.685,20260914_174716,72.0
cybersecurity_agent_all_models_20260912,cybersecurity,cybersecurity-agent-v1,openhands,qwen3.5:122b,8b9d11d807c57feb1e2ecb0d6cbf40334c37dcc3523bed5540af4f927f112a37,cyber_spl_detection,Write a Splunk SPL detection and triage query,ok,fail,7,9,67.715,20260914_174716,74.0
cybersecurity_agent_all_models_20260912,cybersecurity,cybersecurity-agent-v1,openhands,qwen3.5:122b,8b9d11d807c57feb1e2ecb0d6cbf40334c37dcc3523bed5540af4f927f112a37,cyber_threat_report_synthesis,Synthesize actionable intelligence from mixed-confidence reporting,ok,pass,8,8,79.395,20260914_174716,74.0
cybersecurity_agent_all_models_20260912,cybersecurity,cybersecurity-agent-v1,openhands,qwen3.5:122b,8b9d11d807c57feb1e2ecb0d6cbf40334c37dcc3523bed5540af4f927f112a37,cyber_vulnerability_cvss_triage,Triage vulnerabilities using CVSS v4 and exposure context,ok,fail,3,6,83.669,20260914_174716,76.0
cybersecurity_agent_all_models_20260912,cybersecurity,cybersecurity-agent-v1,openhands,qwen3.6:27b-q8_0,cd0210c667bffa98ad702668d05fda1f340bcbb0a2c769bd389670d19ad1441b,cyber_advanced_protocol_reasoning,Diagnose advanced protocol and cryptographic failures,ok,fail,2,5,389.667,20260914_174716,73.0
cybersecurity_agent_all_models_20260912,cybersecurity,cybersecurity-agent-v1,openhands,qwen3.6:27b-q8_0,cd0210c667bffa98ad702668d05fda1f340bcbb0a2c769bd389670d19ad1441b,cyber_api_bola_remediation,Remediate broken object-level authorization,ok,fail,6,7,565.693,20260914_174716,72.0
cybersecurity_agent_all_models_20260912,cybersecurity,cybersecurity-agent-v1,openhands,qwen3.6:27b-q8_0,cd0210c667bffa98ad702668d05fda1f340bcbb0a2c769bd389670d19ad1441b,cyber_appsec_code_review,Perform a CWE-grounded application security review,ok,pass,7,7,241.299,20260914_174716,69.0
cybersecurity_agent_all_models_20260912,cybersecurity,cybersecurity-agent-v1,openhands,qwen3.6:27b-q8_0,cd0210c667bffa98ad702668d05fda1f340bcbb0a2c769bd389670d19ad1441b,cyber_appsec_secure_patch,Patch an injection-prone local utility,ok,fail,6,7,396.637,20260914_174716,71.0
cybersecurity_agent_all_models_20260912,cybersecurity,cybersecurity-agent-v1,openhands,qwen3.6:27b-q8_0,cd0210c667bffa98ad702668d05fda1f340bcbb0a2c769bd389670d19ad1441b,cyber_chronicle_yaral_detection,Write a Google SecOps YARA-L 2.0 correlation rule,ok,fail,12,13,313.785,20260914_174716,70.0
cybersecurity_agent_all_models_20260912,cybersecurity,cybersecurity-agent-v1,openhands,qwen3.6:27b-q8_0,cd0210c667bffa98ad702668d05fda1f340bcbb0a2c769bd389670d19ad1441b,cyber_cloud_kubernetes_hardening,Harden cloud IAM and a Kubernetes workload,ok,pass,13,13,322.969,20260914_174716,71.0
cybersecurity_agent_all_models_20260912,cybersecurity,cybersecurity-agent-v1,openhands,qwen3.6:27b-q8_0,cd0210c667bffa98ad702668d05fda1f340bcbb0a2c769bd389670d19ad1441b,cyber_ctf_multidiscipline,Solve a compact multidisciplinary CTF set,ok,pass,6,6,386.477,20260914_174716,70.0
cybersecurity_agent_all_models_20260912,cybersecurity,cybersecurity-agent-v1,openhands,qwen3.6:27b-q8_0,cd0210c667bffa98ad702668d05fda1f340bcbb0a2c769bd389670d19ad1441b,cyber_cti_attack_mapping,Map observed behaviors to MITRE ATT&CK,error,fail,0,1,119.765,20260914_174716,71.0
cybersecurity_agent_all_models_20260912,cybersecurity,cybersecurity-agent-v1,openhands,qwen3.6:27b-q8_0,cd0210c667bffa98ad702668d05fda1f340bcbb0a2c769bd389670d19ad1441b,cyber_elastic_esql_detection,Write an Elastic ES|QL behavioral detection,ok,pass,11,11,232.029,20260914_174716,70.0
cybersecurity_agent_all_models_20260912,cybersecurity,cybersecurity-agent-v1,openhands,qwen3.6:27b-q8_0,cd0210c667bffa98ad702668d05fda1f340bcbb0a2c769bd389670d19ad1441b,cyber_exploit_crash_analysis,Analyze exploitability of a synthetic native crash,ok,pass,6,6,351.188,20260914_174716,71.0
cybersecurity_agent_all_models_20260912,cybersecurity,cybersecurity-agent-v1,openhands,qwen3.6:27b-q8_0,cd0210c667bffa98ad702668d05fda1f340bcbb0a2c769bd389670d19ad1441b,cyber_exploit_toy_poc,Build a constrained proof of concept for a toy service,ok,fail,10,11,236.318,20260914_174716,72.0
cybersecurity_agent_all_models_20260912,cybersecurity,cybersecurity-agent-v1,openhands,qwen3.6:27b-q8_0,cd0210c667bffa98ad702668d05fda1f340bcbb0a2c769bd389670d19ad1441b,cyber_foundations_architecture,Reason about a segmented enterprise architecture,ok,fail,1,4,438.769,20260914_174716,76.0
cybersecurity_agent_all_models_20260912,cybersecurity,cybersecurity-agent-v1,openhands,qwen3.6:27b-q8_0,cd0210c667bffa98ad702668d05fda1f340bcbb0a2c769bd389670d19ad1441b,cyber_governance_risk_prioritization,Prioritize cyber risk and response outcomes,ok,pass,7,7,333.692,20260914_174716,71.0
cybersecurity_agent_all_models_20260912,cybersecurity,cybersecurity-agent-v1,openhands,qwen3.6:27b-q8_0,cd0210c667bffa98ad702668d05fda1f340bcbb0a2c769bd389670d19ad1441b,cyber_incident_timeline,Reconstruct an incident timeline and response plan,ok,fail,7,8,332.304,20260914_174716,70.0
cybersecurity_agent_all_models_20260912,cybersecurity,cybersecurity-agent-v1,openhands,qwen3.6:27b-q8_0,cd0210c667bffa98ad702668d05fda1f340bcbb0a2c769bd389670d19ad1441b,cyber_llm_prompt_injection,Harden an agent against indirect prompt injection,ok,fail,2,7,294.216,20260914_174716,70.0
cybersecurity_agent_all_models_20260912,cybersecurity,cybersecurity-agent-v1,openhands,qwen3.6:27b-q8_0,cd0210c667bffa98ad702668d05fda1f340bcbb0a2c769bd389670d19ad1441b,cyber_llm_tool_rag_security,Secure tool use and RAG against poisoning and exfiltration,ok,fail,7,8,272.566,20260914_174716,70.0
cybersecurity_agent_all_models_20260912,cybersecurity,cybersecurity-agent-v1,openhands,qwen3.6:27b-q8_0,cd0210c667bffa98ad702668d05fda1f340bcbb0a2c769bd389670d19ad1441b,cyber_malware_static_analysis,Classify a harmless synthetic malware specimen,ok,fail,5,6,357.671,20260914_174716,70.0
cybersecurity_agent_all_models_20260912,cybersecurity,cybersecurity-agent-v1,openhands,qwen3.6:27b-q8_0,cd0210c667bffa98ad702668d05fda1f340bcbb0a2c769bd389670d19ad1441b,cyber_pentest_attack_path,Plan and validate an authorized lab attack path,ok,fail,5,6,337.221,20260914_174716,70.0
cybersecurity_agent_all_models_20260912,cybersecurity,cybersecurity-agent-v1,openhands,qwen3.6:27b-q8_0,cd0210c667bffa98ad702668d05fda1f340bcbb0a2c769bd389670d19ad1441b,cyber_sentinel_kql_detection,Write a Microsoft Sentinel KQL analytic,ok,pass,10,10,373.274,20260914_174716,71.0
cybersecurity_agent_all_models_20260912,cybersecurity,cybersecurity-agent-v1,openhands,qwen3.6:27b-q8_0,cd0210c667bffa98ad702668d05fda1f340bcbb0a2c769bd389670d19ad1441b,cyber_sigma_detection,Author a portable Sigma detection,ok,pass,10,10,230.598,20260914_174716,71.0
cybersecurity_agent_all_models_20260912,cybersecurity,cybersecurity-agent-v1,openhands,qwen3.6:27b-q8_0,cd0210c667bffa98ad702668d05fda1f340bcbb0a2c769bd389670d19ad1441b,cyber_soc_alert_triage,Triage a noisy alert bundle,ok,pass,6,6,235.048,20260914_174716,69.0
cybersecurity_agent_all_models_20260912,cybersecurity,cybersecurity-agent-v1,openhands,qwen3.6:27b-q8_0,cd0210c667bffa98ad702668d05fda1f340bcbb0a2c769bd389670d19ad1441b,cyber_spl_detection,Write a Splunk SPL detection and triage query,ok,fail,8,9,271.983,20260914_174716,71.0
cybersecurity_agent_all_models_20260912,cybersecurity,cybersecurity-agent-v1,openhands,qwen3.6:27b-q8_0,cd0210c667bffa98ad702668d05fda1f340bcbb0a2c769bd389670d19ad1441b,cyber_threat_report_synthesis,Synthesize actionable intelligence from mixed-confidence reporting,ok,pass,8,8,287.916,20260914_174716,70.0
cybersecurity_agent_all_models_20260912,cybersecurity,cybersecurity-agent-v1,openhands,qwen3.6:27b-q8_0,cd0210c667bffa98ad702668d05fda1f340bcbb0a2c769bd389670d19ad1441b,cyber_vulnerability_cvss_triage,Triage vulnerabilities using CVSS v4 and exposure context,ok,fail,3,6,411.216,20260914_174716,71.0
cybersecurity_agent_all_models_20260912,cybersecurity,cybersecurity-agent-v1,openhands,qwen3.6:35b,07d35212591fc27746f0a317c975a6d68754fb38e9053d82e25f06057af28522,cyber_advanced_protocol_reasoning,Diagnose advanced protocol and cryptographic failures,ok,fail,2,5,54.341,20260914_174716,70.0
cybersecurity_agent_all_models_20260912,cybersecurity,cybersecurity-agent-v1,openhands,qwen3.6:35b,07d35212591fc27746f0a317c975a6d68754fb38e9053d82e25f06057af28522,cyber_api_bola_remediation,Remediate broken object-level authorization,ok,grader_error,0,0,70.324,20260914_174716,71.0
cybersecurity_agent_all_models_20260912,cybersecurity,cybersecurity-agent-v1,openhands,qwen3.6:35b,07d35212591fc27746f0a317c975a6d68754fb38e9053d82e25f06057af28522,cyber_appsec_code_review,Perform a CWE-grounded application security review,ok,pass,7,7,38.687,20260914_174716,71.0
cybersecurity_agent_all_models_20260912,cybersecurity,cybersecurity-agent-v1,openhands,qwen3.6:35b,07d35212591fc27746f0a317c975a6d68754fb38e9053d82e25f06057af28522,cyber_appsec_secure_patch,Patch an injection-prone local utility,error,fail,0,1,73.721,20260914_174716,70.0
cybersecurity_agent_all_models_20260912,cybersecurity,cybersecurity-agent-v1,openhands,qwen3.6:35b,07d35212591fc27746f0a317c975a6d68754fb38e9053d82e25f06057af28522,cyber_chronicle_yaral_detection,Write a Google SecOps YARA-L 2.0 correlation rule,ok,fail,12,13,51.198,20260914_174716,67.0
cybersecurity_agent_all_models_20260912,cybersecurity,cybersecurity-agent-v1,openhands,qwen3.6:35b,07d35212591fc27746f0a317c975a6d68754fb38e9053d82e25f06057af28522,cyber_cloud_kubernetes_hardening,Harden cloud IAM and a Kubernetes workload,ok,fail,12,13,49.222,20260914_174716,68.0
cybersecurity_agent_all_models_20260912,cybersecurity,cybersecurity-agent-v1,openhands,qwen3.6:35b,07d35212591fc27746f0a317c975a6d68754fb38e9053d82e25f06057af28522,cyber_ctf_multidiscipline,Solve a compact multidisciplinary CTF set,ok,pass,6,6,62.56,20260914_174716,71.0
cybersecurity_agent_all_models_20260912,cybersecurity,cybersecurity-agent-v1,openhands,qwen3.6:35b,07d35212591fc27746f0a317c975a6d68754fb38e9053d82e25f06057af28522,cyber_cti_attack_mapping,Map observed behaviors to MITRE ATT&CK,ok,fail,2,5,46.853,20260914_174716,67.0
cybersecurity_agent_all_models_20260912,cybersecurity,cybersecurity-agent-v1,openhands,qwen3.6:35b,07d35212591fc27746f0a317c975a6d68754fb38e9053d82e25f06057af28522,cyber_elastic_esql_detection,Write an Elastic ES|QL behavioral detection,ok,fail,10,11,35.45,20260914_174716,71.0
cybersecurity_agent_all_models_20260912,cybersecurity,cybersecurity-agent-v1,openhands,qwen3.6:35b,07d35212591fc27746f0a317c975a6d68754fb38e9053d82e25f06057af28522,cyber_exploit_crash_analysis,Analyze exploitability of a synthetic native crash,ok,fail,5,6,51.022,20260914_174716,72.0
cybersecurity_agent_all_models_20260912,cybersecurity,cybersecurity-agent-v1,openhands,qwen3.6:35b,07d35212591fc27746f0a317c975a6d68754fb38e9053d82e25f06057af28522,cyber_exploit_toy_poc,Build a constrained proof of concept for a toy service,ok,pass,11,11,46.239,20260914_174716,70.0
cybersecurity_agent_all_models_20260912,cybersecurity,cybersecurity-agent-v1,openhands,qwen3.6:35b,07d35212591fc27746f0a317c975a6d68754fb38e9053d82e25f06057af28522,cyber_foundations_architecture,Reason about a segmented enterprise architecture,ok,fail,1,4,50.302,20260914_174716,65.0
cybersecurity_agent_all_models_20260912,cybersecurity,cybersecurity-agent-v1,openhands,qwen3.6:35b,07d35212591fc27746f0a317c975a6d68754fb38e9053d82e25f06057af28522,cyber_governance_risk_prioritization,Prioritize cyber risk and response outcomes,ok,pass,7,7,62.613,20260914_174716,70.0
cybersecurity_agent_all_models_20260912,cybersecurity,cybersecurity-agent-v1,openhands,qwen3.6:35b,07d35212591fc27746f0a317c975a6d68754fb38e9053d82e25f06057af28522,cyber_incident_timeline,Reconstruct an incident timeline and response plan,ok,pass,8,8,55.154,20260914_174716,72.0
cybersecurity_agent_all_models_20260912,cybersecurity,cybersecurity-agent-v1,openhands,qwen3.6:35b,07d35212591fc27746f0a317c975a6d68754fb38e9053d82e25f06057af28522,cyber_llm_prompt_injection,Harden an agent against indirect prompt injection,ok,fail,3,7,60.096,20260914_174716,71.0
cybersecurity_agent_all_models_20260912,cybersecurity,cybersecurity-agent-v1,openhands,qwen3.6:35b,07d35212591fc27746f0a317c975a6d68754fb38e9053d82e25f06057af28522,cyber_llm_tool_rag_security,Secure tool use and RAG against poisoning and exfiltration,ok,fail,7,8,52.519,20260914_174716,70.0
cybersecurity_agent_all_models_20260912,cybersecurity,cybersecurity-agent-v1,openhands,qwen3.6:35b,07d35212591fc27746f0a317c975a6d68754fb38e9053d82e25f06057af28522,cyber_malware_static_analysis,Classify a harmless synthetic malware specimen,ok,fail,5,6,52.123,20260914_174716,67.0
cybersecurity_agent_all_models_20260912,cybersecurity,cybersecurity-agent-v1,openhands,qwen3.6:35b,07d35212591fc27746f0a317c975a6d68754fb38e9053d82e25f06057af28522,cyber_pentest_attack_path,Plan and validate an authorized lab attack path,ok,fail,5,6,40.76,20260914_174716,72.0
cybersecurity_agent_all_models_20260912,cybersecurity,cybersecurity-agent-v1,openhands,qwen3.6:35b,07d35212591fc27746f0a317c975a6d68754fb38e9053d82e25f06057af28522,cyber_sentinel_kql_detection,Write a Microsoft Sentinel KQL analytic,ok,pass,10,10,68.522,20260914_174716,70.0
cybersecurity_agent_all_models_20260912,cybersecurity,cybersecurity-agent-v1,openhands,qwen3.6:35b,07d35212591fc27746f0a317c975a6d68754fb38e9053d82e25f06057af28522,cyber_sigma_detection,Author a portable Sigma detection,ok,pass,10,10,37.882,20260914_174716,70.0
cybersecurity_agent_all_models_20260912,cybersecurity,cybersecurity-agent-v1,openhands,qwen3.6:35b,07d35212591fc27746f0a317c975a6d68754fb38e9053d82e25f06057af28522,cyber_soc_alert_triage,Triage a noisy alert bundle,ok,fail,4,6,43.672,20260914_174716,70.0
cybersecurity_agent_all_models_20260912,cybersecurity,cybersecurity-agent-v1,openhands,qwen3.6:35b,07d35212591fc27746f0a317c975a6d68754fb38e9053d82e25f06057af28522,cyber_spl_detection,Write a Splunk SPL detection and triage query,ok,pass,9,9,36.759,20260914_174716,67.0
cybersecurity_agent_all_models_20260912,cybersecurity,cybersecurity-agent-v1,openhands,qwen3.6:35b,07d35212591fc27746f0a317c975a6d68754fb38e9053d82e25f06057af28522,cyber_threat_report_synthesis,Synthesize actionable intelligence from mixed-confidence reporting,ok,pass,8,8,45.682,20260914_174716,67.0
cybersecurity_agent_all_models_20260912,cybersecurity,cybersecurity-agent-v1,openhands,qwen3.6:35b,07d35212591fc27746f0a317c975a6d68754fb38e9053d82e25f06057af28522,cyber_vulnerability_cvss_triage,Triage vulnerabilities using CVSS v4 and exposure context,ok,fail,2,6,51.523,20260914_174716,69.0
cybersecurity_agent_all_models_20260912,cybersecurity,cybersecurity-agent-v1,openhands,qwen3.8:27b,22130167c4c20e20c7b71454612966ca8e8171e9b3cc8ab6ce8aa6cbfec79643,cyber_advanced_protocol_reasoning,Diagnose advanced protocol and cryptographic failures,ok,fail,1,5,108.616,20260914_174716,83.0
cybersecurity_agent_all_models_20260912,cybersecurity,cybersecurity-agent-v1,openhands,qwen3.8:27b,22130167c4c20e20c7b71454612966ca8e8171e9b3cc8ab6ce8aa6cbfec79643,cyber_api_bola_remediation,Remediate broken object-level authorization,ok,grader_error,0,0,163.26,20260914_174716,83.0
cybersecurity_agent_all_models_20260912,cybersecurity,cybersecurity-agent-v1,openhands,qwen3.8:27b,22130167c4c20e20c7b71454612966ca8e8171e9b3cc8ab6ce8aa6cbfec79643,cyber_appsec_code_review,Perform a CWE-grounded application security review,ok,pass,7,7,78.331,20260914_174716,80.0
cybersecurity_agent_all_models_20260912,cybersecurity,cybersecurity-agent-v1,openhands,qwen3.8:27b,22130167c4c20e20c7b71454612966ca8e8171e9b3cc8ab6ce8aa6cbfec79643,cyber_appsec_secure_patch,Patch an injection-prone local utility,ok,fail,6,7,218.036,20260914_174716,83.0
cybersecurity_agent_all_models_20260912,cybersecurity,cybersecurity-agent-v1,openhands,qwen3.8:27b,22130167c4c20e20c7b71454612966ca8e8171e9b3cc8ab6ce8aa6cbfec79643,cyber_chronicle_yaral_detection,Write a Google SecOps YARA-L 2.0 correlation rule,ok,pass,13,13,325.431,20260914_174716,82.0
cybersecurity_agent_all_models_20260912,cybersecurity,cybersecurity-agent-v1,openhands,qwen3.8:27b,22130167c4c20e20c7b71454612966ca8e8171e9b3cc8ab6ce8aa6cbfec79643,cyber_cloud_kubernetes_hardening,Harden cloud IAM and a Kubernetes workload,ok,pass,13,13,81.619,20260914_174716,80.0
cybersecurity_agent_all_models_20260912,cybersecurity,cybersecurity-agent-v1,openhands,qwen3.8:27b,22130167c4c20e20c7b71454612966ca8e8171e9b3cc8ab6ce8aa6cbfec79643,cyber_ctf_multidiscipline,Solve a compact multidisciplinary CTF set,ok,pass,6,6,94.761,20260914_174716,82.0
cybersecurity_agent_all_models_20260912,cybersecurity,cybersecurity-agent-v1,openhands,qwen3.8:27b,22130167c4c20e20c7b71454612966ca8e8171e9b3cc8ab6ce8aa6cbfec79643,cyber_cti_attack_mapping,Map observed behaviors to MITRE ATT&CK,ok,pass,5,5,99.133,20260914_174716,80.0
cybersecurity_agent_all_models_20260912,cybersecurity,cybersecurity-agent-v1,openhands,qwen3.8:27b,22130167c4c20e20c7b71454612966ca8e8171e9b3cc8ab6ce8aa6cbfec79643,cyber_elastic_esql_detection,Write an Elastic ES|QL behavioral detection,ok,pass,11,11,80.366,20260914_174716,79.0
cybersecurity_agent_all_models_20260912,cybersecurity,cybersecurity-agent-v1,openhands,qwen3.8:27b,22130167c4c20e20c7b71454612966ca8e8171e9b3cc8ab6ce8aa6cbfec79643,cyber_exploit_crash_analysis,Analyze exploitability of a synthetic native crash,ok,fail,5,6,126.303,20260914_174716,82.0
cybersecurity_agent_all_models_20260912,cybersecurity,cybersecurity-agent-v1,openhands,qwen3.8:27b,22130167c4c20e20c7b71454612966ca8e8171e9b3cc8ab6ce8aa6cbfec79643,cyber_exploit_toy_poc,Build a constrained proof of concept for a toy service,ok,fail,10,11,87.708,20260914_174716,80.0
cybersecurity_agent_all_models_20260912,cybersecurity,cybersecurity-agent-v1,openhands,qwen3.8:27b,22130167c4c20e20c7b71454612966ca8e8171e9b3cc8ab6ce8aa6cbfec79643,cyber_foundations_architecture,Reason about a segmented enterprise architecture,ok,fail,1,4,155.623,20260914_174716,81.0
cybersecurity_agent_all_models_20260912,cybersecurity,cybersecurity-agent-v1,openhands,qwen3.8:27b,22130167c4c20e20c7b71454612966ca8e8171e9b3cc8ab6ce8aa6cbfec79643,cyber_governance_risk_prioritization,Prioritize cyber risk and response outcomes,ok,pass,7,7,147.647,20260914_174716,81.0
cybersecurity_agent_all_models_20260912,cybersecurity,cybersecurity-agent-v1,openhands,qwen3.8:27b,22130167c4c20e20c7b71454612966ca8e8171e9b3cc8ab6ce8aa6cbfec79643,cyber_incident_timeline,Reconstruct an incident timeline and response plan,ok,pass,8,8,96.088,20260914_174716,83.0
cybersecurity_agent_all_models_20260912,cybersecurity,cybersecurity-agent-v1,openhands,qwen3.8:27b,22130167c4c20e20c7b71454612966ca8e8171e9b3cc8ab6ce8aa6cbfec79643,cyber_llm_prompt_injection,Harden an agent against indirect prompt injection,ok,fail,2,7,91.973,20260914_174716,83.0
cybersecurity_agent_all_models_20260912,cybersecurity,cybersecurity-agent-v1,openhands,qwen3.8:27b,22130167c4c20e20c7b71454612966ca8e8171e9b3cc8ab6ce8aa6cbfec79643,cyber_llm_tool_rag_security,Secure tool use and RAG against poisoning and exfiltration,ok,fail,7,8,166.925,20260914_174716,78.0
cybersecurity_agent_all_models_20260912,cybersecurity,cybersecurity-agent-v1,openhands,qwen3.8:27b,22130167c4c20e20c7b71454612966ca8e8171e9b3cc8ab6ce8aa6cbfec79643,cyber_malware_static_analysis,Classify a harmless synthetic malware specimen,ok,pass,6,6,111.891,20260914_174716,82.0
cybersecurity_agent_all_models_20260912,cybersecurity,cybersecurity-agent-v1,openhands,qwen3.8:27b,22130167c4c20e20c7b71454612966ca8e8171e9b3cc8ab6ce8aa6cbfec79643,cyber_pentest_attack_path,Plan and validate an authorized lab attack path,ok,fail,5,6,100.419,20260914_174716,83.0
cybersecurity_agent_all_models_20260912,cybersecurity,cybersecurity-agent-v1,openhands,qwen3.8:27b,22130167c4c20e20c7b71454612966ca8e8171e9b3cc8ab6ce8aa6cbfec79643,cyber_sentinel_kql_detection,Write a Microsoft Sentinel KQL analytic,ok,pass,10,10,137.037,20260914_174716,82.0
cybersecurity_agent_all_models_20260912,cybersecurity,cybersecurity-agent-v1,openhands,qwen3.8:27b,22130167c4c20e20c7b71454612966ca8e8171e9b3cc8ab6ce8aa6cbfec79643,cyber_sigma_detection,Author a portable Sigma detection,ok,pass,10,10,164.958,20260914_174716,82.0
cybersecurity_agent_all_models_20260912,cybersecurity,cybersecurity-agent-v1,openhands,qwen3.8:27b,22130167c4c20e20c7b71454612966ca8e8171e9b3cc8ab6ce8aa6cbfec79643,cyber_soc_alert_triage,Triage a noisy alert bundle,ok,pass,6,6,82.615,20260914_174716,83.0
cybersecurity_agent_all_models_20260912,cybersecurity,cybersecurity-agent-v1,openhands,qwen3.8:27b,22130167c4c20e20c7b71454612966ca8e8171e9b3cc8ab6ce8aa6cbfec79643,cyber_spl_detection,Write a Splunk SPL detection and triage query,ok,fail,6,9,80.118,20260914_174716,77.0
cybersecurity_agent_all_models_20260912,cybersecurity,cybersecurity-agent-v1,openhands,qwen3.8:27b,22130167c4c20e20c7b71454612966ca8e8171e9b3cc8ab6ce8aa6cbfec79643,cyber_threat_report_synthesis,Synthesize actionable intelligence from mixed-confidence reporting,ok,fail,7,8,77.764,20260914_174716,80.0
cybersecurity_agent_all_models_20260912,cybersecurity,cybersecurity-agent-v1,openhands,qwen3.8:27b,22130167c4c20e20c7b71454612966ca8e8171e9b3cc8ab6ce8aa6cbfec79643,cyber_vulnerability_cvss_triage,Triage vulnerabilities using CVSS v4 and exposure context,ok,fail,3,6,149.201,20260914_174716,83.0
cybersecurity_agent_all_models_20260912,cybersecurity,cybersecurity-agent-v1,openhands,qwen3.8:27b-mtp-bf16,197257101a8c1b63edbaba1cf030f60396b15d11a604b29806546b837b3b5e57,cyber_advanced_protocol_reasoning,Diagnose advanced protocol and cryptographic failures,ok,fail,2,5,250.351,20260914_174716,70.0
cybersecurity_agent_all_models_20260912,cybersecurity,cybersecurity-agent-v1,openhands,qwen3.8:27b-mtp-bf16,197257101a8c1b63edbaba1cf030f60396b15d11a604b29806546b837b3b5e57,cyber_api_bola_remediation,Remediate broken object-level authorization,ok,fail,6,7,302.719,20260914_174716,67.0
cybersecurity_agent_all_models_20260912,cybersecurity,cybersecurity-agent-v1,openhands,qwen3.8:27b-mtp-bf16,197257101a8c1b63edbaba1cf030f60396b15d11a604b29806546b837b3b5e57,cyber_appsec_code_review,Perform a CWE-grounded application security review,ok,pass,7,7,158.403,20260914_174716,66.0
cybersecurity_agent_all_models_20260912,cybersecurity,cybersecurity-agent-v1,openhands,qwen3.8:27b-mtp-bf16,197257101a8c1b63edbaba1cf030f60396b15d11a604b29806546b837b3b5e57,cyber_appsec_secure_patch,Patch an injection-prone local utility,ok,fail,6,7,273.852,20260914_174716,67.0
cybersecurity_agent_all_models_20260912,cybersecurity,cybersecurity-agent-v1,openhands,qwen3.8:27b-mtp-bf16,197257101a8c1b63edbaba1cf030f60396b15d11a604b29806546b837b3b5e57,cyber_chronicle_yaral_detection,Write a Google SecOps YARA-L 2.0 correlation rule,ok,pass,13,13,400.49,20260914_174716,67.0
cybersecurity_agent_all_models_20260912,cybersecurity,cybersecurity-agent-v1,openhands,qwen3.8:27b-mtp-bf16,197257101a8c1b63edbaba1cf030f60396b15d11a604b29806546b837b3b5e57,cyber_cloud_kubernetes_hardening,Harden cloud IAM and a Kubernetes workload,ok,pass,13,13,165.263,20260914_174716,67.0
cybersecurity_agent_all_models_20260912,cybersecurity,cybersecurity-agent-v1,openhands,qwen3.8:27b-mtp-bf16,197257101a8c1b63edbaba1cf030f60396b15d11a604b29806546b837b3b5e57,cyber_ctf_multidiscipline,Solve a compact multidisciplinary CTF set,ok,pass,6,6,234.64,20260914_174716,67.0
cybersecurity_agent_all_models_20260912,cybersecurity,cybersecurity-agent-v1,openhands,qwen3.8:27b-mtp-bf16,197257101a8c1b63edbaba1cf030f60396b15d11a604b29806546b837b3b5e57,cyber_cti_attack_mapping,Map observed behaviors to MITRE ATT&CK,ok,pass,5,5,138.178,20260914_174716,68.0
cybersecurity_agent_all_models_20260912,cybersecurity,cybersecurity-agent-v1,openhands,qwen3.8:27b-mtp-bf16,197257101a8c1b63edbaba1cf030f60396b15d11a604b29806546b837b3b5e57,cyber_elastic_esql_detection,Write an Elastic ES|QL behavioral detection,ok,pass,11,11,144.614,20260914_174716,68.0
cybersecurity_agent_all_models_20260912,cybersecurity,cybersecurity-agent-v1,openhands,qwen3.8:27b-mtp-bf16,197257101a8c1b63edbaba1cf030f60396b15d11a604b29806546b837b3b5e57,cyber_exploit_crash_analysis,Analyze exploitability of a synthetic native crash,ok,fail,5,6,486.897,20260914_174716,67.0
cybersecurity_agent_all_models_20260912,cybersecurity,cybersecurity-agent-v1,openhands,qwen3.8:27b-mtp-bf16,197257101a8c1b63edbaba1cf030f60396b15d11a604b29806546b837b3b5e57,cyber_exploit_toy_poc,Build a constrained proof of concept for a toy service,ok,fail,9,11,190.784,20260914_174716,67.0
cybersecurity_agent_all_models_20260912,cybersecurity,cybersecurity-agent-v1,openhands,qwen3.8:27b-mtp-bf16,197257101a8c1b63edbaba1cf030f60396b15d11a604b29806546b837b3b5e57,cyber_foundations_architecture,Reason about a segmented enterprise architecture,ok,fail,1,4,270.204,20260914_174716,76.0
cybersecurity_agent_all_models_20260912,cybersecurity,cybersecurity-agent-v1,openhands,qwen3.8:27b-mtp-bf16,197257101a8c1b63edbaba1cf030f60396b15d11a604b29806546b837b3b5e57,cyber_governance_risk_prioritization,Prioritize cyber risk and response outcomes,ok,pass,7,7,394.886,20260914_174716,69.0
cybersecurity_agent_all_models_20260912,cybersecurity,cybersecurity-agent-v1,openhands,qwen3.8:27b-mtp-bf16,197257101a8c1b63edbaba1cf030f60396b15d11a604b29806546b837b3b5e57,cyber_incident_timeline,Reconstruct an incident timeline and response plan,ok,pass,8,8,183.551,20260914_174716,67.0
cybersecurity_agent_all_models_20260912,cybersecurity,cybersecurity-agent-v1,openhands,qwen3.8:27b-mtp-bf16,197257101a8c1b63edbaba1cf030f60396b15d11a604b29806546b837b3b5e57,cyber_llm_prompt_injection,Harden an agent against indirect prompt injection,ok,fail,2,7,167.726,20260914_174716,67.0
cybersecurity_agent_all_models_20260912,cybersecurity,cybersecurity-agent-v1,openhands,qwen3.8:27b-mtp-bf16,197257101a8c1b63edbaba1cf030f60396b15d11a604b29806546b837b3b5e57,cyber_llm_tool_rag_security,Secure tool use and RAG against poisoning and exfiltration,ok,pass,8,8,247.549,20260914_174716,67.0
cybersecurity_agent_all_models_20260912,cybersecurity,cybersecurity-agent-v1,openhands,qwen3.8:27b-mtp-bf16,197257101a8c1b63edbaba1cf030f60396b15d11a604b29806546b837b3b5e57,cyber_malware_static_analysis,Classify a harmless synthetic malware specimen,ok,pass,6,6,188.505,20260914_174716,67.0
cybersecurity_agent_all_models_20260912,cybersecurity,cybersecurity-agent-v1,openhands,qwen3.8:27b-mtp-bf16,197257101a8c1b63edbaba1cf030f60396b15d11a604b29806546b837b3b5e57,cyber_pentest_attack_path,Plan and validate an authorized lab attack path,ok,fail,5,6,204.069,20260914_174716,67.0
cybersecurity_agent_all_models_20260912,cybersecurity,cybersecurity-agent-v1,openhands,qwen3.8:27b-mtp-bf16,197257101a8c1b63edbaba1cf030f60396b15d11a604b29806546b837b3b5e57,cyber_sentinel_kql_detection,Write a Microsoft Sentinel KQL analytic,ok,pass,10,10,215.946,20260914_174716,66.0
cybersecurity_agent_all_models_20260912,cybersecurity,cybersecurity-agent-v1,openhands,qwen3.8:27b-mtp-bf16,197257101a8c1b63edbaba1cf030f60396b15d11a604b29806546b837b3b5e57,cyber_sigma_detection,Author a portable Sigma detection,ok,pass,10,10,293.318,20260914_174716,68.0
cybersecurity_agent_all_models_20260912,cybersecurity,cybersecurity-agent-v1,openhands,qwen3.8:27b-mtp-bf16,197257101a8c1b63edbaba1cf030f60396b15d11a604b29806546b837b3b5e57,cyber_soc_alert_triage,Triage a noisy alert bundle,ok,pass,6,6,170.265,20260914_174716,67.0
cybersecurity_agent_all_models_20260912,cybersecurity,cybersecurity-agent-v1,openhands,qwen3.8:27b-mtp-bf16,197257101a8c1b63edbaba1cf030f60396b15d11a604b29806546b837b3b5e57,cyber_spl_detection,Write a Splunk SPL detection and triage query,ok,fail,7,9,144.064,20260914_174716,67.0
cybersecurity_agent_all_models_20260912,cybersecurity,cybersecurity-agent-v1,openhands,qwen3.8:27b-mtp-bf16,197257101a8c1b63edbaba1cf030f60396b15d11a604b29806546b837b3b5e57,cyber_threat_report_synthesis,Synthesize actionable intelligence from mixed-confidence reporting,ok,fail,7,8,170.958,20260914_174716,68.0
cybersecurity_agent_all_models_20260912,cybersecurity,cybersecurity-agent-v1,openhands,qwen3.8:27b-mtp-bf16,197257101a8c1b63edbaba1cf030f60396b15d11a604b29806546b837b3b5e57,cyber_vulnerability_cvss_triage,Triage vulnerabilities using CVSS v4 and exposure context,ok,fail,3,6,323.2,20260914_174716,68.0
cybersecurity_agent_all_models_20260912,cybersecurity,cybersecurity-agent-v1,openhands,qwen3.8:27b-mtp-q8_0,8a15828773037bdbb79b103ca20344c67a05251521b918a534c135ca76f1f04d,cyber_advanced_protocol_reasoning,Diagnose advanced protocol and cryptographic failures,ok,fail,2,5,203.552,20260914_174716,72.0
cybersecurity_agent_all_models_20260912,cybersecurity,cybersecurity-agent-v1,openhands,qwen3.8:27b-mtp-q8_0,8a15828773037bdbb79b103ca20344c67a05251521b918a534c135ca76f1f04d,cyber_api_bola_remediation,Remediate broken object-level authorization,ok,fail,6,7,186.763,20260914_174716,74.0
cybersecurity_agent_all_models_20260912,cybersecurity,cybersecurity-agent-v1,openhands,qwen3.8:27b-mtp-q8_0,8a15828773037bdbb79b103ca20344c67a05251521b918a534c135ca76f1f04d,cyber_appsec_code_review,Perform a CWE-grounded application security review,ok,pass,7,7,95.706,20260914_174716,74.0
cybersecurity_agent_all_models_20260912,cybersecurity,cybersecurity-agent-v1,openhands,qwen3.8:27b-mtp-q8_0,8a15828773037bdbb79b103ca20344c67a05251521b918a534c135ca76f1f04d,cyber_appsec_secure_patch,Patch an injection-prone local utility,ok,fail,6,7,176.427,20260914_174716,74.0
cybersecurity_agent_all_models_20260912,cybersecurity,cybersecurity-agent-v1,openhands,qwen3.8:27b-mtp-q8_0,8a15828773037bdbb79b103ca20344c67a05251521b918a534c135ca76f1f04d,cyber_chronicle_yaral_detection,Write a Google SecOps YARA-L 2.0 correlation rule,error,fail,0,1,5511.57,20260914_174716,72.0
cybersecurity_agent_all_models_20260912,cybersecurity,cybersecurity-agent-v1,openhands,qwen3.8:27b-mtp-q8_0,8a15828773037bdbb79b103ca20344c67a05251521b918a534c135ca76f1f04d,cyber_cloud_kubernetes_hardening,Harden cloud IAM and a Kubernetes workload,ok,pass,13,13,113.636,20260914_174716,73.0
cybersecurity_agent_all_models_20260912,cybersecurity,cybersecurity-agent-v1,openhands,qwen3.8:27b-mtp-q8_0,8a15828773037bdbb79b103ca20344c67a05251521b918a534c135ca76f1f04d,cyber_ctf_multidiscipline,Solve a compact multidisciplinary CTF set,ok,pass,6,6,90.889,20260914_174716,73.0
cybersecurity_agent_all_models_20260912,cybersecurity,cybersecurity-agent-v1,openhands,qwen3.8:27b-mtp-q8_0,8a15828773037bdbb79b103ca20344c67a05251521b918a534c135ca76f1f04d,cyber_cti_attack_mapping,Map observed behaviors to MITRE ATT&CK,ok,pass,5,5,78.568,20260914_174716,72.0
cybersecurity_agent_all_models_20260912,cybersecurity,cybersecurity-agent-v1,openhands,qwen3.8:27b-mtp-q8_0,8a15828773037bdbb79b103ca20344c67a05251521b918a534c135ca76f1f04d,cyber_elastic_esql_detection,Write an Elastic ES|QL behavioral detection,ok,pass,11,11,82.737,20260914_174716,73.0
cybersecurity_agent_all_models_20260912,cybersecurity,cybersecurity-agent-v1,openhands,qwen3.8:27b-mtp-q8_0,8a15828773037bdbb79b103ca20344c67a05251521b918a534c135ca76f1f04d,cyber_exploit_crash_analysis,Analyze exploitability of a synthetic native crash,ok,pass,6,6,219.057,20260914_174716,74.0
cybersecurity_agent_all_models_20260912,cybersecurity,cybersecurity-agent-v1,openhands,qwen3.8:27b-mtp-q8_0,8a15828773037bdbb79b103ca20344c67a05251521b918a534c135ca76f1f04d,cyber_exploit_toy_poc,Build a constrained proof of concept for a toy service,ok,fail,9,11,124.134,20260914_174716,73.0
cybersecurity_agent_all_models_20260912,cybersecurity,cybersecurity-agent-v1,openhands,qwen3.8:27b-mtp-q8_0,8a15828773037bdbb79b103ca20344c67a05251521b918a534c135ca76f1f04d,cyber_foundations_architecture,Reason about a segmented enterprise architecture,ok,fail,1,4,239.975,20260914_174716,73.0
cybersecurity_agent_all_models_20260912,cybersecurity,cybersecurity-agent-v1,openhands,qwen3.8:27b-mtp-q8_0,8a15828773037bdbb79b103ca20344c67a05251521b918a534c135ca76f1f04d,cyber_governance_risk_prioritization,Prioritize cyber risk and response outcomes,ok,pass,7,7,86.991,20260914_174716,73.0
cybersecurity_agent_all_models_20260912,cybersecurity,cybersecurity-agent-v1,openhands,qwen3.8:27b-mtp-q8_0,8a15828773037bdbb79b103ca20344c67a05251521b918a534c135ca76f1f04d,cyber_incident_timeline,Reconstruct an incident timeline and response plan,ok,pass,8,8,114.241,20260914_174716,73.0
cybersecurity_agent_all_models_20260912,cybersecurity,cybersecurity-agent-v1,openhands,qwen3.8:27b-mtp-q8_0,8a15828773037bdbb79b103ca20344c67a05251521b918a534c135ca76f1f04d,cyber_llm_prompt_injection,Harden an agent against indirect prompt injection,ok,fail,2,7,133.514,20260914_174716,74.0
cybersecurity_agent_all_models_20260912,cybersecurity,cybersecurity-agent-v1,openhands,qwen3.8:27b-mtp-q8_0,8a15828773037bdbb79b103ca20344c67a05251521b918a534c135ca76f1f04d,cyber_llm_tool_rag_security,Secure tool use and RAG against poisoning and exfiltration,ok,pass,8,8,147.137,20260914_174716,73.0
cybersecurity_agent_all_models_20260912,cybersecurity,cybersecurity-agent-v1,openhands,qwen3.8:27b-mtp-q8_0,8a15828773037bdbb79b103ca20344c67a05251521b918a534c135ca76f1f04d,cyber_malware_static_analysis,Classify a harmless synthetic malware specimen,ok,pass,6,6,163.796,20260914_174716,74.0
cybersecurity_agent_all_models_20260912,cybersecurity,cybersecurity-agent-v1,openhands,qwen3.8:27b-mtp-q8_0,8a15828773037bdbb79b103ca20344c67a05251521b918a534c135ca76f1f04d,cyber_pentest_attack_path,Plan and validate an authorized lab attack path,ok,fail,5,6,132.083,20260914_174716,74.0
cybersecurity_agent_all_models_20260912,cybersecurity,cybersecurity-agent-v1,openhands,qwen3.8:27b-mtp-q8_0,8a15828773037bdbb79b103ca20344c67a05251521b918a534c135ca76f1f04d,cyber_sentinel_kql_detection,Write a Microsoft Sentinel KQL analytic,ok,pass,10,10,164.721,20260914_174716,75.0
cybersecurity_agent_all_models_20260912,cybersecurity,cybersecurity-agent-v1,openhands,qwen3.8:27b-mtp-q8_0,8a15828773037bdbb79b103ca20344c67a05251521b918a534c135ca76f1f04d,cyber_sigma_detection,Author a portable Sigma detection,ok,pass,10,10,139.672,20260914_174716,74.0
cybersecurity_agent_all_models_20260912,cybersecurity,cybersecurity-agent-v1,openhands,qwen3.8:27b-mtp-q8_0,8a15828773037bdbb79b103ca20344c67a05251521b918a534c135ca76f1f04d,cyber_soc_alert_triage,Triage a noisy alert bundle,ok,pass,6,6,114.73,20260914_174716,73.0
cybersecurity_agent_all_models_20260912,cybersecurity,cybersecurity-agent-v1,openhands,qwen3.8:27b-mtp-q8_0,8a15828773037bdbb79b103ca20344c67a05251521b918a534c135ca76f1f04d,cyber_spl_detection,Write a Splunk SPL detection and triage query,ok,fail,8,9,93.388,20260914_174716,72.0
cybersecurity_agent_all_models_20260912,cybersecurity,cybersecurity-agent-v1,openhands,qwen3.8:27b-mtp-q8_0,8a15828773037bdbb79b103ca20344c67a05251521b918a534c135ca76f1f04d,cyber_threat_report_synthesis,Synthesize actionable intelligence from mixed-confidence reporting,ok,fail,7,8,110.943,20260914_174716,74.0
cybersecurity_agent_all_models_20260912,cybersecurity,cybersecurity-agent-v1,openhands,qwen3.8:27b-mtp-q8_0,8a15828773037bdbb79b103ca20344c67a05251521b918a534c135ca76f1f04d,cyber_vulnerability_cvss_triage,Triage vulnerabilities using CVSS v4 and exposure context,ok,fail,3,6,1886.953,20260914_174716,75.0
cybersecurity_agent_all_models_20260912,cybersecurity,cybersecurity-agent-v1,openhands,qwen3:8b,500a1f067a9f782620b40bee6f7b0c89e17ae61f686b92c24933e4ca4b2b8b41,cyber_advanced_protocol_reasoning,Diagnose advanced protocol and cryptographic failures,ok,fail,2,5,79.04,20260914_174716,73.0
cybersecurity_agent_all_models_20260912,cybersecurity,cybersecurity-agent-v1,openhands,qwen3:8b,500a1f067a9f782620b40bee6f7b0c89e17ae61f686b92c24933e4ca4b2b8b41,cyber_api_bola_remediation,Remediate broken object-level authorization,ok,fail,0,1,1363.465,20260914_174716,77.0
cybersecurity_agent_all_models_20260912,cybersecurity,cybersecurity-agent-v1,openhands,qwen3:8b,500a1f067a9f782620b40bee6f7b0c89e17ae61f686b92c24933e4ca4b2b8b41,cyber_appsec_code_review,Perform a CWE-grounded application security review,ok,pass,7,7,71.585,20260914_174716,77.0
cybersecurity_agent_all_models_20260912,cybersecurity,cybersecurity-agent-v1,openhands,qwen3:8b,500a1f067a9f782620b40bee6f7b0c89e17ae61f686b92c24933e4ca4b2b8b41,cyber_appsec_secure_patch,Patch an injection-prone local utility,ok,fail,0,1,249.087,20260914_174716,77.0
cybersecurity_agent_all_models_20260912,cybersecurity,cybersecurity-agent-v1,openhands,qwen3:8b,500a1f067a9f782620b40bee6f7b0c89e17ae61f686b92c24933e4ca4b2b8b41,cyber_chronicle_yaral_detection,Write a Google SecOps YARA-L 2.0 correlation rule,ok,fail,11,13,104.943,20260914_174716,75.0
cybersecurity_agent_all_models_20260912,cybersecurity,cybersecurity-agent-v1,openhands,qwen3:8b,500a1f067a9f782620b40bee6f7b0c89e17ae61f686b92c24933e4ca4b2b8b41,cyber_cloud_kubernetes_hardening,Harden cloud IAM and a Kubernetes workload,ok,fail,0,1,538.411,20260914_174716,78.0
cybersecurity_agent_all_models_20260912,cybersecurity,cybersecurity-agent-v1,openhands,qwen3:8b,500a1f067a9f782620b40bee6f7b0c89e17ae61f686b92c24933e4ca4b2b8b41,cyber_ctf_multidiscipline,Solve a compact multidisciplinary CTF set,ok,fail,0,1,237.701,20260914_174716,77.0
cybersecurity_agent_all_models_20260912,cybersecurity,cybersecurity-agent-v1,openhands,qwen3:8b,500a1f067a9f782620b40bee6f7b0c89e17ae61f686b92c24933e4ca4b2b8b41,cyber_cti_attack_mapping,Map observed behaviors to MITRE ATT&CK,ok,fail,1,5,97.956,20260914_174716,73.0
cybersecurity_agent_all_models_20260912,cybersecurity,cybersecurity-agent-v1,openhands,qwen3:8b,500a1f067a9f782620b40bee6f7b0c89e17ae61f686b92c24933e4ca4b2b8b41,cyber_elastic_esql_detection,Write an Elastic ES|QL behavioral detection,ok,fail,9,11,103.191,20260914_174716,76.0
cybersecurity_agent_all_models_20260912,cybersecurity,cybersecurity-agent-v1,openhands,qwen3:8b,500a1f067a9f782620b40bee6f7b0c89e17ae61f686b92c24933e4ca4b2b8b41,cyber_exploit_crash_analysis,Analyze exploitability of a synthetic native crash,ok,fail,5,6,123.551,20260914_174716,77.0
cybersecurity_agent_all_models_20260912,cybersecurity,cybersecurity-agent-v1,openhands,qwen3:8b,500a1f067a9f782620b40bee6f7b0c89e17ae61f686b92c24933e4ca4b2b8b41,cyber_exploit_toy_poc,Build a constrained proof of concept for a toy service,ok,fail,0,1,161.86,20260914_174716,78.0
cybersecurity_agent_all_models_20260912,cybersecurity,cybersecurity-agent-v1,openhands,qwen3:8b,500a1f067a9f782620b40bee6f7b0c89e17ae61f686b92c24933e4ca4b2b8b41,cyber_foundations_architecture,Reason about a segmented enterprise architecture,ok,fail,1,4,94.537,20260914_174716,71.0
cybersecurity_agent_all_models_20260912,cybersecurity,cybersecurity-agent-v1,openhands,qwen3:8b,500a1f067a9f782620b40bee6f7b0c89e17ae61f686b92c24933e4ca4b2b8b41,cyber_governance_risk_prioritization,Prioritize cyber risk and response outcomes,ok,fail,0,1,83.348,20260914_174716,75.0
cybersecurity_agent_all_models_20260912,cybersecurity,cybersecurity-agent-v1,openhands,qwen3:8b,500a1f067a9f782620b40bee6f7b0c89e17ae61f686b92c24933e4ca4b2b8b41,cyber_incident_timeline,Reconstruct an incident timeline and response plan,ok,fail,0,1,108.613,20260914_174716,75.0
cybersecurity_agent_all_models_20260912,cybersecurity,cybersecurity-agent-v1,openhands,qwen3:8b,500a1f067a9f782620b40bee6f7b0c89e17ae61f686b92c24933e4ca4b2b8b41,cyber_llm_prompt_injection,Harden an agent against indirect prompt injection,ok,fail,0,1,102.39,20260914_174716,78.0
cybersecurity_agent_all_models_20260912,cybersecurity,cybersecurity-agent-v1,openhands,qwen3:8b,500a1f067a9f782620b40bee6f7b0c89e17ae61f686b92c24933e4ca4b2b8b41,cyber_llm_tool_rag_security,Secure tool use and RAG against poisoning and exfiltration,ok,fail,0,1,86.255,20260914_174716,77.0
cybersecurity_agent_all_models_20260912,cybersecurity,cybersecurity-agent-v1,openhands,qwen3:8b,500a1f067a9f782620b40bee6f7b0c89e17ae61f686b92c24933e4ca4b2b8b41,cyber_malware_static_analysis,Classify a harmless synthetic malware specimen,ok,fail,0,1,101.964,20260914_174716,75.0
cybersecurity_agent_all_models_20260912,cybersecurity,cybersecurity-agent-v1,openhands,qwen3:8b,500a1f067a9f782620b40bee6f7b0c89e17ae61f686b92c24933e4ca4b2b8b41,cyber_pentest_attack_path,Plan and validate an authorized lab attack path,ok,fail,0,1,105.571,20260914_174716,78.0
cybersecurity_agent_all_models_20260912,cybersecurity,cybersecurity-agent-v1,openhands,qwen3:8b,500a1f067a9f782620b40bee6f7b0c89e17ae61f686b92c24933e4ca4b2b8b41,cyber_sentinel_kql_detection,Write a Microsoft Sentinel KQL analytic,ok,fail,9,10,132.074,20260914_174716,76.0
cybersecurity_agent_all_models_20260912,cybersecurity,cybersecurity-agent-v1,openhands,qwen3:8b,500a1f067a9f782620b40bee6f7b0c89e17ae61f686b92c24933e4ca4b2b8b41,cyber_sigma_detection,Author a portable Sigma detection,ok,pass,10,10,89.802,20260914_174716,77.0
cybersecurity_agent_all_models_20260912,cybersecurity,cybersecurity-agent-v1,openhands,qwen3:8b,500a1f067a9f782620b40bee6f7b0c89e17ae61f686b92c24933e4ca4b2b8b41,cyber_soc_alert_triage,Triage a noisy alert bundle,ok,fail,0,1,88.062,20260914_174716,75.0
cybersecurity_agent_all_models_20260912,cybersecurity,cybersecurity-agent-v1,openhands,qwen3:8b,500a1f067a9f782620b40bee6f7b0c89e17ae61f686b92c24933e4ca4b2b8b41,cyber_spl_detection,Write a Splunk SPL detection and triage query,ok,fail,6,9,98.606,20260914_174716,77.0
cybersecurity_agent_all_models_20260912,cybersecurity,cybersecurity-agent-v1,openhands,qwen3:8b,500a1f067a9f782620b40bee6f7b0c89e17ae61f686b92c24933e4ca4b2b8b41,cyber_threat_report_synthesis,Synthesize actionable intelligence from mixed-confidence reporting,ok,fail,0,1,290.326,20260914_174716,74.0
cybersecurity_agent_all_models_20260912,cybersecurity,cybersecurity-agent-v1,openhands,qwen3:8b,500a1f067a9f782620b40bee6f7b0c89e17ae61f686b92c24933e4ca4b2b8b41,cyber_vulnerability_cvss_triage,Triage vulnerabilities using CVSS v4 and exposure context,ok,fail,3,6,103.348,20260914_174716,74.0
cybersecurity_agent_all_models_20260912,cybersecurity,cybersecurity-agent-v1,goose,deepseek-r1:32b-qwen-distill-q8_0,b177522350a4e9ddae851d8e6f3b54f9925de51357404047831a67e41dbaf343,cyber_advanced_protocol_reasoning,Diagnose advanced protocol and cryptographic failures,ok,fail,0,1,188.921,20260913_131528,70.0
cybersecurity_agent_all_models_20260912,cybersecurity,cybersecurity-agent-v1,goose,deepseek-r1:32b-qwen-distill-q8_0,b177522350a4e9ddae851d8e6f3b54f9925de51357404047831a67e41dbaf343,cyber_api_bola_remediation,Remediate broken object-level authorization,ok,fail,0,1,317.736,20260913_131528,64.0
cybersecurity_agent_all_models_20260912,cybersecurity,cybersecurity-agent-v1,goose,deepseek-r1:32b-qwen-distill-q8_0,b177522350a4e9ddae851d8e6f3b54f9925de51357404047831a67e41dbaf343,cyber_appsec_code_review,Perform a CWE-grounded application security review,ok,fail,0,1,245.71,20260913_131528,70.0
cybersecurity_agent_all_models_20260912,cybersecurity,cybersecurity-agent-v1,goose,deepseek-r1:32b-qwen-distill-q8_0,b177522350a4e9ddae851d8e6f3b54f9925de51357404047831a67e41dbaf343,cyber_appsec_secure_patch,Patch an injection-prone local utility,ok,fail,0,1,157.064,20260913_131528,63.0
cybersecurity_agent_all_models_20260912,cybersecurity,cybersecurity-agent-v1,goose,deepseek-r1:32b-qwen-distill-q8_0,b177522350a4e9ddae851d8e6f3b54f9925de51357404047831a67e41dbaf343,cyber_chronicle_yaral_detection,Write a Google SecOps YARA-L 2.0 correlation rule,ok,fail,0,1,337.571,20260913_131528,69.0
cybersecurity_agent_all_models_20260912,cybersecurity,cybersecurity-agent-v1,goose,deepseek-r1:32b-qwen-distill-q8_0,b177522350a4e9ddae851d8e6f3b54f9925de51357404047831a67e41dbaf343,cyber_cloud_kubernetes_hardening,Harden cloud IAM and a Kubernetes workload,ok,fail,0,1,377.539,20260913_131528,64.0
cybersecurity_agent_all_models_20260912,cybersecurity,cybersecurity-agent-v1,goose,deepseek-r1:32b-qwen-distill-q8_0,b177522350a4e9ddae851d8e6f3b54f9925de51357404047831a67e41dbaf343,cyber_ctf_multidiscipline,Solve a compact multidisciplinary CTF set,ok,fail,0,1,155.555,20260913_131528,69.0
cybersecurity_agent_all_models_20260912,cybersecurity,cybersecurity-agent-v1,goose,deepseek-r1:32b-qwen-distill-q8_0,b177522350a4e9ddae851d8e6f3b54f9925de51357404047831a67e41dbaf343,cyber_cti_attack_mapping,Map observed behaviors to MITRE ATT&CK,ok,fail,0,1,156.981,20260913_131528,76.0
cybersecurity_agent_all_models_20260912,cybersecurity,cybersecurity-agent-v1,goose,deepseek-r1:32b-qwen-distill-q8_0,b177522350a4e9ddae851d8e6f3b54f9925de51357404047831a67e41dbaf343,cyber_elastic_esql_detection,Write an Elastic ES|QL behavioral detection,ok,fail,0,1,260.785,20260913_131528,69.0
cybersecurity_agent_all_models_20260912,cybersecurity,cybersecurity-agent-v1,goose,deepseek-r1:32b-qwen-distill-q8_0,b177522350a4e9ddae851d8e6f3b54f9925de51357404047831a67e41dbaf343,cyber_exploit_crash_analysis,Analyze exploitability of a synthetic native crash,ok,fail,0,1,200.939,20260913_131528,65.0
cybersecurity_agent_all_models_20260912,cybersecurity,cybersecurity-agent-v1,goose,deepseek-r1:32b-qwen-distill-q8_0,b177522350a4e9ddae851d8e6f3b54f9925de51357404047831a67e41dbaf343,cyber_exploit_toy_poc,Build a constrained proof of concept for a toy service,ok,fail,0,1,133.255,20260913_131528,66.0
cybersecurity_agent_all_models_20260912,cybersecurity,cybersecurity-agent-v1,goose,deepseek-r1:32b-qwen-distill-q8_0,b177522350a4e9ddae851d8e6f3b54f9925de51357404047831a67e41dbaf343,cyber_foundations_architecture,Reason about a segmented enterprise architecture,ok,fail,0,1,156.006,20260913_131528,66.0
cybersecurity_agent_all_models_20260912,cybersecurity,cybersecurity-agent-v1,goose,deepseek-r1:32b-qwen-distill-q8_0,b177522350a4e9ddae851d8e6f3b54f9925de51357404047831a67e41dbaf343,cyber_governance_risk_prioritization,Prioritize cyber risk and response outcomes,ok,fail,0,1,141.707,20260913_131528,78.0
cybersecurity_agent_all_models_20260912,cybersecurity,cybersecurity-agent-v1,goose,deepseek-r1:32b-qwen-distill-q8_0,b177522350a4e9ddae851d8e6f3b54f9925de51357404047831a67e41dbaf343,cyber_incident_timeline,Reconstruct an incident timeline and response plan,ok,fail,0,1,126.74,20260913_131528,66.0
cybersecurity_agent_all_models_20260912,cybersecurity,cybersecurity-agent-v1,goose,deepseek-r1:32b-qwen-distill-q8_0,b177522350a4e9ddae851d8e6f3b54f9925de51357404047831a67e41dbaf343,cyber_llm_prompt_injection,Harden an agent against indirect prompt injection,ok,fail,0,1,131.607,20260913_131528,67.0
cybersecurity_agent_all_models_20260912,cybersecurity,cybersecurity-agent-v1,goose,deepseek-r1:32b-qwen-distill-q8_0,b177522350a4e9ddae851d8e6f3b54f9925de51357404047831a67e41dbaf343,cyber_llm_tool_rag_security,Secure tool use and RAG against poisoning and exfiltration,ok,fail,0,1,170.288,20260913_131528,67.0
cybersecurity_agent_all_models_20260912,cybersecurity,cybersecurity-agent-v1,goose,deepseek-r1:32b-qwen-distill-q8_0,b177522350a4e9ddae851d8e6f3b54f9925de51357404047831a67e41dbaf343,cyber_malware_static_analysis,Classify a harmless synthetic malware specimen,ok,fail,0,1,174.739,20260913_131528,64.0
cybersecurity_agent_all_models_20260912,cybersecurity,cybersecurity-agent-v1,goose,deepseek-r1:32b-qwen-distill-q8_0,b177522350a4e9ddae851d8e6f3b54f9925de51357404047831a67e41dbaf343,cyber_pentest_attack_path,Plan and validate an authorized lab attack path,ok,fail,0,1,219.144,20260913_131528,63.0
cybersecurity_agent_all_models_20260912,cybersecurity,cybersecurity-agent-v1,goose,deepseek-r1:32b-qwen-distill-q8_0,b177522350a4e9ddae851d8e6f3b54f9925de51357404047831a67e41dbaf343,cyber_sentinel_kql_detection,Write a Microsoft Sentinel KQL analytic,ok,fail,0,1,284.65,20260913_131528,64.0
cybersecurity_agent_all_models_20260912,cybersecurity,cybersecurity-agent-v1,goose,deepseek-r1:32b-qwen-distill-q8_0,b177522350a4e9ddae851d8e6f3b54f9925de51357404047831a67e41dbaf343,cyber_sigma_detection,Author a portable Sigma detection,ok,fail,0,1,278.349,20260913_131528,70.0
cybersecurity_agent_all_models_20260912,cybersecurity,cybersecurity-agent-v1,goose,deepseek-r1:32b-qwen-distill-q8_0,b177522350a4e9ddae851d8e6f3b54f9925de51357404047831a67e41dbaf343,cyber_soc_alert_triage,Triage a noisy alert bundle,ok,fail,0,1,250.532,20260913_131528,71.0
cybersecurity_agent_all_models_20260912,cybersecurity,cybersecurity-agent-v1,goose,deepseek-r1:32b-qwen-distill-q8_0,b177522350a4e9ddae851d8e6f3b54f9925de51357404047831a67e41dbaf343,cyber_spl_detection,Write a Splunk SPL detection and triage query,ok,fail,0,1,86.465,20260913_131528,68.0
cybersecurity_agent_all_models_20260912,cybersecurity,cybersecurity-agent-v1,goose,deepseek-r1:32b-qwen-distill-q8_0,b177522350a4e9ddae851d8e6f3b54f9925de51357404047831a67e41dbaf343,cyber_threat_report_synthesis,Synthesize actionable intelligence from mixed-confidence reporting,ok,fail,0,1,162.783,20260913_131528,70.0
cybersecurity_agent_all_models_20260912,cybersecurity,cybersecurity-agent-v1,goose,deepseek-r1:32b-qwen-distill-q8_0,b177522350a4e9ddae851d8e6f3b54f9925de51357404047831a67e41dbaf343,cyber_vulnerability_cvss_triage,Triage vulnerabilities using CVSS v4 and exposure context,ok,fail,0,1,265.306,20260913_131528,72.0
cybersecurity_agent_all_models_20260912,cybersecurity,cybersecurity-agent-v1,goose,devstral-small-2:24b,24277f07f62db8f9cb68e9dfc679ea1818a7fbac47a50eff0a701d3f645b63c8,cyber_advanced_protocol_reasoning,Diagnose advanced protocol and cryptographic failures,ok,fail,1,5,51.359,20260913_131528,70.0
cybersecurity_agent_all_models_20260912,cybersecurity,cybersecurity-agent-v1,goose,devstral-small-2:24b,24277f07f62db8f9cb68e9dfc679ea1818a7fbac47a50eff0a701d3f645b63c8,cyber_api_bola_remediation,Remediate broken object-level authorization,ok,fail,4,7,162.008,20260913_131528,75.0
cybersecurity_agent_all_models_20260912,cybersecurity,cybersecurity-agent-v1,goose,devstral-small-2:24b,24277f07f62db8f9cb68e9dfc679ea1818a7fbac47a50eff0a701d3f645b63c8,cyber_appsec_code_review,Perform a CWE-grounded application security review,ok,fail,3,7,54.868,20260913_131528,71.0
cybersecurity_agent_all_models_20260912,cybersecurity,cybersecurity-agent-v1,goose,devstral-small-2:24b,24277f07f62db8f9cb68e9dfc679ea1818a7fbac47a50eff0a701d3f645b63c8,cyber_appsec_secure_patch,Patch an injection-prone local utility,ok,fail,4,7,290.381,20260913_131528,76.0
cybersecurity_agent_all_models_20260912,cybersecurity,cybersecurity-agent-v1,goose,devstral-small-2:24b,24277f07f62db8f9cb68e9dfc679ea1818a7fbac47a50eff0a701d3f645b63c8,cyber_chronicle_yaral_detection,Write a Google SecOps YARA-L 2.0 correlation rule,ok,fail,12,13,49.033,20260913_131528,71.0
cybersecurity_agent_all_models_20260912,cybersecurity,cybersecurity-agent-v1,goose,devstral-small-2:24b,24277f07f62db8f9cb68e9dfc679ea1818a7fbac47a50eff0a701d3f645b63c8,cyber_cloud_kubernetes_hardening,Harden cloud IAM and a Kubernetes workload,ok,fail,11,13,72.92,20260913_131528,72.0
cybersecurity_agent_all_models_20260912,cybersecurity,cybersecurity-agent-v1,goose,devstral-small-2:24b,24277f07f62db8f9cb68e9dfc679ea1818a7fbac47a50eff0a701d3f645b63c8,cyber_ctf_multidiscipline,Solve a compact multidisciplinary CTF set,ok,fail,1,6,57.231,20260913_131528,73.0
cybersecurity_agent_all_models_20260912,cybersecurity,cybersecurity-agent-v1,goose,devstral-small-2:24b,24277f07f62db8f9cb68e9dfc679ea1818a7fbac47a50eff0a701d3f645b63c8,cyber_cti_attack_mapping,Map observed behaviors to MITRE ATT&CK,ok,fail,2,5,28.615,20260913_131528,71.0
cybersecurity_agent_all_models_20260912,cybersecurity,cybersecurity-agent-v1,goose,devstral-small-2:24b,24277f07f62db8f9cb68e9dfc679ea1818a7fbac47a50eff0a701d3f645b63c8,cyber_elastic_esql_detection,Write an Elastic ES|QL behavioral detection,ok,fail,10,11,51.154,20260913_131528,72.0
cybersecurity_agent_all_models_20260912,cybersecurity,cybersecurity-agent-v1,goose,devstral-small-2:24b,24277f07f62db8f9cb68e9dfc679ea1818a7fbac47a50eff0a701d3f645b63c8,cyber_exploit_crash_analysis,Analyze exploitability of a synthetic native crash,ok,fail,5,6,31.555,20260913_131528,74.0
cybersecurity_agent_all_models_20260912,cybersecurity,cybersecurity-agent-v1,goose,devstral-small-2:24b,24277f07f62db8f9cb68e9dfc679ea1818a7fbac47a50eff0a701d3f645b63c8,cyber_exploit_toy_poc,Build a constrained proof of concept for a toy service,ok,fail,10,11,75.857,20260913_131528,73.0
cybersecurity_agent_all_models_20260912,cybersecurity,cybersecurity-agent-v1,goose,devstral-small-2:24b,24277f07f62db8f9cb68e9dfc679ea1818a7fbac47a50eff0a701d3f645b63c8,cyber_foundations_architecture,Reason about a segmented enterprise architecture,ok,fail,1,4,30.036,20260913_131528,70.0
cybersecurity_agent_all_models_20260912,cybersecurity,cybersecurity-agent-v1,goose,devstral-small-2:24b,24277f07f62db8f9cb68e9dfc679ea1818a7fbac47a50eff0a701d3f645b63c8,cyber_governance_risk_prioritization,Prioritize cyber risk and response outcomes,ok,fail,6,7,54.542,20260913_131528,70.0
cybersecurity_agent_all_models_20260912,cybersecurity,cybersecurity-agent-v1,goose,devstral-small-2:24b,24277f07f62db8f9cb68e9dfc679ea1818a7fbac47a50eff0a701d3f645b63c8,cyber_incident_timeline,Reconstruct an incident timeline and response plan,ok,fail,6,8,34.654,20260913_131528,69.0
cybersecurity_agent_all_models_20260912,cybersecurity,cybersecurity-agent-v1,goose,devstral-small-2:24b,24277f07f62db8f9cb68e9dfc679ea1818a7fbac47a50eff0a701d3f645b63c8,cyber_llm_prompt_injection,Harden an agent against indirect prompt injection,ok,fail,1,7,33.207,20260913_131528,75.0
cybersecurity_agent_all_models_20260912,cybersecurity,cybersecurity-agent-v1,goose,devstral-small-2:24b,24277f07f62db8f9cb68e9dfc679ea1818a7fbac47a50eff0a701d3f645b63c8,cyber_llm_tool_rag_security,Secure tool use and RAG against poisoning and exfiltration,ok,fail,6,8,32.386,20260913_131528,72.0
cybersecurity_agent_all_models_20260912,cybersecurity,cybersecurity-agent-v1,goose,devstral-small-2:24b,24277f07f62db8f9cb68e9dfc679ea1818a7fbac47a50eff0a701d3f645b63c8,cyber_malware_static_analysis,Classify a harmless synthetic malware specimen,ok,fail,4,6,64.073,20260913_131528,71.0
cybersecurity_agent_all_models_20260912,cybersecurity,cybersecurity-agent-v1,goose,devstral-small-2:24b,24277f07f62db8f9cb68e9dfc679ea1818a7fbac47a50eff0a701d3f645b63c8,cyber_pentest_attack_path,Plan and validate an authorized lab attack path,ok,fail,5,6,57.122,20260913_131528,75.0
cybersecurity_agent_all_models_20260912,cybersecurity,cybersecurity-agent-v1,goose,devstral-small-2:24b,24277f07f62db8f9cb68e9dfc679ea1818a7fbac47a50eff0a701d3f645b63c8,cyber_sentinel_kql_detection,Write a Microsoft Sentinel KQL analytic,ok,pass,10,10,69.443,20260913_131528,72.0
cybersecurity_agent_all_models_20260912,cybersecurity,cybersecurity-agent-v1,goose,devstral-small-2:24b,24277f07f62db8f9cb68e9dfc679ea1818a7fbac47a50eff0a701d3f645b63c8,cyber_sigma_detection,Author a portable Sigma detection,ok,fail,0,1,45.51,20260913_131528,70.0
cybersecurity_agent_all_models_20260912,cybersecurity,cybersecurity-agent-v1,goose,devstral-small-2:24b,24277f07f62db8f9cb68e9dfc679ea1818a7fbac47a50eff0a701d3f645b63c8,cyber_soc_alert_triage,Triage a noisy alert bundle,ok,pass,6,6,30.582,20260913_131528,71.0
cybersecurity_agent_all_models_20260912,cybersecurity,cybersecurity-agent-v1,goose,devstral-small-2:24b,24277f07f62db8f9cb68e9dfc679ea1818a7fbac47a50eff0a701d3f645b63c8,cyber_spl_detection,Write a Splunk SPL detection and triage query,ok,fail,6,9,34.809,20260913_131528,72.0
cybersecurity_agent_all_models_20260912,cybersecurity,cybersecurity-agent-v1,goose,devstral-small-2:24b,24277f07f62db8f9cb68e9dfc679ea1818a7fbac47a50eff0a701d3f645b63c8,cyber_threat_report_synthesis,Synthesize actionable intelligence from mixed-confidence reporting,ok,fail,7,8,35.965,20260913_131528,71.0
cybersecurity_agent_all_models_20260912,cybersecurity,cybersecurity-agent-v1,goose,devstral-small-2:24b,24277f07f62db8f9cb68e9dfc679ea1818a7fbac47a50eff0a701d3f645b63c8,cyber_vulnerability_cvss_triage,Triage vulnerabilities using CVSS v4 and exposure context,ok,fail,3,6,51.054,20260913_131528,72.0
cybersecurity_agent_all_models_20260912,cybersecurity,cybersecurity-agent-v1,goose,devstral:24b,9bd74193e93935e9d8564d88607b220a9d341c4a36b748cffcbd9ad4f47a9ca9,cyber_advanced_protocol_reasoning,Diagnose advanced protocol and cryptographic failures,ok,fail,0,1,22.808,20260913_131528,72.0
cybersecurity_agent_all_models_20260912,cybersecurity,cybersecurity-agent-v1,goose,devstral:24b,9bd74193e93935e9d8564d88607b220a9d341c4a36b748cffcbd9ad4f47a9ca9,cyber_api_bola_remediation,Remediate broken object-level authorization,ok,fail,0,1,12.917,20260913_131528,64.0
cybersecurity_agent_all_models_20260912,cybersecurity,cybersecurity-agent-v1,goose,devstral:24b,9bd74193e93935e9d8564d88607b220a9d341c4a36b748cffcbd9ad4f47a9ca9,cyber_appsec_code_review,Perform a CWE-grounded application security review,ok,fail,0,1,15.155,20260913_131528,52.0
cybersecurity_agent_all_models_20260912,cybersecurity,cybersecurity-agent-v1,goose,devstral:24b,9bd74193e93935e9d8564d88607b220a9d341c4a36b748cffcbd9ad4f47a9ca9,cyber_appsec_secure_patch,Patch an injection-prone local utility,ok,fail,0,1,72.065,20260913_131528,59.0
cybersecurity_agent_all_models_20260912,cybersecurity,cybersecurity-agent-v1,goose,devstral:24b,9bd74193e93935e9d8564d88607b220a9d341c4a36b748cffcbd9ad4f47a9ca9,cyber_chronicle_yaral_detection,Write a Google SecOps YARA-L 2.0 correlation rule,error,fail,0,1,77.909,20260913_131528,70.0
cybersecurity_agent_all_models_20260912,cybersecurity,cybersecurity-agent-v1,goose,devstral:24b,9bd74193e93935e9d8564d88607b220a9d341c4a36b748cffcbd9ad4f47a9ca9,cyber_cloud_kubernetes_hardening,Harden cloud IAM and a Kubernetes workload,ok,fail,0,1,22.625,20260913_131528,71.0
cybersecurity_agent_all_models_20260912,cybersecurity,cybersecurity-agent-v1,goose,devstral:24b,9bd74193e93935e9d8564d88607b220a9d341c4a36b748cffcbd9ad4f47a9ca9,cyber_ctf_multidiscipline,Solve a compact multidisciplinary CTF set,ok,fail,0,1,26.273,20260913_131528,68.0
cybersecurity_agent_all_models_20260912,cybersecurity,cybersecurity-agent-v1,goose,devstral:24b,9bd74193e93935e9d8564d88607b220a9d341c4a36b748cffcbd9ad4f47a9ca9,cyber_cti_attack_mapping,Map observed behaviors to MITRE ATT&CK,ok,fail,0,1,10.838,20260913_131528,73.0
cybersecurity_agent_all_models_20260912,cybersecurity,cybersecurity-agent-v1,goose,devstral:24b,9bd74193e93935e9d8564d88607b220a9d341c4a36b748cffcbd9ad4f47a9ca9,cyber_elastic_esql_detection,Write an Elastic ES|QL behavioral detection,ok,fail,0,1,35.203,20260913_131528,71.0
cybersecurity_agent_all_models_20260912,cybersecurity,cybersecurity-agent-v1,goose,devstral:24b,9bd74193e93935e9d8564d88607b220a9d341c4a36b748cffcbd9ad4f47a9ca9,cyber_exploit_crash_analysis,Analyze exploitability of a synthetic native crash,ok,fail,0,1,21.561,20260913_131528,65.0
cybersecurity_agent_all_models_20260912,cybersecurity,cybersecurity-agent-v1,goose,devstral:24b,9bd74193e93935e9d8564d88607b220a9d341c4a36b748cffcbd9ad4f47a9ca9,cyber_exploit_toy_poc,Build a constrained proof of concept for a toy service,ok,fail,0,1,26.831,20260913_131528,66.0
cybersecurity_agent_all_models_20260912,cybersecurity,cybersecurity-agent-v1,goose,devstral:24b,9bd74193e93935e9d8564d88607b220a9d341c4a36b748cffcbd9ad4f47a9ca9,cyber_foundations_architecture,Reason about a segmented enterprise architecture,ok,fail,0,1,20.323,20260913_131528,73.0
cybersecurity_agent_all_models_20260912,cybersecurity,cybersecurity-agent-v1,goose,devstral:24b,9bd74193e93935e9d8564d88607b220a9d341c4a36b748cffcbd9ad4f47a9ca9,cyber_governance_risk_prioritization,Prioritize cyber risk and response outcomes,ok,fail,0,1,64.091,20260913_131528,72.0
cybersecurity_agent_all_models_20260912,cybersecurity,cybersecurity-agent-v1,goose,devstral:24b,9bd74193e93935e9d8564d88607b220a9d341c4a36b748cffcbd9ad4f47a9ca9,cyber_incident_timeline,Reconstruct an incident timeline and response plan,ok,fail,0,1,20.652,20260913_131528,70.0
cybersecurity_agent_all_models_20260912,cybersecurity,cybersecurity-agent-v1,goose,devstral:24b,9bd74193e93935e9d8564d88607b220a9d341c4a36b748cffcbd9ad4f47a9ca9,cyber_llm_prompt_injection,Harden an agent against indirect prompt injection,ok,fail,0,1,31.554,20260913_131528,69.0
cybersecurity_agent_all_models_20260912,cybersecurity,cybersecurity-agent-v1,goose,devstral:24b,9bd74193e93935e9d8564d88607b220a9d341c4a36b748cffcbd9ad4f47a9ca9,cyber_llm_tool_rag_security,Secure tool use and RAG against poisoning and exfiltration,ok,fail,0,1,14.306,20260913_131528,68.0
cybersecurity_agent_all_models_20260912,cybersecurity,cybersecurity-agent-v1,goose,devstral:24b,9bd74193e93935e9d8564d88607b220a9d341c4a36b748cffcbd9ad4f47a9ca9,cyber_malware_static_analysis,Classify a harmless synthetic malware specimen,ok,fail,0,1,27.324,20260913_131528,70.0
cybersecurity_agent_all_models_20260912,cybersecurity,cybersecurity-agent-v1,goose,devstral:24b,9bd74193e93935e9d8564d88607b220a9d341c4a36b748cffcbd9ad4f47a9ca9,cyber_pentest_attack_path,Plan and validate an authorized lab attack path,ok,fail,0,1,22.204,20260913_131528,64.0
cybersecurity_agent_all_models_20260912,cybersecurity,cybersecurity-agent-v1,goose,devstral:24b,9bd74193e93935e9d8564d88607b220a9d341c4a36b748cffcbd9ad4f47a9ca9,cyber_sentinel_kql_detection,Write a Microsoft Sentinel KQL analytic,ok,fail,8,10,39.759,20260913_131528,71.0
cybersecurity_agent_all_models_20260912,cybersecurity,cybersecurity-agent-v1,goose,devstral:24b,9bd74193e93935e9d8564d88607b220a9d341c4a36b748cffcbd9ad4f47a9ca9,cyber_sigma_detection,Author a portable Sigma detection,ok,fail,8,10,50.396,20260913_131528,72.0
cybersecurity_agent_all_models_20260912,cybersecurity,cybersecurity-agent-v1,goose,devstral:24b,9bd74193e93935e9d8564d88607b220a9d341c4a36b748cffcbd9ad4f47a9ca9,cyber_soc_alert_triage,Triage a noisy alert bundle,ok,fail,0,1,14.452,20260913_131528,71.0
cybersecurity_agent_all_models_20260912,cybersecurity,cybersecurity-agent-v1,goose,devstral:24b,9bd74193e93935e9d8564d88607b220a9d341c4a36b748cffcbd9ad4f47a9ca9,cyber_spl_detection,Write a Splunk SPL detection and triage query,ok,fail,0,1,19.556,20260913_131528,72.0
cybersecurity_agent_all_models_20260912,cybersecurity,cybersecurity-agent-v1,goose,devstral:24b,9bd74193e93935e9d8564d88607b220a9d341c4a36b748cffcbd9ad4f47a9ca9,cyber_threat_report_synthesis,Synthesize actionable intelligence from mixed-confidence reporting,ok,fail,0,1,29.355,20260913_131528,70.0
cybersecurity_agent_all_models_20260912,cybersecurity,cybersecurity-agent-v1,goose,devstral:24b,9bd74193e93935e9d8564d88607b220a9d341c4a36b748cffcbd9ad4f47a9ca9,cyber_vulnerability_cvss_triage,Triage vulnerabilities using CVSS v4 and exposure context,ok,fail,0,1,12.024,20260913_131528,71.0
cybersecurity_agent_all_models_20260912,cybersecurity,cybersecurity-agent-v1,goose,gemma4:31b,6316f0629137b426c9d9b853ffc4c8209589f30ee39aebede6285096c0ff47e7,cyber_advanced_protocol_reasoning,Diagnose advanced protocol and cryptographic failures,ok,fail,1,5,247.777,20260913_131528,74.0
cybersecurity_agent_all_models_20260912,cybersecurity,cybersecurity-agent-v1,goose,gemma4:31b,6316f0629137b426c9d9b853ffc4c8209589f30ee39aebede6285096c0ff47e7,cyber_api_bola_remediation,Remediate broken object-level authorization,ok,fail,6,7,268.694,20260913_131528,75.0
cybersecurity_agent_all_models_20260912,cybersecurity,cybersecurity-agent-v1,goose,gemma4:31b,6316f0629137b426c9d9b853ffc4c8209589f30ee39aebede6285096c0ff47e7,cyber_appsec_code_review,Perform a CWE-grounded application security review,ok,pass,7,7,228.951,20260913_131528,75.0
cybersecurity_agent_all_models_20260912,cybersecurity,cybersecurity-agent-v1,goose,gemma4:31b,6316f0629137b426c9d9b853ffc4c8209589f30ee39aebede6285096c0ff47e7,cyber_appsec_secure_patch,Patch an injection-prone local utility,ok,fail,6,7,539.954,20260913_131528,75.0
cybersecurity_agent_all_models_20260912,cybersecurity,cybersecurity-agent-v1,goose,gemma4:31b,6316f0629137b426c9d9b853ffc4c8209589f30ee39aebede6285096c0ff47e7,cyber_chronicle_yaral_detection,Write a Google SecOps YARA-L 2.0 correlation rule,ok,fail,12,13,397.772,20260913_131528,76.0
cybersecurity_agent_all_models_20260912,cybersecurity,cybersecurity-agent-v1,goose,gemma4:31b,6316f0629137b426c9d9b853ffc4c8209589f30ee39aebede6285096c0ff47e7,cyber_cloud_kubernetes_hardening,Harden cloud IAM and a Kubernetes workload,ok,pass,13,13,380.204,20260913_131528,74.0
cybersecurity_agent_all_models_20260912,cybersecurity,cybersecurity-agent-v1,goose,gemma4:31b,6316f0629137b426c9d9b853ffc4c8209589f30ee39aebede6285096c0ff47e7,cyber_ctf_multidiscipline,Solve a compact multidisciplinary CTF set,ok,pass,6,6,332.453,20260913_131528,74.0
cybersecurity_agent_all_models_20260912,cybersecurity,cybersecurity-agent-v1,goose,gemma4:31b,6316f0629137b426c9d9b853ffc4c8209589f30ee39aebede6285096c0ff47e7,cyber_cti_attack_mapping,Map observed behaviors to MITRE ATT&CK,ok,fail,4,5,265.874,20260913_131528,75.0
cybersecurity_agent_all_models_20260912,cybersecurity,cybersecurity-agent-v1,goose,gemma4:31b,6316f0629137b426c9d9b853ffc4c8209589f30ee39aebede6285096c0ff47e7,cyber_elastic_esql_detection,Write an Elastic ES|QL behavioral detection,ok,fail,10,11,206.259,20260913_131528,75.0
cybersecurity_agent_all_models_20260912,cybersecurity,cybersecurity-agent-v1,goose,gemma4:31b,6316f0629137b426c9d9b853ffc4c8209589f30ee39aebede6285096c0ff47e7,cyber_exploit_crash_analysis,Analyze exploitability of a synthetic native crash,ok,fail,5,6,329.22,20260913_131528,74.0
cybersecurity_agent_all_models_20260912,cybersecurity,cybersecurity-agent-v1,goose,gemma4:31b,6316f0629137b426c9d9b853ffc4c8209589f30ee39aebede6285096c0ff47e7,cyber_exploit_toy_poc,Build a constrained proof of concept for a toy service,ok,fail,10,11,363.476,20260913_131528,75.0
cybersecurity_agent_all_models_20260912,cybersecurity,cybersecurity-agent-v1,goose,gemma4:31b,6316f0629137b426c9d9b853ffc4c8209589f30ee39aebede6285096c0ff47e7,cyber_foundations_architecture,Reason about a segmented enterprise architecture,ok,fail,1,4,370.472,20260913_131528,74.0
cybersecurity_agent_all_models_20260912,cybersecurity,cybersecurity-agent-v1,goose,gemma4:31b,6316f0629137b426c9d9b853ffc4c8209589f30ee39aebede6285096c0ff47e7,cyber_governance_risk_prioritization,Prioritize cyber risk and response outcomes,ok,pass,7,7,281.978,20260913_131528,75.0
cybersecurity_agent_all_models_20260912,cybersecurity,cybersecurity-agent-v1,goose,gemma4:31b,6316f0629137b426c9d9b853ffc4c8209589f30ee39aebede6285096c0ff47e7,cyber_incident_timeline,Reconstruct an incident timeline and response plan,ok,fail,7,8,270.137,20260913_131528,74.0
cybersecurity_agent_all_models_20260912,cybersecurity,cybersecurity-agent-v1,goose,gemma4:31b,6316f0629137b426c9d9b853ffc4c8209589f30ee39aebede6285096c0ff47e7,cyber_llm_prompt_injection,Harden an agent against indirect prompt injection,ok,fail,2,7,335.846,20260913_131528,75.0
cybersecurity_agent_all_models_20260912,cybersecurity,cybersecurity-agent-v1,goose,gemma4:31b,6316f0629137b426c9d9b853ffc4c8209589f30ee39aebede6285096c0ff47e7,cyber_llm_tool_rag_security,Secure tool use and RAG against poisoning and exfiltration,ok,fail,7,8,244.128,20260913_131528,74.0
cybersecurity_agent_all_models_20260912,cybersecurity,cybersecurity-agent-v1,goose,gemma4:31b,6316f0629137b426c9d9b853ffc4c8209589f30ee39aebede6285096c0ff47e7,cyber_malware_static_analysis,Classify a harmless synthetic malware specimen,ok,pass,6,6,237.96,20260913_131528,73.0
cybersecurity_agent_all_models_20260912,cybersecurity,cybersecurity-agent-v1,goose,gemma4:31b,6316f0629137b426c9d9b853ffc4c8209589f30ee39aebede6285096c0ff47e7,cyber_pentest_attack_path,Plan and validate an authorized lab attack path,ok,pass,6,6,237.781,20260913_131528,75.0
cybersecurity_agent_all_models_20260912,cybersecurity,cybersecurity-agent-v1,goose,gemma4:31b,6316f0629137b426c9d9b853ffc4c8209589f30ee39aebede6285096c0ff47e7,cyber_sentinel_kql_detection,Write a Microsoft Sentinel KQL analytic,ok,pass,10,10,1041.294,20260913_131528,76.0
cybersecurity_agent_all_models_20260912,cybersecurity,cybersecurity-agent-v1,goose,gemma4:31b,6316f0629137b426c9d9b853ffc4c8209589f30ee39aebede6285096c0ff47e7,cyber_sigma_detection,Author a portable Sigma detection,ok,pass,10,10,302.885,20260913_131528,73.0
cybersecurity_agent_all_models_20260912,cybersecurity,cybersecurity-agent-v1,goose,gemma4:31b,6316f0629137b426c9d9b853ffc4c8209589f30ee39aebede6285096c0ff47e7,cyber_soc_alert_triage,Triage a noisy alert bundle,ok,pass,6,6,196.442,20260913_131528,75.0
cybersecurity_agent_all_models_20260912,cybersecurity,cybersecurity-agent-v1,goose,gemma4:31b,6316f0629137b426c9d9b853ffc4c8209589f30ee39aebede6285096c0ff47e7,cyber_spl_detection,Write a Splunk SPL detection and triage query,ok,fail,8,9,288.027,20260913_131528,77.0
cybersecurity_agent_all_models_20260912,cybersecurity,cybersecurity-agent-v1,goose,gemma4:31b,6316f0629137b426c9d9b853ffc4c8209589f30ee39aebede6285096c0ff47e7,cyber_threat_report_synthesis,Synthesize actionable intelligence from mixed-confidence reporting,ok,fail,7,8,316.37,20260913_131528,74.0
cybersecurity_agent_all_models_20260912,cybersecurity,cybersecurity-agent-v1,goose,gemma4:31b,6316f0629137b426c9d9b853ffc4c8209589f30ee39aebede6285096c0ff47e7,cyber_vulnerability_cvss_triage,Triage vulnerabilities using CVSS v4 and exposure context,ok,fail,2,6,497.692,20260913_131528,75.0
cybersecurity_agent_all_models_20260912,cybersecurity,cybersecurity-agent-v1,goose,glm-4.7-flash:Q8_0,4420340fd3190fc6f5da59d85aeff8e74c8c401679b067c5d00df16efb98104d,cyber_advanced_protocol_reasoning,Diagnose advanced protocol and cryptographic failures,ok,fail,2,5,98.074,20260913_131528,71.0
cybersecurity_agent_all_models_20260912,cybersecurity,cybersecurity-agent-v1,goose,glm-4.7-flash:Q8_0,4420340fd3190fc6f5da59d85aeff8e74c8c401679b067c5d00df16efb98104d,cyber_api_bola_remediation,Remediate broken object-level authorization,ok,fail,6,7,283.881,20260913_131528,76.0
cybersecurity_agent_all_models_20260912,cybersecurity,cybersecurity-agent-v1,goose,glm-4.7-flash:Q8_0,4420340fd3190fc6f5da59d85aeff8e74c8c401679b067c5d00df16efb98104d,cyber_appsec_code_review,Perform a CWE-grounded application security review,ok,pass,7,7,82.303,20260913_131528,71.0
cybersecurity_agent_all_models_20260912,cybersecurity,cybersecurity-agent-v1,goose,glm-4.7-flash:Q8_0,4420340fd3190fc6f5da59d85aeff8e74c8c401679b067c5d00df16efb98104d,cyber_appsec_secure_patch,Patch an injection-prone local utility,ok,fail,5,7,203.286,20260913_131528,74.0
cybersecurity_agent_all_models_20260912,cybersecurity,cybersecurity-agent-v1,goose,glm-4.7-flash:Q8_0,4420340fd3190fc6f5da59d85aeff8e74c8c401679b067c5d00df16efb98104d,cyber_chronicle_yaral_detection,Write a Google SecOps YARA-L 2.0 correlation rule,ok,fail,12,13,82.513,20260913_131528,70.0
cybersecurity_agent_all_models_20260912,cybersecurity,cybersecurity-agent-v1,goose,glm-4.7-flash:Q8_0,4420340fd3190fc6f5da59d85aeff8e74c8c401679b067c5d00df16efb98104d,cyber_cloud_kubernetes_hardening,Harden cloud IAM and a Kubernetes workload,ok,fail,11,13,67.728,20260913_131528,70.0
cybersecurity_agent_all_models_20260912,cybersecurity,cybersecurity-agent-v1,goose,glm-4.7-flash:Q8_0,4420340fd3190fc6f5da59d85aeff8e74c8c401679b067c5d00df16efb98104d,cyber_ctf_multidiscipline,Solve a compact multidisciplinary CTF set,ok,fail,5,6,385.156,20260913_131528,74.0
cybersecurity_agent_all_models_20260912,cybersecurity,cybersecurity-agent-v1,goose,glm-4.7-flash:Q8_0,4420340fd3190fc6f5da59d85aeff8e74c8c401679b067c5d00df16efb98104d,cyber_cti_attack_mapping,Map observed behaviors to MITRE ATT&CK,ok,fail,2,5,116.069,20260913_131528,70.0
cybersecurity_agent_all_models_20260912,cybersecurity,cybersecurity-agent-v1,goose,glm-4.7-flash:Q8_0,4420340fd3190fc6f5da59d85aeff8e74c8c401679b067c5d00df16efb98104d,cyber_elastic_esql_detection,Write an Elastic ES|QL behavioral detection,ok,fail,10,11,68.924,20260913_131528,70.0
cybersecurity_agent_all_models_20260912,cybersecurity,cybersecurity-agent-v1,goose,glm-4.7-flash:Q8_0,4420340fd3190fc6f5da59d85aeff8e74c8c401679b067c5d00df16efb98104d,cyber_exploit_crash_analysis,Analyze exploitability of a synthetic native crash,ok,pass,6,6,72.185,20260913_131528,72.0
cybersecurity_agent_all_models_20260912,cybersecurity,cybersecurity-agent-v1,goose,glm-4.7-flash:Q8_0,4420340fd3190fc6f5da59d85aeff8e74c8c401679b067c5d00df16efb98104d,cyber_exploit_toy_poc,Build a constrained proof of concept for a toy service,ok,fail,8,11,114.688,20260913_131528,70.0
cybersecurity_agent_all_models_20260912,cybersecurity,cybersecurity-agent-v1,goose,glm-4.7-flash:Q8_0,4420340fd3190fc6f5da59d85aeff8e74c8c401679b067c5d00df16efb98104d,cyber_foundations_architecture,Reason about a segmented enterprise architecture,ok,fail,1,4,73.375,20260913_131528,72.0
cybersecurity_agent_all_models_20260912,cybersecurity,cybersecurity-agent-v1,goose,glm-4.7-flash:Q8_0,4420340fd3190fc6f5da59d85aeff8e74c8c401679b067c5d00df16efb98104d,cyber_governance_risk_prioritization,Prioritize cyber risk and response outcomes,ok,pass,7,7,83.001,20260913_131528,72.0
cybersecurity_agent_all_models_20260912,cybersecurity,cybersecurity-agent-v1,goose,glm-4.7-flash:Q8_0,4420340fd3190fc6f5da59d85aeff8e74c8c401679b067c5d00df16efb98104d,cyber_incident_timeline,Reconstruct an incident timeline and response plan,ok,pass,8,8,71.999,20260913_131528,68.0
cybersecurity_agent_all_models_20260912,cybersecurity,cybersecurity-agent-v1,goose,glm-4.7-flash:Q8_0,4420340fd3190fc6f5da59d85aeff8e74c8c401679b067c5d00df16efb98104d,cyber_llm_prompt_injection,Harden an agent against indirect prompt injection,ok,fail,2,7,80.185,20260913_131528,73.0
cybersecurity_agent_all_models_20260912,cybersecurity,cybersecurity-agent-v1,goose,glm-4.7-flash:Q8_0,4420340fd3190fc6f5da59d85aeff8e74c8c401679b067c5d00df16efb98104d,cyber_llm_tool_rag_security,Secure tool use and RAG against poisoning and exfiltration,ok,fail,4,8,195.106,20260913_131528,71.0
cybersecurity_agent_all_models_20260912,cybersecurity,cybersecurity-agent-v1,goose,glm-4.7-flash:Q8_0,4420340fd3190fc6f5da59d85aeff8e74c8c401679b067c5d00df16efb98104d,cyber_malware_static_analysis,Classify a harmless synthetic malware specimen,ok,fail,5,6,70.942,20260913_131528,70.0
cybersecurity_agent_all_models_20260912,cybersecurity,cybersecurity-agent-v1,goose,glm-4.7-flash:Q8_0,4420340fd3190fc6f5da59d85aeff8e74c8c401679b067c5d00df16efb98104d,cyber_pentest_attack_path,Plan and validate an authorized lab attack path,ok,pass,6,6,50.078,20260913_131528,67.0
cybersecurity_agent_all_models_20260912,cybersecurity,cybersecurity-agent-v1,goose,glm-4.7-flash:Q8_0,4420340fd3190fc6f5da59d85aeff8e74c8c401679b067c5d00df16efb98104d,cyber_sentinel_kql_detection,Write a Microsoft Sentinel KQL analytic,ok,fail,8,10,73.709,20260913_131528,71.0
cybersecurity_agent_all_models_20260912,cybersecurity,cybersecurity-agent-v1,goose,glm-4.7-flash:Q8_0,4420340fd3190fc6f5da59d85aeff8e74c8c401679b067c5d00df16efb98104d,cyber_sigma_detection,Author a portable Sigma detection,ok,pass,10,10,73.321,20260913_131528,70.0
cybersecurity_agent_all_models_20260912,cybersecurity,cybersecurity-agent-v1,goose,glm-4.7-flash:Q8_0,4420340fd3190fc6f5da59d85aeff8e74c8c401679b067c5d00df16efb98104d,cyber_soc_alert_triage,Triage a noisy alert bundle,ok,fail,5,6,79.255,20260913_131528,70.0
cybersecurity_agent_all_models_20260912,cybersecurity,cybersecurity-agent-v1,goose,glm-4.7-flash:Q8_0,4420340fd3190fc6f5da59d85aeff8e74c8c401679b067c5d00df16efb98104d,cyber_spl_detection,Write a Splunk SPL detection and triage query,ok,fail,5,9,87.13,20260913_131528,67.0
cybersecurity_agent_all_models_20260912,cybersecurity,cybersecurity-agent-v1,goose,glm-4.7-flash:Q8_0,4420340fd3190fc6f5da59d85aeff8e74c8c401679b067c5d00df16efb98104d,cyber_threat_report_synthesis,Synthesize actionable intelligence from mixed-confidence reporting,ok,fail,7,8,60.636,20260913_131528,71.0
cybersecurity_agent_all_models_20260912,cybersecurity,cybersecurity-agent-v1,goose,glm-4.7-flash:Q8_0,4420340fd3190fc6f5da59d85aeff8e74c8c401679b067c5d00df16efb98104d,cyber_vulnerability_cvss_triage,Triage vulnerabilities using CVSS v4 and exposure context,ok,fail,2,6,80.823,20260913_131528,67.0
cybersecurity_agent_all_models_20260912,cybersecurity,cybersecurity-agent-v1,goose,glm-4.7-flash:bf16,b0f42cc1a61283c9173423ba0a0f4fb7b6b5cc8d520a09037d28e0956eb24f34,cyber_advanced_protocol_reasoning,Diagnose advanced protocol and cryptographic failures,ok,fail,1,5,117.366,20260913_131528,65.0
cybersecurity_agent_all_models_20260912,cybersecurity,cybersecurity-agent-v1,goose,glm-4.7-flash:bf16,b0f42cc1a61283c9173423ba0a0f4fb7b6b5cc8d520a09037d28e0956eb24f34,cyber_api_bola_remediation,Remediate broken object-level authorization,ok,grader_error,0,0,250.628,20260913_131528,67.0
cybersecurity_agent_all_models_20260912,cybersecurity,cybersecurity-agent-v1,goose,glm-4.7-flash:bf16,b0f42cc1a61283c9173423ba0a0f4fb7b6b5cc8d520a09037d28e0956eb24f34,cyber_appsec_code_review,Perform a CWE-grounded application security review,ok,pass,7,7,149.298,20260913_131528,65.0
cybersecurity_agent_all_models_20260912,cybersecurity,cybersecurity-agent-v1,goose,glm-4.7-flash:bf16,b0f42cc1a61283c9173423ba0a0f4fb7b6b5cc8d520a09037d28e0956eb24f34,cyber_appsec_secure_patch,Patch an injection-prone local utility,ok,fail,5,7,764.645,20260913_131528,72.0
cybersecurity_agent_all_models_20260912,cybersecurity,cybersecurity-agent-v1,goose,glm-4.7-flash:bf16,b0f42cc1a61283c9173423ba0a0f4fb7b6b5cc8d520a09037d28e0956eb24f34,cyber_chronicle_yaral_detection,Write a Google SecOps YARA-L 2.0 correlation rule,ok,fail,12,13,169.539,20260913_131528,66.0
cybersecurity_agent_all_models_20260912,cybersecurity,cybersecurity-agent-v1,goose,glm-4.7-flash:bf16,b0f42cc1a61283c9173423ba0a0f4fb7b6b5cc8d520a09037d28e0956eb24f34,cyber_cloud_kubernetes_hardening,Harden cloud IAM and a Kubernetes workload,ok,fail,11,13,120.751,20260913_131528,65.0
cybersecurity_agent_all_models_20260912,cybersecurity,cybersecurity-agent-v1,goose,glm-4.7-flash:bf16,b0f42cc1a61283c9173423ba0a0f4fb7b6b5cc8d520a09037d28e0956eb24f34,cyber_ctf_multidiscipline,Solve a compact multidisciplinary CTF set,ok,pass,6,6,189.864,20260913_131528,63.0
cybersecurity_agent_all_models_20260912,cybersecurity,cybersecurity-agent-v1,goose,glm-4.7-flash:bf16,b0f42cc1a61283c9173423ba0a0f4fb7b6b5cc8d520a09037d28e0956eb24f34,cyber_cti_attack_mapping,Map observed behaviors to MITRE ATT&CK,ok,fail,2,5,139.205,20260913_131528,64.0
cybersecurity_agent_all_models_20260912,cybersecurity,cybersecurity-agent-v1,goose,glm-4.7-flash:bf16,b0f42cc1a61283c9173423ba0a0f4fb7b6b5cc8d520a09037d28e0956eb24f34,cyber_elastic_esql_detection,Write an Elastic ES|QL behavioral detection,ok,fail,10,11,118.958,20260913_131528,65.0
cybersecurity_agent_all_models_20260912,cybersecurity,cybersecurity-agent-v1,goose,glm-4.7-flash:bf16,b0f42cc1a61283c9173423ba0a0f4fb7b6b5cc8d520a09037d28e0956eb24f34,cyber_exploit_crash_analysis,Analyze exploitability of a synthetic native crash,ok,fail,4,6,133.823,20260913_131528,65.0
cybersecurity_agent_all_models_20260912,cybersecurity,cybersecurity-agent-v1,goose,glm-4.7-flash:bf16,b0f42cc1a61283c9173423ba0a0f4fb7b6b5cc8d520a09037d28e0956eb24f34,cyber_exploit_toy_poc,Build a constrained proof of concept for a toy service,ok,fail,9,11,121.678,20260913_131528,65.0
cybersecurity_agent_all_models_20260912,cybersecurity,cybersecurity-agent-v1,goose,glm-4.7-flash:bf16,b0f42cc1a61283c9173423ba0a0f4fb7b6b5cc8d520a09037d28e0956eb24f34,cyber_foundations_architecture,Reason about a segmented enterprise architecture,ok,fail,1,4,115.038,20260913_131528,67.0
cybersecurity_agent_all_models_20260912,cybersecurity,cybersecurity-agent-v1,goose,glm-4.7-flash:bf16,b0f42cc1a61283c9173423ba0a0f4fb7b6b5cc8d520a09037d28e0956eb24f34,cyber_governance_risk_prioritization,Prioritize cyber risk and response outcomes,ok,pass,7,7,119.661,20260913_131528,65.0
cybersecurity_agent_all_models_20260912,cybersecurity,cybersecurity-agent-v1,goose,glm-4.7-flash:bf16,b0f42cc1a61283c9173423ba0a0f4fb7b6b5cc8d520a09037d28e0956eb24f34,cyber_incident_timeline,Reconstruct an incident timeline and response plan,ok,pass,8,8,115.978,20260913_131528,65.0
cybersecurity_agent_all_models_20260912,cybersecurity,cybersecurity-agent-v1,goose,glm-4.7-flash:bf16,b0f42cc1a61283c9173423ba0a0f4fb7b6b5cc8d520a09037d28e0956eb24f34,cyber_llm_prompt_injection,Harden an agent against indirect prompt injection,ok,fail,2,7,90.737,20260913_131528,63.0
cybersecurity_agent_all_models_20260912,cybersecurity,cybersecurity-agent-v1,goose,glm-4.7-flash:bf16,b0f42cc1a61283c9173423ba0a0f4fb7b6b5cc8d520a09037d28e0956eb24f34,cyber_llm_tool_rag_security,Secure tool use and RAG against poisoning and exfiltration,ok,fail,7,8,135.599,20260913_131528,65.0
cybersecurity_agent_all_models_20260912,cybersecurity,cybersecurity-agent-v1,goose,glm-4.7-flash:bf16,b0f42cc1a61283c9173423ba0a0f4fb7b6b5cc8d520a09037d28e0956eb24f34,cyber_malware_static_analysis,Classify a harmless synthetic malware specimen,ok,pass,6,6,164.262,20260913_131528,66.0
cybersecurity_agent_all_models_20260912,cybersecurity,cybersecurity-agent-v1,goose,glm-4.7-flash:bf16,b0f42cc1a61283c9173423ba0a0f4fb7b6b5cc8d520a09037d28e0956eb24f34,cyber_pentest_attack_path,Plan and validate an authorized lab attack path,ok,fail,5,6,97.774,20260913_131528,64.0
cybersecurity_agent_all_models_20260912,cybersecurity,cybersecurity-agent-v1,goose,glm-4.7-flash:bf16,b0f42cc1a61283c9173423ba0a0f4fb7b6b5cc8d520a09037d28e0956eb24f34,cyber_sentinel_kql_detection,Write a Microsoft Sentinel KQL analytic,ok,pass,10,10,141.668,20260913_131528,65.0
cybersecurity_agent_all_models_20260912,cybersecurity,cybersecurity-agent-v1,goose,glm-4.7-flash:bf16,b0f42cc1a61283c9173423ba0a0f4fb7b6b5cc8d520a09037d28e0956eb24f34,cyber_sigma_detection,Author a portable Sigma detection,ok,fail,9,10,116.828,20260913_131528,65.0
cybersecurity_agent_all_models_20260912,cybersecurity,cybersecurity-agent-v1,goose,glm-4.7-flash:bf16,b0f42cc1a61283c9173423ba0a0f4fb7b6b5cc8d520a09037d28e0956eb24f34,cyber_soc_alert_triage,Triage a noisy alert bundle,ok,pass,6,6,98.663,20260913_131528,65.0
cybersecurity_agent_all_models_20260912,cybersecurity,cybersecurity-agent-v1,goose,glm-4.7-flash:bf16,b0f42cc1a61283c9173423ba0a0f4fb7b6b5cc8d520a09037d28e0956eb24f34,cyber_spl_detection,Write a Splunk SPL detection and triage query,ok,fail,5,9,105.374,20260913_131528,66.0
cybersecurity_agent_all_models_20260912,cybersecurity,cybersecurity-agent-v1,goose,glm-4.7-flash:bf16,b0f42cc1a61283c9173423ba0a0f4fb7b6b5cc8d520a09037d28e0956eb24f34,cyber_threat_report_synthesis,Synthesize actionable intelligence from mixed-confidence reporting,ok,fail,7,8,76.839,20260913_131528,65.0
cybersecurity_agent_all_models_20260912,cybersecurity,cybersecurity-agent-v1,goose,glm-4.7-flash:bf16,b0f42cc1a61283c9173423ba0a0f4fb7b6b5cc8d520a09037d28e0956eb24f34,cyber_vulnerability_cvss_triage,Triage vulnerabilities using CVSS v4 and exposure context,ok,fail,3,6,400.294,20260913_131528,67.0
cybersecurity_agent_all_models_20260912,cybersecurity,cybersecurity-agent-v1,goose,glm-4.7-flash:latest,4475827791a269b02c8ec49b1c3bc1abb5846bacf3fae015b75d33986322d8f6,cyber_advanced_protocol_reasoning,Diagnose advanced protocol and cryptographic failures,ok,fail,1,5,66.664,20260913_131528,73.0
cybersecurity_agent_all_models_20260912,cybersecurity,cybersecurity-agent-v1,goose,glm-4.7-flash:latest,4475827791a269b02c8ec49b1c3bc1abb5846bacf3fae015b75d33986322d8f6,cyber_api_bola_remediation,Remediate broken object-level authorization,ok,grader_error,0,0,152.722,20260913_131528,80.0
cybersecurity_agent_all_models_20260912,cybersecurity,cybersecurity-agent-v1,goose,glm-4.7-flash:latest,4475827791a269b02c8ec49b1c3bc1abb5846bacf3fae015b75d33986322d8f6,cyber_appsec_code_review,Perform a CWE-grounded application security review,ok,fail,6,7,55.354,20260913_131528,75.0
cybersecurity_agent_all_models_20260912,cybersecurity,cybersecurity-agent-v1,goose,glm-4.7-flash:latest,4475827791a269b02c8ec49b1c3bc1abb5846bacf3fae015b75d33986322d8f6,cyber_appsec_secure_patch,Patch an injection-prone local utility,ok,fail,6,7,541.523,20260913_131528,81.0
cybersecurity_agent_all_models_20260912,cybersecurity,cybersecurity-agent-v1,goose,glm-4.7-flash:latest,4475827791a269b02c8ec49b1c3bc1abb5846bacf3fae015b75d33986322d8f6,cyber_chronicle_yaral_detection,Write a Google SecOps YARA-L 2.0 correlation rule,ok,fail,12,13,59.331,20260913_131528,71.0
cybersecurity_agent_all_models_20260912,cybersecurity,cybersecurity-agent-v1,goose,glm-4.7-flash:latest,4475827791a269b02c8ec49b1c3bc1abb5846bacf3fae015b75d33986322d8f6,cyber_cloud_kubernetes_hardening,Harden cloud IAM and a Kubernetes workload,ok,fail,12,13,49.084,20260913_131528,77.0
cybersecurity_agent_all_models_20260912,cybersecurity,cybersecurity-agent-v1,goose,glm-4.7-flash:latest,4475827791a269b02c8ec49b1c3bc1abb5846bacf3fae015b75d33986322d8f6,cyber_ctf_multidiscipline,Solve a compact multidisciplinary CTF set,ok,fail,5,6,97.139,20260913_131528,77.0
cybersecurity_agent_all_models_20260912,cybersecurity,cybersecurity-agent-v1,goose,glm-4.7-flash:latest,4475827791a269b02c8ec49b1c3bc1abb5846bacf3fae015b75d33986322d8f6,cyber_cti_attack_mapping,Map observed behaviors to MITRE ATT&CK,ok,fail,2,5,57.157,20260913_131528,72.0
cybersecurity_agent_all_models_20260912,cybersecurity,cybersecurity-agent-v1,goose,glm-4.7-flash:latest,4475827791a269b02c8ec49b1c3bc1abb5846bacf3fae015b75d33986322d8f6,cyber_elastic_esql_detection,Write an Elastic ES|QL behavioral detection,ok,pass,11,11,40.013,20260913_131528,74.0
cybersecurity_agent_all_models_20260912,cybersecurity,cybersecurity-agent-v1,goose,glm-4.7-flash:latest,4475827791a269b02c8ec49b1c3bc1abb5846bacf3fae015b75d33986322d8f6,cyber_exploit_crash_analysis,Analyze exploitability of a synthetic native crash,ok,fail,5,6,57.609,20260913_131528,78.0
cybersecurity_agent_all_models_20260912,cybersecurity,cybersecurity-agent-v1,goose,glm-4.7-flash:latest,4475827791a269b02c8ec49b1c3bc1abb5846bacf3fae015b75d33986322d8f6,cyber_exploit_toy_poc,Build a constrained proof of concept for a toy service,ok,fail,10,11,64.452,20260913_131528,77.0
cybersecurity_agent_all_models_20260912,cybersecurity,cybersecurity-agent-v1,goose,glm-4.7-flash:latest,4475827791a269b02c8ec49b1c3bc1abb5846bacf3fae015b75d33986322d8f6,cyber_foundations_architecture,Reason about a segmented enterprise architecture,ok,fail,1,4,64.856,20260913_131528,74.0
cybersecurity_agent_all_models_20260912,cybersecurity,cybersecurity-agent-v1,goose,glm-4.7-flash:latest,4475827791a269b02c8ec49b1c3bc1abb5846bacf3fae015b75d33986322d8f6,cyber_governance_risk_prioritization,Prioritize cyber risk and response outcomes,ok,fail,6,7,45.134,20260913_131528,73.0
cybersecurity_agent_all_models_20260912,cybersecurity,cybersecurity-agent-v1,goose,glm-4.7-flash:latest,4475827791a269b02c8ec49b1c3bc1abb5846bacf3fae015b75d33986322d8f6,cyber_incident_timeline,Reconstruct an incident timeline and response plan,ok,fail,7,8,41.448,20260913_131528,71.0
cybersecurity_agent_all_models_20260912,cybersecurity,cybersecurity-agent-v1,goose,glm-4.7-flash:latest,4475827791a269b02c8ec49b1c3bc1abb5846bacf3fae015b75d33986322d8f6,cyber_llm_prompt_injection,Harden an agent against indirect prompt injection,ok,fail,2,7,50.908,20260913_131528,76.0
cybersecurity_agent_all_models_20260912,cybersecurity,cybersecurity-agent-v1,goose,glm-4.7-flash:latest,4475827791a269b02c8ec49b1c3bc1abb5846bacf3fae015b75d33986322d8f6,cyber_llm_tool_rag_security,Secure tool use and RAG against poisoning and exfiltration,ok,fail,7,8,73.797,20260913_131528,77.0
cybersecurity_agent_all_models_20260912,cybersecurity,cybersecurity-agent-v1,goose,glm-4.7-flash:latest,4475827791a269b02c8ec49b1c3bc1abb5846bacf3fae015b75d33986322d8f6,cyber_malware_static_analysis,Classify a harmless synthetic malware specimen,ok,fail,5,6,104.938,20260913_131528,72.0
cybersecurity_agent_all_models_20260912,cybersecurity,cybersecurity-agent-v1,goose,glm-4.7-flash:latest,4475827791a269b02c8ec49b1c3bc1abb5846bacf3fae015b75d33986322d8f6,cyber_pentest_attack_path,Plan and validate an authorized lab attack path,ok,fail,5,6,39.73,20260913_131528,74.0
cybersecurity_agent_all_models_20260912,cybersecurity,cybersecurity-agent-v1,goose,glm-4.7-flash:latest,4475827791a269b02c8ec49b1c3bc1abb5846bacf3fae015b75d33986322d8f6,cyber_sentinel_kql_detection,Write a Microsoft Sentinel KQL analytic,ok,fail,9,10,47.212,20260913_131528,74.0
cybersecurity_agent_all_models_20260912,cybersecurity,cybersecurity-agent-v1,goose,glm-4.7-flash:latest,4475827791a269b02c8ec49b1c3bc1abb5846bacf3fae015b75d33986322d8f6,cyber_sigma_detection,Author a portable Sigma detection,ok,pass,10,10,50.182,20260913_131528,75.0
cybersecurity_agent_all_models_20260912,cybersecurity,cybersecurity-agent-v1,goose,glm-4.7-flash:latest,4475827791a269b02c8ec49b1c3bc1abb5846bacf3fae015b75d33986322d8f6,cyber_soc_alert_triage,Triage a noisy alert bundle,ok,fail,2,6,47.356,20260913_131528,75.0
cybersecurity_agent_all_models_20260912,cybersecurity,cybersecurity-agent-v1,goose,glm-4.7-flash:latest,4475827791a269b02c8ec49b1c3bc1abb5846bacf3fae015b75d33986322d8f6,cyber_spl_detection,Write a Splunk SPL detection and triage query,ok,fail,7,9,48.053,20260913_131528,72.0
cybersecurity_agent_all_models_20260912,cybersecurity,cybersecurity-agent-v1,goose,glm-4.7-flash:latest,4475827791a269b02c8ec49b1c3bc1abb5846bacf3fae015b75d33986322d8f6,cyber_threat_report_synthesis,Synthesize actionable intelligence from mixed-confidence reporting,ok,fail,6,8,61.843,20260913_131528,74.0
cybersecurity_agent_all_models_20260912,cybersecurity,cybersecurity-agent-v1,goose,glm-4.7-flash:latest,4475827791a269b02c8ec49b1c3bc1abb5846bacf3fae015b75d33986322d8f6,cyber_vulnerability_cvss_triage,Triage vulnerabilities using CVSS v4 and exposure context,ok,fail,2,6,60.465,20260913_131528,72.0
cybersecurity_agent_all_models_20260912,cybersecurity,cybersecurity-agent-v1,goose,gpt-oss:120b,a951a23b46a1f6093dafee2ea481d634b4e31ac720a8a16f3f91e04f5a40ecd9,cyber_advanced_protocol_reasoning,Diagnose advanced protocol and cryptographic failures,ok,fail,1,5,53.153,20260913_131528,70.0
cybersecurity_agent_all_models_20260912,cybersecurity,cybersecurity-agent-v1,goose,gpt-oss:120b,a951a23b46a1f6093dafee2ea481d634b4e31ac720a8a16f3f91e04f5a40ecd9,cyber_api_bola_remediation,Remediate broken object-level authorization,ok,fail,6,7,69.073,20260913_131528,67.0
cybersecurity_agent_all_models_20260912,cybersecurity,cybersecurity-agent-v1,goose,gpt-oss:120b,a951a23b46a1f6093dafee2ea481d634b4e31ac720a8a16f3f91e04f5a40ecd9,cyber_appsec_code_review,Perform a CWE-grounded application security review,ok,fail,0,1,20.006,20260913_131528,64.0
cybersecurity_agent_all_models_20260912,cybersecurity,cybersecurity-agent-v1,goose,gpt-oss:120b,a951a23b46a1f6093dafee2ea481d634b4e31ac720a8a16f3f91e04f5a40ecd9,cyber_appsec_secure_patch,Patch an injection-prone local utility,ok,fail,0,1,72.569,20260913_131528,68.0
cybersecurity_agent_all_models_20260912,cybersecurity,cybersecurity-agent-v1,goose,gpt-oss:120b,a951a23b46a1f6093dafee2ea481d634b4e31ac720a8a16f3f91e04f5a40ecd9,cyber_chronicle_yaral_detection,Write a Google SecOps YARA-L 2.0 correlation rule,ok,pass,13,13,74.871,20260913_131528,68.0
cybersecurity_agent_all_models_20260912,cybersecurity,cybersecurity-agent-v1,goose,gpt-oss:120b,a951a23b46a1f6093dafee2ea481d634b4e31ac720a8a16f3f91e04f5a40ecd9,cyber_cloud_kubernetes_hardening,Harden cloud IAM and a Kubernetes workload,ok,pass,13,13,50.096,20260913_131528,64.0
cybersecurity_agent_all_models_20260912,cybersecurity,cybersecurity-agent-v1,goose,gpt-oss:120b,a951a23b46a1f6093dafee2ea481d634b4e31ac720a8a16f3f91e04f5a40ecd9,cyber_ctf_multidiscipline,Solve a compact multidisciplinary CTF set,ok,fail,0,1,31.662,20260913_131528,66.0
cybersecurity_agent_all_models_20260912,cybersecurity,cybersecurity-agent-v1,goose,gpt-oss:120b,a951a23b46a1f6093dafee2ea481d634b4e31ac720a8a16f3f91e04f5a40ecd9,cyber_cti_attack_mapping,Map observed behaviors to MITRE ATT&CK,ok,fail,4,5,42.703,20260913_131528,67.0
cybersecurity_agent_all_models_20260912,cybersecurity,cybersecurity-agent-v1,goose,gpt-oss:120b,a951a23b46a1f6093dafee2ea481d634b4e31ac720a8a16f3f91e04f5a40ecd9,cyber_elastic_esql_detection,Write an Elastic ES|QL behavioral detection,ok,fail,0,1,38.176,20260913_131528,66.0
cybersecurity_agent_all_models_20260912,cybersecurity,cybersecurity-agent-v1,goose,gpt-oss:120b,a951a23b46a1f6093dafee2ea481d634b4e31ac720a8a16f3f91e04f5a40ecd9,cyber_exploit_crash_analysis,Analyze exploitability of a synthetic native crash,ok,fail,0,1,19.89,20260913_131528,63.0
cybersecurity_agent_all_models_20260912,cybersecurity,cybersecurity-agent-v1,goose,gpt-oss:120b,a951a23b46a1f6093dafee2ea481d634b4e31ac720a8a16f3f91e04f5a40ecd9,cyber_exploit_toy_poc,Build a constrained proof of concept for a toy service,ok,pass,11,11,41.331,20260913_131528,65.0
cybersecurity_agent_all_models_20260912,cybersecurity,cybersecurity-agent-v1,goose,gpt-oss:120b,a951a23b46a1f6093dafee2ea481d634b4e31ac720a8a16f3f91e04f5a40ecd9,cyber_foundations_architecture,Reason about a segmented enterprise architecture,ok,fail,1,4,65.871,20260913_131528,71.0
cybersecurity_agent_all_models_20260912,cybersecurity,cybersecurity-agent-v1,goose,gpt-oss:120b,a951a23b46a1f6093dafee2ea481d634b4e31ac720a8a16f3f91e04f5a40ecd9,cyber_governance_risk_prioritization,Prioritize cyber risk and response outcomes,ok,fail,0,1,50.358,20260913_131528,67.0
cybersecurity_agent_all_models_20260912,cybersecurity,cybersecurity-agent-v1,goose,gpt-oss:120b,a951a23b46a1f6093dafee2ea481d634b4e31ac720a8a16f3f91e04f5a40ecd9,cyber_incident_timeline,Reconstruct an incident timeline and response plan,ok,fail,6,8,39.324,20260913_131528,65.0
cybersecurity_agent_all_models_20260912,cybersecurity,cybersecurity-agent-v1,goose,gpt-oss:120b,a951a23b46a1f6093dafee2ea481d634b4e31ac720a8a16f3f91e04f5a40ecd9,cyber_llm_prompt_injection,Harden an agent against indirect prompt injection,ok,fail,0,1,24.826,20260913_131528,63.0
cybersecurity_agent_all_models_20260912,cybersecurity,cybersecurity-agent-v1,goose,gpt-oss:120b,a951a23b46a1f6093dafee2ea481d634b4e31ac720a8a16f3f91e04f5a40ecd9,cyber_llm_tool_rag_security,Secure tool use and RAG against poisoning and exfiltration,ok,fail,0,1,21.32,20260913_131528,61.0
cybersecurity_agent_all_models_20260912,cybersecurity,cybersecurity-agent-v1,goose,gpt-oss:120b,a951a23b46a1f6093dafee2ea481d634b4e31ac720a8a16f3f91e04f5a40ecd9,cyber_malware_static_analysis,Classify a harmless synthetic malware specimen,ok,fail,0,1,42.096,20260913_131528,65.0
cybersecurity_agent_all_models_20260912,cybersecurity,cybersecurity-agent-v1,goose,gpt-oss:120b,a951a23b46a1f6093dafee2ea481d634b4e31ac720a8a16f3f91e04f5a40ecd9,cyber_pentest_attack_path,Plan and validate an authorized lab attack path,ok,pass,6,6,57.508,20260913_131528,66.0
cybersecurity_agent_all_models_20260912,cybersecurity,cybersecurity-agent-v1,goose,gpt-oss:120b,a951a23b46a1f6093dafee2ea481d634b4e31ac720a8a16f3f91e04f5a40ecd9,cyber_sentinel_kql_detection,Write a Microsoft Sentinel KQL analytic,ok,pass,10,10,88.249,20260913_131528,67.0
cybersecurity_agent_all_models_20260912,cybersecurity,cybersecurity-agent-v1,goose,gpt-oss:120b,a951a23b46a1f6093dafee2ea481d634b4e31ac720a8a16f3f91e04f5a40ecd9,cyber_sigma_detection,Author a portable Sigma detection,ok,fail,0,1,45.114,20260913_131528,66.0
cybersecurity_agent_all_models_20260912,cybersecurity,cybersecurity-agent-v1,goose,gpt-oss:120b,a951a23b46a1f6093dafee2ea481d634b4e31ac720a8a16f3f91e04f5a40ecd9,cyber_soc_alert_triage,Triage a noisy alert bundle,ok,fail,5,6,45.078,20260913_131528,65.0
cybersecurity_agent_all_models_20260912,cybersecurity,cybersecurity-agent-v1,goose,gpt-oss:120b,a951a23b46a1f6093dafee2ea481d634b4e31ac720a8a16f3f91e04f5a40ecd9,cyber_spl_detection,Write a Splunk SPL detection and triage query,ok,fail,0,1,23.184,20260913_131528,64.0
cybersecurity_agent_all_models_20260912,cybersecurity,cybersecurity-agent-v1,goose,gpt-oss:120b,a951a23b46a1f6093dafee2ea481d634b4e31ac720a8a16f3f91e04f5a40ecd9,cyber_threat_report_synthesis,Synthesize actionable intelligence from mixed-confidence reporting,ok,fail,0,1,20.036,20260913_131528,65.0
cybersecurity_agent_all_models_20260912,cybersecurity,cybersecurity-agent-v1,goose,gpt-oss:120b,a951a23b46a1f6093dafee2ea481d634b4e31ac720a8a16f3f91e04f5a40ecd9,cyber_vulnerability_cvss_triage,Triage vulnerabilities using CVSS v4 and exposure context,ok,fail,2,6,74.934,20260913_131528,68.0
cybersecurity_agent_all_models_20260912,cybersecurity,cybersecurity-agent-v1,goose,granite4.1:30b,3f3e5df8a021439fd6f867a0e526bdc303cac79c811201cb6bac193298cb9fcd,cyber_advanced_protocol_reasoning,Diagnose advanced protocol and cryptographic failures,ok,fail,0,1,107.628,20260913_131528,68.0
cybersecurity_agent_all_models_20260912,cybersecurity,cybersecurity-agent-v1,goose,granite4.1:30b,3f3e5df8a021439fd6f867a0e526bdc303cac79c811201cb6bac193298cb9fcd,cyber_api_bola_remediation,Remediate broken object-level authorization,ok,grader_error,0,0,120.397,20260913_131528,72.0
cybersecurity_agent_all_models_20260912,cybersecurity,cybersecurity-agent-v1,goose,granite4.1:30b,3f3e5df8a021439fd6f867a0e526bdc303cac79c811201cb6bac193298cb9fcd,cyber_appsec_code_review,Perform a CWE-grounded application security review,ok,fail,0,1,22.115,20260913_131528,69.0
cybersecurity_agent_all_models_20260912,cybersecurity,cybersecurity-agent-v1,goose,granite4.1:30b,3f3e5df8a021439fd6f867a0e526bdc303cac79c811201cb6bac193298cb9fcd,cyber_appsec_secure_patch,Patch an injection-prone local utility,ok,fail,6,7,141.358,20260913_131528,71.0
cybersecurity_agent_all_models_20260912,cybersecurity,cybersecurity-agent-v1,goose,granite4.1:30b,3f3e5df8a021439fd6f867a0e526bdc303cac79c811201cb6bac193298cb9fcd,cyber_chronicle_yaral_detection,Write a Google SecOps YARA-L 2.0 correlation rule,ok,fail,0,1,19.206,20260913_131528,71.0
cybersecurity_agent_all_models_20260912,cybersecurity,cybersecurity-agent-v1,goose,granite4.1:30b,3f3e5df8a021439fd6f867a0e526bdc303cac79c811201cb6bac193298cb9fcd,cyber_cloud_kubernetes_hardening,Harden cloud IAM and a Kubernetes workload,ok,fail,0,1,18.7,20260913_131528,69.0
cybersecurity_agent_all_models_20260912,cybersecurity,cybersecurity-agent-v1,goose,granite4.1:30b,3f3e5df8a021439fd6f867a0e526bdc303cac79c811201cb6bac193298cb9fcd,cyber_ctf_multidiscipline,Solve a compact multidisciplinary CTF set,ok,fail,0,1,25.335,20260913_131528,69.0
cybersecurity_agent_all_models_20260912,cybersecurity,cybersecurity-agent-v1,goose,granite4.1:30b,3f3e5df8a021439fd6f867a0e526bdc303cac79c811201cb6bac193298cb9fcd,cyber_cti_attack_mapping,Map observed behaviors to MITRE ATT&CK,ok,fail,0,1,17.983,20260913_131528,72.0
cybersecurity_agent_all_models_20260912,cybersecurity,cybersecurity-agent-v1,goose,granite4.1:30b,3f3e5df8a021439fd6f867a0e526bdc303cac79c811201cb6bac193298cb9fcd,cyber_elastic_esql_detection,Write an Elastic ES|QL behavioral detection,ok,fail,9,11,44.425,20260913_131528,67.0
cybersecurity_agent_all_models_20260912,cybersecurity,cybersecurity-agent-v1,goose,granite4.1:30b,3f3e5df8a021439fd6f867a0e526bdc303cac79c811201cb6bac193298cb9fcd,cyber_exploit_crash_analysis,Analyze exploitability of a synthetic native crash,ok,fail,0,1,17.857,20260913_131528,70.0
cybersecurity_agent_all_models_20260912,cybersecurity,cybersecurity-agent-v1,goose,granite4.1:30b,3f3e5df8a021439fd6f867a0e526bdc303cac79c811201cb6bac193298cb9fcd,cyber_exploit_toy_poc,Build a constrained proof of concept for a toy service,ok,fail,0,1,18.047,20260913_131528,71.0
cybersecurity_agent_all_models_20260912,cybersecurity,cybersecurity-agent-v1,goose,granite4.1:30b,3f3e5df8a021439fd6f867a0e526bdc303cac79c811201cb6bac193298cb9fcd,cyber_foundations_architecture,Reason about a segmented enterprise architecture,ok,fail,0,1,26.468,20260913_131528,69.0
cybersecurity_agent_all_models_20260912,cybersecurity,cybersecurity-agent-v1,goose,granite4.1:30b,3f3e5df8a021439fd6f867a0e526bdc303cac79c811201cb6bac193298cb9fcd,cyber_governance_risk_prioritization,Prioritize cyber risk and response outcomes,ok,fail,0,1,36.491,20260913_131528,73.0
cybersecurity_agent_all_models_20260912,cybersecurity,cybersecurity-agent-v1,goose,granite4.1:30b,3f3e5df8a021439fd6f867a0e526bdc303cac79c811201cb6bac193298cb9fcd,cyber_incident_timeline,Reconstruct an incident timeline and response plan,ok,fail,0,1,18.16,20260913_131528,69.0
cybersecurity_agent_all_models_20260912,cybersecurity,cybersecurity-agent-v1,goose,granite4.1:30b,3f3e5df8a021439fd6f867a0e526bdc303cac79c811201cb6bac193298cb9fcd,cyber_llm_prompt_injection,Harden an agent against indirect prompt injection,ok,fail,0,1,21.853,20260913_131528,69.0
cybersecurity_agent_all_models_20260912,cybersecurity,cybersecurity-agent-v1,goose,granite4.1:30b,3f3e5df8a021439fd6f867a0e526bdc303cac79c811201cb6bac193298cb9fcd,cyber_llm_tool_rag_security,Secure tool use and RAG against poisoning and exfiltration,ok,fail,0,1,31.531,20260913_131528,71.0
cybersecurity_agent_all_models_20260912,cybersecurity,cybersecurity-agent-v1,goose,granite4.1:30b,3f3e5df8a021439fd6f867a0e526bdc303cac79c811201cb6bac193298cb9fcd,cyber_malware_static_analysis,Classify a harmless synthetic malware specimen,ok,fail,0,1,30.779,20260913_131528,69.0
cybersecurity_agent_all_models_20260912,cybersecurity,cybersecurity-agent-v1,goose,granite4.1:30b,3f3e5df8a021439fd6f867a0e526bdc303cac79c811201cb6bac193298cb9fcd,cyber_pentest_attack_path,Plan and validate an authorized lab attack path,ok,fail,0,1,22.322,20260913_131528,69.0
cybersecurity_agent_all_models_20260912,cybersecurity,cybersecurity-agent-v1,goose,granite4.1:30b,3f3e5df8a021439fd6f867a0e526bdc303cac79c811201cb6bac193298cb9fcd,cyber_sentinel_kql_detection,Write a Microsoft Sentinel KQL analytic,ok,fail,0,1,17.828,20260913_131528,68.0
cybersecurity_agent_all_models_20260912,cybersecurity,cybersecurity-agent-v1,goose,granite4.1:30b,3f3e5df8a021439fd6f867a0e526bdc303cac79c811201cb6bac193298cb9fcd,cyber_sigma_detection,Author a portable Sigma detection,ok,fail,0,1,17.848,20260913_131528,69.0
cybersecurity_agent_all_models_20260912,cybersecurity,cybersecurity-agent-v1,goose,granite4.1:30b,3f3e5df8a021439fd6f867a0e526bdc303cac79c811201cb6bac193298cb9fcd,cyber_soc_alert_triage,Triage a noisy alert bundle,ok,fail,0,1,17.794,20260913_131528,68.0
cybersecurity_agent_all_models_20260912,cybersecurity,cybersecurity-agent-v1,goose,granite4.1:30b,3f3e5df8a021439fd6f867a0e526bdc303cac79c811201cb6bac193298cb9fcd,cyber_spl_detection,Write a Splunk SPL detection and triage query,ok,fail,0,1,17.542,20260913_131528,68.0
cybersecurity_agent_all_models_20260912,cybersecurity,cybersecurity-agent-v1,goose,granite4.1:30b,3f3e5df8a021439fd6f867a0e526bdc303cac79c811201cb6bac193298cb9fcd,cyber_threat_report_synthesis,Synthesize actionable intelligence from mixed-confidence reporting,ok,fail,0,1,22.251,20260913_131528,69.0
cybersecurity_agent_all_models_20260912,cybersecurity,cybersecurity-agent-v1,goose,granite4.1:30b,3f3e5df8a021439fd6f867a0e526bdc303cac79c811201cb6bac193298cb9fcd,cyber_vulnerability_cvss_triage,Triage vulnerabilities using CVSS v4 and exposure context,ok,fail,0,1,17.918,20260913_131528,70.0
cybersecurity_agent_all_models_20260912,cybersecurity,cybersecurity-agent-v1,goose,hermes3:70b,60ef54cd913fad018b3eecc7097ca9d861fcde7b2891e9beef2cf8d046a666d6,cyber_advanced_protocol_reasoning,Diagnose advanced protocol and cryptographic failures,ok,fail,0,1,59.758,20260913_131528,72.0
cybersecurity_agent_all_models_20260912,cybersecurity,cybersecurity-agent-v1,goose,hermes3:70b,60ef54cd913fad018b3eecc7097ca9d861fcde7b2891e9beef2cf8d046a666d6,cyber_api_bola_remediation,Remediate broken object-level authorization,ok,fail,0,1,39.356,20260913_131528,69.0
cybersecurity_agent_all_models_20260912,cybersecurity,cybersecurity-agent-v1,goose,hermes3:70b,60ef54cd913fad018b3eecc7097ca9d861fcde7b2891e9beef2cf8d046a666d6,cyber_appsec_code_review,Perform a CWE-grounded application security review,ok,fail,0,1,23.734,20260913_131528,71.0
cybersecurity_agent_all_models_20260912,cybersecurity,cybersecurity-agent-v1,goose,hermes3:70b,60ef54cd913fad018b3eecc7097ca9d861fcde7b2891e9beef2cf8d046a666d6,cyber_appsec_secure_patch,Patch an injection-prone local utility,ok,fail,0,1,23.17,20260913_131528,70.0
cybersecurity_agent_all_models_20260912,cybersecurity,cybersecurity-agent-v1,goose,hermes3:70b,60ef54cd913fad018b3eecc7097ca9d861fcde7b2891e9beef2cf8d046a666d6,cyber_chronicle_yaral_detection,Write a Google SecOps YARA-L 2.0 correlation rule,ok,fail,0,1,55.184,20260913_131528,71.0
cybersecurity_agent_all_models_20260912,cybersecurity,cybersecurity-agent-v1,goose,hermes3:70b,60ef54cd913fad018b3eecc7097ca9d861fcde7b2891e9beef2cf8d046a666d6,cyber_cloud_kubernetes_hardening,Harden cloud IAM and a Kubernetes workload,ok,fail,0,1,36.941,20260913_131528,72.0
cybersecurity_agent_all_models_20260912,cybersecurity,cybersecurity-agent-v1,goose,hermes3:70b,60ef54cd913fad018b3eecc7097ca9d861fcde7b2891e9beef2cf8d046a666d6,cyber_ctf_multidiscipline,Solve a compact multidisciplinary CTF set,ok,fail,0,1,80.669,20260913_131528,68.0
cybersecurity_agent_all_models_20260912,cybersecurity,cybersecurity-agent-v1,goose,hermes3:70b,60ef54cd913fad018b3eecc7097ca9d861fcde7b2891e9beef2cf8d046a666d6,cyber_cti_attack_mapping,Map observed behaviors to MITRE ATT&CK,ok,fail,0,1,55.082,20260913_131528,72.0
cybersecurity_agent_all_models_20260912,cybersecurity,cybersecurity-agent-v1,goose,hermes3:70b,60ef54cd913fad018b3eecc7097ca9d861fcde7b2891e9beef2cf8d046a666d6,cyber_elastic_esql_detection,Write an Elastic ES|QL behavioral detection,ok,fail,0,1,38.519,20260913_131528,70.0
cybersecurity_agent_all_models_20260912,cybersecurity,cybersecurity-agent-v1,goose,hermes3:70b,60ef54cd913fad018b3eecc7097ca9d861fcde7b2891e9beef2cf8d046a666d6,cyber_exploit_crash_analysis,Analyze exploitability of a synthetic native crash,ok,fail,0,1,23.394,20260913_131528,71.0
cybersecurity_agent_all_models_20260912,cybersecurity,cybersecurity-agent-v1,goose,hermes3:70b,60ef54cd913fad018b3eecc7097ca9d861fcde7b2891e9beef2cf8d046a666d6,cyber_exploit_toy_poc,Build a constrained proof of concept for a toy service,ok,fail,0,1,23.558,20260913_131528,70.0
cybersecurity_agent_all_models_20260912,cybersecurity,cybersecurity-agent-v1,goose,hermes3:70b,60ef54cd913fad018b3eecc7097ca9d861fcde7b2891e9beef2cf8d046a666d6,cyber_foundations_architecture,Reason about a segmented enterprise architecture,ok,fail,0,1,122.889,20260913_131528,71.0
cybersecurity_agent_all_models_20260912,cybersecurity,cybersecurity-agent-v1,goose,hermes3:70b,60ef54cd913fad018b3eecc7097ca9d861fcde7b2891e9beef2cf8d046a666d6,cyber_governance_risk_prioritization,Prioritize cyber risk and response outcomes,ok,fail,0,1,137.64,20260913_131528,72.0
cybersecurity_agent_all_models_20260912,cybersecurity,cybersecurity-agent-v1,goose,hermes3:70b,60ef54cd913fad018b3eecc7097ca9d861fcde7b2891e9beef2cf8d046a666d6,cyber_incident_timeline,Reconstruct an incident timeline and response plan,ok,fail,0,1,34.244,20260913_131528,70.0
cybersecurity_agent_all_models_20260912,cybersecurity,cybersecurity-agent-v1,goose,hermes3:70b,60ef54cd913fad018b3eecc7097ca9d861fcde7b2891e9beef2cf8d046a666d6,cyber_llm_prompt_injection,Harden an agent against indirect prompt injection,ok,fail,0,1,103.165,20260913_131528,70.0
cybersecurity_agent_all_models_20260912,cybersecurity,cybersecurity-agent-v1,goose,hermes3:70b,60ef54cd913fad018b3eecc7097ca9d861fcde7b2891e9beef2cf8d046a666d6,cyber_llm_tool_rag_security,Secure tool use and RAG against poisoning and exfiltration,ok,fail,0,1,115.026,20260913_131528,71.0
cybersecurity_agent_all_models_20260912,cybersecurity,cybersecurity-agent-v1,goose,hermes3:70b,60ef54cd913fad018b3eecc7097ca9d861fcde7b2891e9beef2cf8d046a666d6,cyber_malware_static_analysis,Classify a harmless synthetic malware specimen,ok,fail,0,1,31.731,20260913_131528,71.0
cybersecurity_agent_all_models_20260912,cybersecurity,cybersecurity-agent-v1,goose,hermes3:70b,60ef54cd913fad018b3eecc7097ca9d861fcde7b2891e9beef2cf8d046a666d6,cyber_pentest_attack_path,Plan and validate an authorized lab attack path,ok,fail,0,1,19.865,20260913_131528,70.0
cybersecurity_agent_all_models_20260912,cybersecurity,cybersecurity-agent-v1,goose,hermes3:70b,60ef54cd913fad018b3eecc7097ca9d861fcde7b2891e9beef2cf8d046a666d6,cyber_sentinel_kql_detection,Write a Microsoft Sentinel KQL analytic,ok,fail,0,1,28.249,20260913_131528,70.0
cybersecurity_agent_all_models_20260912,cybersecurity,cybersecurity-agent-v1,goose,hermes3:70b,60ef54cd913fad018b3eecc7097ca9d861fcde7b2891e9beef2cf8d046a666d6,cyber_sigma_detection,Author a portable Sigma detection,ok,fail,0,1,20.596,20260913_131528,71.0
cybersecurity_agent_all_models_20260912,cybersecurity,cybersecurity-agent-v1,goose,hermes3:70b,60ef54cd913fad018b3eecc7097ca9d861fcde7b2891e9beef2cf8d046a666d6,cyber_soc_alert_triage,Triage a noisy alert bundle,ok,fail,0,1,23.351,20260913_131528,71.0
cybersecurity_agent_all_models_20260912,cybersecurity,cybersecurity-agent-v1,goose,hermes3:70b,60ef54cd913fad018b3eecc7097ca9d861fcde7b2891e9beef2cf8d046a666d6,cyber_spl_detection,Write a Splunk SPL detection and triage query,ok,fail,0,1,35.142,20260913_131528,71.0
cybersecurity_agent_all_models_20260912,cybersecurity,cybersecurity-agent-v1,goose,hermes3:70b,60ef54cd913fad018b3eecc7097ca9d861fcde7b2891e9beef2cf8d046a666d6,cyber_threat_report_synthesis,Synthesize actionable intelligence from mixed-confidence reporting,ok,fail,0,1,24.652,20260913_131528,72.0
cybersecurity_agent_all_models_20260912,cybersecurity,cybersecurity-agent-v1,goose,hermes3:70b,60ef54cd913fad018b3eecc7097ca9d861fcde7b2891e9beef2cf8d046a666d6,cyber_vulnerability_cvss_triage,Triage vulnerabilities using CVSS v4 and exposure context,ok,fail,0,1,20.207,20260913_131528,73.0
cybersecurity_agent_all_models_20260912,cybersecurity,cybersecurity-agent-v1,goose,huihui_ai/Qwen3.6-abliterated:27b-q8_0,1fe333161e8e50d0f378679ae09509a3a28c601682bf178e32541cf403b9d25b,cyber_advanced_protocol_reasoning,Diagnose advanced protocol and cryptographic failures,ok,fail,1,5,422.893,20260913_131528,69.0
cybersecurity_agent_all_models_20260912,cybersecurity,cybersecurity-agent-v1,goose,huihui_ai/Qwen3.6-abliterated:27b-q8_0,1fe333161e8e50d0f378679ae09509a3a28c601682bf178e32541cf403b9d25b,cyber_api_bola_remediation,Remediate broken object-level authorization,ok,fail,0,1,450.394,20260913_131528,68.0
cybersecurity_agent_all_models_20260912,cybersecurity,cybersecurity-agent-v1,goose,huihui_ai/Qwen3.6-abliterated:27b-q8_0,1fe333161e8e50d0f378679ae09509a3a28c601682bf178e32541cf403b9d25b,cyber_appsec_code_review,Perform a CWE-grounded application security review,ok,pass,7,7,474.846,20260913_131528,70.0
cybersecurity_agent_all_models_20260912,cybersecurity,cybersecurity-agent-v1,goose,huihui_ai/Qwen3.6-abliterated:27b-q8_0,1fe333161e8e50d0f378679ae09509a3a28c601682bf178e32541cf403b9d25b,cyber_appsec_secure_patch,Patch an injection-prone local utility,ok,fail,0,1,417.124,20260913_131528,69.0
cybersecurity_agent_all_models_20260912,cybersecurity,cybersecurity-agent-v1,goose,huihui_ai/Qwen3.6-abliterated:27b-q8_0,1fe333161e8e50d0f378679ae09509a3a28c601682bf178e32541cf403b9d25b,cyber_chronicle_yaral_detection,Write a Google SecOps YARA-L 2.0 correlation rule,ok,pass,13,13,580.975,20260913_131528,71.0
cybersecurity_agent_all_models_20260912,cybersecurity,cybersecurity-agent-v1,goose,huihui_ai/Qwen3.6-abliterated:27b-q8_0,1fe333161e8e50d0f378679ae09509a3a28c601682bf178e32541cf403b9d25b,cyber_cloud_kubernetes_hardening,Harden cloud IAM and a Kubernetes workload,ok,pass,13,13,516.274,20260913_131528,69.0
cybersecurity_agent_all_models_20260912,cybersecurity,cybersecurity-agent-v1,goose,huihui_ai/Qwen3.6-abliterated:27b-q8_0,1fe333161e8e50d0f378679ae09509a3a28c601682bf178e32541cf403b9d25b,cyber_ctf_multidiscipline,Solve a compact multidisciplinary CTF set,ok,pass,6,6,518.098,20260913_131528,69.0
cybersecurity_agent_all_models_20260912,cybersecurity,cybersecurity-agent-v1,goose,huihui_ai/Qwen3.6-abliterated:27b-q8_0,1fe333161e8e50d0f378679ae09509a3a28c601682bf178e32541cf403b9d25b,cyber_cti_attack_mapping,Map observed behaviors to MITRE ATT&CK,ok,fail,4,5,1311.223,20260913_131528,68.0
cybersecurity_agent_all_models_20260912,cybersecurity,cybersecurity-agent-v1,goose,huihui_ai/Qwen3.6-abliterated:27b-q8_0,1fe333161e8e50d0f378679ae09509a3a28c601682bf178e32541cf403b9d25b,cyber_elastic_esql_detection,Write an Elastic ES|QL behavioral detection,ok,pass,11,11,360.6,20260913_131528,69.0
cybersecurity_agent_all_models_20260912,cybersecurity,cybersecurity-agent-v1,goose,huihui_ai/Qwen3.6-abliterated:27b-q8_0,1fe333161e8e50d0f378679ae09509a3a28c601682bf178e32541cf403b9d25b,cyber_exploit_crash_analysis,Analyze exploitability of a synthetic native crash,ok,fail,5,6,550.044,20260913_131528,71.0
cybersecurity_agent_all_models_20260912,cybersecurity,cybersecurity-agent-v1,goose,huihui_ai/Qwen3.6-abliterated:27b-q8_0,1fe333161e8e50d0f378679ae09509a3a28c601682bf178e32541cf403b9d25b,cyber_exploit_toy_poc,Build a constrained proof of concept for a toy service,ok,fail,8,11,410.075,20260913_131528,69.0
cybersecurity_agent_all_models_20260912,cybersecurity,cybersecurity-agent-v1,goose,huihui_ai/Qwen3.6-abliterated:27b-q8_0,1fe333161e8e50d0f378679ae09509a3a28c601682bf178e32541cf403b9d25b,cyber_foundations_architecture,Reason about a segmented enterprise architecture,ok,fail,0,1,393.901,20260913_131528,69.0
cybersecurity_agent_all_models_20260912,cybersecurity,cybersecurity-agent-v1,goose,huihui_ai/Qwen3.6-abliterated:27b-q8_0,1fe333161e8e50d0f378679ae09509a3a28c601682bf178e32541cf403b9d25b,cyber_governance_risk_prioritization,Prioritize cyber risk and response outcomes,ok,pass,7,7,346.978,20260913_131528,70.0
cybersecurity_agent_all_models_20260912,cybersecurity,cybersecurity-agent-v1,goose,huihui_ai/Qwen3.6-abliterated:27b-q8_0,1fe333161e8e50d0f378679ae09509a3a28c601682bf178e32541cf403b9d25b,cyber_incident_timeline,Reconstruct an incident timeline and response plan,ok,pass,8,8,440.551,20260913_131528,70.0
cybersecurity_agent_all_models_20260912,cybersecurity,cybersecurity-agent-v1,goose,huihui_ai/Qwen3.6-abliterated:27b-q8_0,1fe333161e8e50d0f378679ae09509a3a28c601682bf178e32541cf403b9d25b,cyber_llm_prompt_injection,Harden an agent against indirect prompt injection,ok,fail,2,7,461.11,20260913_131528,71.0
cybersecurity_agent_all_models_20260912,cybersecurity,cybersecurity-agent-v1,goose,huihui_ai/Qwen3.6-abliterated:27b-q8_0,1fe333161e8e50d0f378679ae09509a3a28c601682bf178e32541cf403b9d25b,cyber_llm_tool_rag_security,Secure tool use and RAG against poisoning and exfiltration,ok,pass,8,8,443.503,20260913_131528,70.0
cybersecurity_agent_all_models_20260912,cybersecurity,cybersecurity-agent-v1,goose,huihui_ai/Qwen3.6-abliterated:27b-q8_0,1fe333161e8e50d0f378679ae09509a3a28c601682bf178e32541cf403b9d25b,cyber_malware_static_analysis,Classify a harmless synthetic malware specimen,ok,pass,6,6,609.463,20260913_131528,69.0
cybersecurity_agent_all_models_20260912,cybersecurity,cybersecurity-agent-v1,goose,huihui_ai/Qwen3.6-abliterated:27b-q8_0,1fe333161e8e50d0f378679ae09509a3a28c601682bf178e32541cf403b9d25b,cyber_pentest_attack_path,Plan and validate an authorized lab attack path,ok,pass,6,6,360.433,20260913_131528,69.0
cybersecurity_agent_all_models_20260912,cybersecurity,cybersecurity-agent-v1,goose,huihui_ai/Qwen3.6-abliterated:27b-q8_0,1fe333161e8e50d0f378679ae09509a3a28c601682bf178e32541cf403b9d25b,cyber_sentinel_kql_detection,Write a Microsoft Sentinel KQL analytic,ok,pass,10,10,423.096,20260913_131528,70.0
cybersecurity_agent_all_models_20260912,cybersecurity,cybersecurity-agent-v1,goose,huihui_ai/Qwen3.6-abliterated:27b-q8_0,1fe333161e8e50d0f378679ae09509a3a28c601682bf178e32541cf403b9d25b,cyber_sigma_detection,Author a portable Sigma detection,ok,pass,10,10,396.346,20260913_131528,70.0
cybersecurity_agent_all_models_20260912,cybersecurity,cybersecurity-agent-v1,goose,huihui_ai/Qwen3.6-abliterated:27b-q8_0,1fe333161e8e50d0f378679ae09509a3a28c601682bf178e32541cf403b9d25b,cyber_soc_alert_triage,Triage a noisy alert bundle,ok,fail,3,6,422.27,20260913_131528,70.0
cybersecurity_agent_all_models_20260912,cybersecurity,cybersecurity-agent-v1,goose,huihui_ai/Qwen3.6-abliterated:27b-q8_0,1fe333161e8e50d0f378679ae09509a3a28c601682bf178e32541cf403b9d25b,cyber_spl_detection,Write a Splunk SPL detection and triage query,ok,fail,8,9,381.225,20260913_131528,70.0
cybersecurity_agent_all_models_20260912,cybersecurity,cybersecurity-agent-v1,goose,huihui_ai/Qwen3.6-abliterated:27b-q8_0,1fe333161e8e50d0f378679ae09509a3a28c601682bf178e32541cf403b9d25b,cyber_threat_report_synthesis,Synthesize actionable intelligence from mixed-confidence reporting,ok,fail,7,8,360.248,20260913_131528,70.0
cybersecurity_agent_all_models_20260912,cybersecurity,cybersecurity-agent-v1,goose,huihui_ai/Qwen3.6-abliterated:27b-q8_0,1fe333161e8e50d0f378679ae09509a3a28c601682bf178e32541cf403b9d25b,cyber_vulnerability_cvss_triage,Triage vulnerabilities using CVSS v4 and exposure context,ok,fail,2,6,1093.634,20260913_131528,71.0
cybersecurity_agent_all_models_20260912,cybersecurity,cybersecurity-agent-v1,goose,huihui_ai/Qwen3.6-abliterated:35b-a3b-q8_0,1689b3b50a4662b4b648d33b3ca32e684b5cb6a131939035a8eb996449ca97bf,cyber_advanced_protocol_reasoning,Diagnose advanced protocol and cryptographic failures,ok,fail,1,5,85.902,20260913_131528,68.0
cybersecurity_agent_all_models_20260912,cybersecurity,cybersecurity-agent-v1,goose,huihui_ai/Qwen3.6-abliterated:35b-a3b-q8_0,1689b3b50a4662b4b648d33b3ca32e684b5cb6a131939035a8eb996449ca97bf,cyber_api_bola_remediation,Remediate broken object-level authorization,ok,grader_error,0,0,170.483,20260913_131528,71.0
cybersecurity_agent_all_models_20260912,cybersecurity,cybersecurity-agent-v1,goose,huihui_ai/Qwen3.6-abliterated:35b-a3b-q8_0,1689b3b50a4662b4b648d33b3ca32e684b5cb6a131939035a8eb996449ca97bf,cyber_appsec_code_review,Perform a CWE-grounded application security review,ok,pass,7,7,70.429,20260913_131528,69.0
cybersecurity_agent_all_models_20260912,cybersecurity,cybersecurity-agent-v1,goose,huihui_ai/Qwen3.6-abliterated:35b-a3b-q8_0,1689b3b50a4662b4b648d33b3ca32e684b5cb6a131939035a8eb996449ca97bf,cyber_appsec_secure_patch,Patch an injection-prone local utility,ok,fail,6,7,142.701,20260913_131528,71.0
cybersecurity_agent_all_models_20260912,cybersecurity,cybersecurity-agent-v1,goose,huihui_ai/Qwen3.6-abliterated:35b-a3b-q8_0,1689b3b50a4662b4b648d33b3ca32e684b5cb6a131939035a8eb996449ca97bf,cyber_chronicle_yaral_detection,Write a Google SecOps YARA-L 2.0 correlation rule,ok,pass,13,13,83.306,20260913_131528,70.0
cybersecurity_agent_all_models_20260912,cybersecurity,cybersecurity-agent-v1,goose,huihui_ai/Qwen3.6-abliterated:35b-a3b-q8_0,1689b3b50a4662b4b648d33b3ca32e684b5cb6a131939035a8eb996449ca97bf,cyber_cloud_kubernetes_hardening,Harden cloud IAM and a Kubernetes workload,ok,pass,13,13,97.57,20260913_131528,70.0
cybersecurity_agent_all_models_20260912,cybersecurity,cybersecurity-agent-v1,goose,huihui_ai/Qwen3.6-abliterated:35b-a3b-q8_0,1689b3b50a4662b4b648d33b3ca32e684b5cb6a131939035a8eb996449ca97bf,cyber_ctf_multidiscipline,Solve a compact multidisciplinary CTF set,ok,fail,5,6,146.999,20260913_131528,72.0
cybersecurity_agent_all_models_20260912,cybersecurity,cybersecurity-agent-v1,goose,huihui_ai/Qwen3.6-abliterated:35b-a3b-q8_0,1689b3b50a4662b4b648d33b3ca32e684b5cb6a131939035a8eb996449ca97bf,cyber_cti_attack_mapping,Map observed behaviors to MITRE ATT&CK,ok,fail,3,5,73.929,20260913_131528,66.0
cybersecurity_agent_all_models_20260912,cybersecurity,cybersecurity-agent-v1,goose,huihui_ai/Qwen3.6-abliterated:35b-a3b-q8_0,1689b3b50a4662b4b648d33b3ca32e684b5cb6a131939035a8eb996449ca97bf,cyber_elastic_esql_detection,Write an Elastic ES|QL behavioral detection,ok,fail,10,11,94.09,20260913_131528,68.0
cybersecurity_agent_all_models_20260912,cybersecurity,cybersecurity-agent-v1,goose,huihui_ai/Qwen3.6-abliterated:35b-a3b-q8_0,1689b3b50a4662b4b648d33b3ca32e684b5cb6a131939035a8eb996449ca97bf,cyber_exploit_crash_analysis,Analyze exploitability of a synthetic native crash,ok,fail,4,6,102.904,20260913_131528,70.0
cybersecurity_agent_all_models_20260912,cybersecurity,cybersecurity-agent-v1,goose,huihui_ai/Qwen3.6-abliterated:35b-a3b-q8_0,1689b3b50a4662b4b648d33b3ca32e684b5cb6a131939035a8eb996449ca97bf,cyber_exploit_toy_poc,Build a constrained proof of concept for a toy service,ok,pass,11,11,79.13,20260913_131528,70.0
cybersecurity_agent_all_models_20260912,cybersecurity,cybersecurity-agent-v1,goose,huihui_ai/Qwen3.6-abliterated:35b-a3b-q8_0,1689b3b50a4662b4b648d33b3ca32e684b5cb6a131939035a8eb996449ca97bf,cyber_foundations_architecture,Reason about a segmented enterprise architecture,ok,fail,1,4,79.97,20260913_131528,64.0
cybersecurity_agent_all_models_20260912,cybersecurity,cybersecurity-agent-v1,goose,huihui_ai/Qwen3.6-abliterated:35b-a3b-q8_0,1689b3b50a4662b4b648d33b3ca32e684b5cb6a131939035a8eb996449ca97bf,cyber_governance_risk_prioritization,Prioritize cyber risk and response outcomes,ok,pass,7,7,80.889,20260913_131528,67.0
cybersecurity_agent_all_models_20260912,cybersecurity,cybersecurity-agent-v1,goose,huihui_ai/Qwen3.6-abliterated:35b-a3b-q8_0,1689b3b50a4662b4b648d33b3ca32e684b5cb6a131939035a8eb996449ca97bf,cyber_incident_timeline,Reconstruct an incident timeline and response plan,ok,fail,7,8,78.206,20260913_131528,70.0
cybersecurity_agent_all_models_20260912,cybersecurity,cybersecurity-agent-v1,goose,huihui_ai/Qwen3.6-abliterated:35b-a3b-q8_0,1689b3b50a4662b4b648d33b3ca32e684b5cb6a131939035a8eb996449ca97bf,cyber_llm_prompt_injection,Harden an agent against indirect prompt injection,ok,fail,3,7,99.327,20260913_131528,70.0
cybersecurity_agent_all_models_20260912,cybersecurity,cybersecurity-agent-v1,goose,huihui_ai/Qwen3.6-abliterated:35b-a3b-q8_0,1689b3b50a4662b4b648d33b3ca32e684b5cb6a131939035a8eb996449ca97bf,cyber_llm_tool_rag_security,Secure tool use and RAG against poisoning and exfiltration,ok,fail,7,8,123.136,20260913_131528,71.0
cybersecurity_agent_all_models_20260912,cybersecurity,cybersecurity-agent-v1,goose,huihui_ai/Qwen3.6-abliterated:35b-a3b-q8_0,1689b3b50a4662b4b648d33b3ca32e684b5cb6a131939035a8eb996449ca97bf,cyber_malware_static_analysis,Classify a harmless synthetic malware specimen,ok,fail,5,6,87.629,20260913_131528,67.0
cybersecurity_agent_all_models_20260912,cybersecurity,cybersecurity-agent-v1,goose,huihui_ai/Qwen3.6-abliterated:35b-a3b-q8_0,1689b3b50a4662b4b648d33b3ca32e684b5cb6a131939035a8eb996449ca97bf,cyber_pentest_attack_path,Plan and validate an authorized lab attack path,ok,fail,5,6,87.885,20260913_131528,71.0
cybersecurity_agent_all_models_20260912,cybersecurity,cybersecurity-agent-v1,goose,huihui_ai/Qwen3.6-abliterated:35b-a3b-q8_0,1689b3b50a4662b4b648d33b3ca32e684b5cb6a131939035a8eb996449ca97bf,cyber_sentinel_kql_detection,Write a Microsoft Sentinel KQL analytic,ok,pass,10,10,181.543,20260913_131528,71.0
cybersecurity_agent_all_models_20260912,cybersecurity,cybersecurity-agent-v1,goose,huihui_ai/Qwen3.6-abliterated:35b-a3b-q8_0,1689b3b50a4662b4b648d33b3ca32e684b5cb6a131939035a8eb996449ca97bf,cyber_sigma_detection,Author a portable Sigma detection,ok,pass,10,10,83.471,20260913_131528,70.0
cybersecurity_agent_all_models_20260912,cybersecurity,cybersecurity-agent-v1,goose,huihui_ai/Qwen3.6-abliterated:35b-a3b-q8_0,1689b3b50a4662b4b648d33b3ca32e684b5cb6a131939035a8eb996449ca97bf,cyber_soc_alert_triage,Triage a noisy alert bundle,ok,fail,3,6,73.628,20260913_131528,67.0
cybersecurity_agent_all_models_20260912,cybersecurity,cybersecurity-agent-v1,goose,huihui_ai/Qwen3.6-abliterated:35b-a3b-q8_0,1689b3b50a4662b4b648d33b3ca32e684b5cb6a131939035a8eb996449ca97bf,cyber_spl_detection,Write a Splunk SPL detection and triage query,ok,fail,7,9,92.194,20260913_131528,70.0
cybersecurity_agent_all_models_20260912,cybersecurity,cybersecurity-agent-v1,goose,huihui_ai/Qwen3.6-abliterated:35b-a3b-q8_0,1689b3b50a4662b4b648d33b3ca32e684b5cb6a131939035a8eb996449ca97bf,cyber_threat_report_synthesis,Synthesize actionable intelligence from mixed-confidence reporting,ok,fail,7,8,68.787,20260913_131528,69.0
cybersecurity_agent_all_models_20260912,cybersecurity,cybersecurity-agent-v1,goose,huihui_ai/Qwen3.6-abliterated:35b-a3b-q8_0,1689b3b50a4662b4b648d33b3ca32e684b5cb6a131939035a8eb996449ca97bf,cyber_vulnerability_cvss_triage,Triage vulnerabilities using CVSS v4 and exposure context,ok,fail,2,6,194.485,20260913_131528,67.0
cybersecurity_agent_all_models_20260912,cybersecurity,cybersecurity-agent-v1,goose,llama3.1:70b,711a9e8463afd8edd580debd3b5c521521ebe55ba95bb80d576f4149969e07c6,cyber_advanced_protocol_reasoning,Diagnose advanced protocol and cryptographic failures,ok,fail,0,1,31.984,20260913_131528,74.0
cybersecurity_agent_all_models_20260912,cybersecurity,cybersecurity-agent-v1,goose,llama3.1:70b,711a9e8463afd8edd580debd3b5c521521ebe55ba95bb80d576f4149969e07c6,cyber_api_bola_remediation,Remediate broken object-level authorization,ok,fail,0,1,20.05,20260913_131528,72.0
cybersecurity_agent_all_models_20260912,cybersecurity,cybersecurity-agent-v1,goose,llama3.1:70b,711a9e8463afd8edd580debd3b5c521521ebe55ba95bb80d576f4149969e07c6,cyber_appsec_code_review,Perform a CWE-grounded application security review,ok,fail,1,7,37.129,20260913_131528,72.0
cybersecurity_agent_all_models_20260912,cybersecurity,cybersecurity-agent-v1,goose,llama3.1:70b,711a9e8463afd8edd580debd3b5c521521ebe55ba95bb80d576f4149969e07c6,cyber_appsec_secure_patch,Patch an injection-prone local utility,ok,fail,0,1,31.915,20260913_131528,72.0
cybersecurity_agent_all_models_20260912,cybersecurity,cybersecurity-agent-v1,goose,llama3.1:70b,711a9e8463afd8edd580debd3b5c521521ebe55ba95bb80d576f4149969e07c6,cyber_chronicle_yaral_detection,Write a Google SecOps YARA-L 2.0 correlation rule,ok,fail,2,13,56.832,20260913_131528,73.0
cybersecurity_agent_all_models_20260912,cybersecurity,cybersecurity-agent-v1,goose,llama3.1:70b,711a9e8463afd8edd580debd3b5c521521ebe55ba95bb80d576f4149969e07c6,cyber_cloud_kubernetes_hardening,Harden cloud IAM and a Kubernetes workload,ok,fail,0,1,45.94,20260913_131528,71.0
cybersecurity_agent_all_models_20260912,cybersecurity,cybersecurity-agent-v1,goose,llama3.1:70b,711a9e8463afd8edd580debd3b5c521521ebe55ba95bb80d576f4149969e07c6,cyber_ctf_multidiscipline,Solve a compact multidisciplinary CTF set,ok,fail,0,1,21.358,20260913_131528,73.0
cybersecurity_agent_all_models_20260912,cybersecurity,cybersecurity-agent-v1,goose,llama3.1:70b,711a9e8463afd8edd580debd3b5c521521ebe55ba95bb80d576f4149969e07c6,cyber_cti_attack_mapping,Map observed behaviors to MITRE ATT&CK,ok,fail,0,1,24.615,20260913_131528,73.0
cybersecurity_agent_all_models_20260912,cybersecurity,cybersecurity-agent-v1,goose,llama3.1:70b,711a9e8463afd8edd580debd3b5c521521ebe55ba95bb80d576f4149969e07c6,cyber_elastic_esql_detection,Write an Elastic ES|QL behavioral detection,ok,fail,0,1,42.908,20260913_131528,73.0
cybersecurity_agent_all_models_20260912,cybersecurity,cybersecurity-agent-v1,goose,llama3.1:70b,711a9e8463afd8edd580debd3b5c521521ebe55ba95bb80d576f4149969e07c6,cyber_exploit_crash_analysis,Analyze exploitability of a synthetic native crash,ok,fail,0,1,41.551,20260913_131528,72.0
cybersecurity_agent_all_models_20260912,cybersecurity,cybersecurity-agent-v1,goose,llama3.1:70b,711a9e8463afd8edd580debd3b5c521521ebe55ba95bb80d576f4149969e07c6,cyber_exploit_toy_poc,Build a constrained proof of concept for a toy service,ok,fail,0,1,33.644,20260913_131528,70.0
cybersecurity_agent_all_models_20260912,cybersecurity,cybersecurity-agent-v1,goose,llama3.1:70b,711a9e8463afd8edd580debd3b5c521521ebe55ba95bb80d576f4149969e07c6,cyber_foundations_architecture,Reason about a segmented enterprise architecture,ok,fail,0,1,32.119,20260913_131528,75.0
cybersecurity_agent_all_models_20260912,cybersecurity,cybersecurity-agent-v1,goose,llama3.1:70b,711a9e8463afd8edd580debd3b5c521521ebe55ba95bb80d576f4149969e07c6,cyber_governance_risk_prioritization,Prioritize cyber risk and response outcomes,ok,fail,0,1,42.737,20260913_131528,75.0
cybersecurity_agent_all_models_20260912,cybersecurity,cybersecurity-agent-v1,goose,llama3.1:70b,711a9e8463afd8edd580debd3b5c521521ebe55ba95bb80d576f4149969e07c6,cyber_incident_timeline,Reconstruct an incident timeline and response plan,ok,fail,0,1,36.844,20260913_131528,71.0
cybersecurity_agent_all_models_20260912,cybersecurity,cybersecurity-agent-v1,goose,llama3.1:70b,711a9e8463afd8edd580debd3b5c521521ebe55ba95bb80d576f4149969e07c6,cyber_llm_prompt_injection,Harden an agent against indirect prompt injection,ok,fail,0,1,27.268,20260913_131528,71.0
cybersecurity_agent_all_models_20260912,cybersecurity,cybersecurity-agent-v1,goose,llama3.1:70b,711a9e8463afd8edd580debd3b5c521521ebe55ba95bb80d576f4149969e07c6,cyber_llm_tool_rag_security,Secure tool use and RAG against poisoning and exfiltration,ok,fail,0,1,24.402,20260913_131528,71.0
cybersecurity_agent_all_models_20260912,cybersecurity,cybersecurity-agent-v1,goose,llama3.1:70b,711a9e8463afd8edd580debd3b5c521521ebe55ba95bb80d576f4149969e07c6,cyber_malware_static_analysis,Classify a harmless synthetic malware specimen,ok,fail,0,1,26.661,20260913_131528,72.0
cybersecurity_agent_all_models_20260912,cybersecurity,cybersecurity-agent-v1,goose,llama3.1:70b,711a9e8463afd8edd580debd3b5c521521ebe55ba95bb80d576f4149969e07c6,cyber_pentest_attack_path,Plan and validate an authorized lab attack path,ok,fail,0,1,50.253,20260913_131528,71.0
cybersecurity_agent_all_models_20260912,cybersecurity,cybersecurity-agent-v1,goose,llama3.1:70b,711a9e8463afd8edd580debd3b5c521521ebe55ba95bb80d576f4149969e07c6,cyber_sentinel_kql_detection,Write a Microsoft Sentinel KQL analytic,ok,fail,3,10,47.141,20260913_131528,72.0
cybersecurity_agent_all_models_20260912,cybersecurity,cybersecurity-agent-v1,goose,llama3.1:70b,711a9e8463afd8edd580debd3b5c521521ebe55ba95bb80d576f4149969e07c6,cyber_sigma_detection,Author a portable Sigma detection,ok,fail,2,10,78.637,20260913_131528,72.0
cybersecurity_agent_all_models_20260912,cybersecurity,cybersecurity-agent-v1,goose,llama3.1:70b,711a9e8463afd8edd580debd3b5c521521ebe55ba95bb80d576f4149969e07c6,cyber_soc_alert_triage,Triage a noisy alert bundle,ok,fail,0,1,35.084,20260913_131528,72.0
cybersecurity_agent_all_models_20260912,cybersecurity,cybersecurity-agent-v1,goose,llama3.1:70b,711a9e8463afd8edd580debd3b5c521521ebe55ba95bb80d576f4149969e07c6,cyber_spl_detection,Write a Splunk SPL detection and triage query,ok,fail,0,1,25.352,20260913_131528,72.0
cybersecurity_agent_all_models_20260912,cybersecurity,cybersecurity-agent-v1,goose,llama3.1:70b,711a9e8463afd8edd580debd3b5c521521ebe55ba95bb80d576f4149969e07c6,cyber_threat_report_synthesis,Synthesize actionable intelligence from mixed-confidence reporting,ok,fail,0,1,40.913,20260913_131528,72.0
cybersecurity_agent_all_models_20260912,cybersecurity,cybersecurity-agent-v1,goose,llama3.1:70b,711a9e8463afd8edd580debd3b5c521521ebe55ba95bb80d576f4149969e07c6,cyber_vulnerability_cvss_triage,Triage vulnerabilities using CVSS v4 and exposure context,ok,fail,0,1,33.19,20260913_131528,72.0
cybersecurity_agent_all_models_20260912,cybersecurity,cybersecurity-agent-v1,goose,llama3.3:70b,a6eb4748fd2990ad2952b2335a95a7f952d1a06119a0aa6a2df6cd052a93a3fa,cyber_advanced_protocol_reasoning,Diagnose advanced protocol and cryptographic failures,ok,fail,0,1,88.623,20260913_131528,72.0
cybersecurity_agent_all_models_20260912,cybersecurity,cybersecurity-agent-v1,goose,llama3.3:70b,a6eb4748fd2990ad2952b2335a95a7f952d1a06119a0aa6a2df6cd052a93a3fa,cyber_api_bola_remediation,Remediate broken object-level authorization,ok,fail,0,1,119.323,20260913_131528,74.0
cybersecurity_agent_all_models_20260912,cybersecurity,cybersecurity-agent-v1,goose,llama3.3:70b,a6eb4748fd2990ad2952b2335a95a7f952d1a06119a0aa6a2df6cd052a93a3fa,cyber_appsec_code_review,Perform a CWE-grounded application security review,ok,fail,0,1,154.572,20260913_131528,74.0
cybersecurity_agent_all_models_20260912,cybersecurity,cybersecurity-agent-v1,goose,llama3.3:70b,a6eb4748fd2990ad2952b2335a95a7f952d1a06119a0aa6a2df6cd052a93a3fa,cyber_appsec_secure_patch,Patch an injection-prone local utility,ok,fail,0,1,134.752,20260913_131528,75.0
cybersecurity_agent_all_models_20260912,cybersecurity,cybersecurity-agent-v1,goose,llama3.3:70b,a6eb4748fd2990ad2952b2335a95a7f952d1a06119a0aa6a2df6cd052a93a3fa,cyber_chronicle_yaral_detection,Write a Google SecOps YARA-L 2.0 correlation rule,ok,fail,0,1,111.102,20260913_131528,75.0
cybersecurity_agent_all_models_20260912,cybersecurity,cybersecurity-agent-v1,goose,llama3.3:70b,a6eb4748fd2990ad2952b2335a95a7f952d1a06119a0aa6a2df6cd052a93a3fa,cyber_cloud_kubernetes_hardening,Harden cloud IAM and a Kubernetes workload,ok,fail,0,1,164.735,20260913_131528,74.0
cybersecurity_agent_all_models_20260912,cybersecurity,cybersecurity-agent-v1,goose,llama3.3:70b,a6eb4748fd2990ad2952b2335a95a7f952d1a06119a0aa6a2df6cd052a93a3fa,cyber_ctf_multidiscipline,Solve a compact multidisciplinary CTF set,ok,fail,0,1,119.401,20260913_131528,75.0
cybersecurity_agent_all_models_20260912,cybersecurity,cybersecurity-agent-v1,goose,llama3.3:70b,a6eb4748fd2990ad2952b2335a95a7f952d1a06119a0aa6a2df6cd052a93a3fa,cyber_cti_attack_mapping,Map observed behaviors to MITRE ATT&CK,ok,fail,0,1,95.5,20260913_131528,73.0
cybersecurity_agent_all_models_20260912,cybersecurity,cybersecurity-agent-v1,goose,llama3.3:70b,a6eb4748fd2990ad2952b2335a95a7f952d1a06119a0aa6a2df6cd052a93a3fa,cyber_elastic_esql_detection,Write an Elastic ES|QL behavioral detection,ok,fail,0,1,165.183,20260913_131528,74.0
cybersecurity_agent_all_models_20260912,cybersecurity,cybersecurity-agent-v1,goose,llama3.3:70b,a6eb4748fd2990ad2952b2335a95a7f952d1a06119a0aa6a2df6cd052a93a3fa,cyber_exploit_crash_analysis,Analyze exploitability of a synthetic native crash,ok,fail,0,1,194.745,20260913_131528,75.0
cybersecurity_agent_all_models_20260912,cybersecurity,cybersecurity-agent-v1,goose,llama3.3:70b,a6eb4748fd2990ad2952b2335a95a7f952d1a06119a0aa6a2df6cd052a93a3fa,cyber_exploit_toy_poc,Build a constrained proof of concept for a toy service,ok,fail,0,1,116.624,20260913_131528,73.0
cybersecurity_agent_all_models_20260912,cybersecurity,cybersecurity-agent-v1,goose,llama3.3:70b,a6eb4748fd2990ad2952b2335a95a7f952d1a06119a0aa6a2df6cd052a93a3fa,cyber_foundations_architecture,Reason about a segmented enterprise architecture,ok,fail,0,1,86.572,20260913_131528,72.0
cybersecurity_agent_all_models_20260912,cybersecurity,cybersecurity-agent-v1,goose,llama3.3:70b,a6eb4748fd2990ad2952b2335a95a7f952d1a06119a0aa6a2df6cd052a93a3fa,cyber_governance_risk_prioritization,Prioritize cyber risk and response outcomes,ok,fail,0,1,115.336,20260913_131528,73.0
cybersecurity_agent_all_models_20260912,cybersecurity,cybersecurity-agent-v1,goose,llama3.3:70b,a6eb4748fd2990ad2952b2335a95a7f952d1a06119a0aa6a2df6cd052a93a3fa,cyber_incident_timeline,Reconstruct an incident timeline and response plan,ok,fail,0,1,175.951,20260913_131528,74.0
cybersecurity_agent_all_models_20260912,cybersecurity,cybersecurity-agent-v1,goose,llama3.3:70b,a6eb4748fd2990ad2952b2335a95a7f952d1a06119a0aa6a2df6cd052a93a3fa,cyber_llm_prompt_injection,Harden an agent against indirect prompt injection,ok,fail,0,1,115.046,20260913_131528,75.0
cybersecurity_agent_all_models_20260912,cybersecurity,cybersecurity-agent-v1,goose,llama3.3:70b,a6eb4748fd2990ad2952b2335a95a7f952d1a06119a0aa6a2df6cd052a93a3fa,cyber_llm_tool_rag_security,Secure tool use and RAG against poisoning and exfiltration,ok,fail,0,1,109.899,20260913_131528,75.0
cybersecurity_agent_all_models_20260912,cybersecurity,cybersecurity-agent-v1,goose,llama3.3:70b,a6eb4748fd2990ad2952b2335a95a7f952d1a06119a0aa6a2df6cd052a93a3fa,cyber_malware_static_analysis,Classify a harmless synthetic malware specimen,ok,fail,0,1,64.502,20260913_131528,73.0
cybersecurity_agent_all_models_20260912,cybersecurity,cybersecurity-agent-v1,goose,llama3.3:70b,a6eb4748fd2990ad2952b2335a95a7f952d1a06119a0aa6a2df6cd052a93a3fa,cyber_pentest_attack_path,Plan and validate an authorized lab attack path,ok,fail,0,1,182.519,20260913_131528,74.0
cybersecurity_agent_all_models_20260912,cybersecurity,cybersecurity-agent-v1,goose,llama3.3:70b,a6eb4748fd2990ad2952b2335a95a7f952d1a06119a0aa6a2df6cd052a93a3fa,cyber_sentinel_kql_detection,Write a Microsoft Sentinel KQL analytic,ok,fail,0,1,109.013,20260913_131528,75.0
cybersecurity_agent_all_models_20260912,cybersecurity,cybersecurity-agent-v1,goose,llama3.3:70b,a6eb4748fd2990ad2952b2335a95a7f952d1a06119a0aa6a2df6cd052a93a3fa,cyber_sigma_detection,Author a portable Sigma detection,ok,fail,0,1,153.415,20260913_131528,74.0
cybersecurity_agent_all_models_20260912,cybersecurity,cybersecurity-agent-v1,goose,llama3.3:70b,a6eb4748fd2990ad2952b2335a95a7f952d1a06119a0aa6a2df6cd052a93a3fa,cyber_soc_alert_triage,Triage a noisy alert bundle,ok,fail,0,1,118.218,20260913_131528,74.0
cybersecurity_agent_all_models_20260912,cybersecurity,cybersecurity-agent-v1,goose,llama3.3:70b,a6eb4748fd2990ad2952b2335a95a7f952d1a06119a0aa6a2df6cd052a93a3fa,cyber_spl_detection,Write a Splunk SPL detection and triage query,ok,fail,0,1,118.75,20260913_131528,74.0
cybersecurity_agent_all_models_20260912,cybersecurity,cybersecurity-agent-v1,goose,llama3.3:70b,a6eb4748fd2990ad2952b2335a95a7f952d1a06119a0aa6a2df6cd052a93a3fa,cyber_threat_report_synthesis,Synthesize actionable intelligence from mixed-confidence reporting,ok,fail,0,1,128.216,20260913_131528,74.0
cybersecurity_agent_all_models_20260912,cybersecurity,cybersecurity-agent-v1,goose,llama3.3:70b,a6eb4748fd2990ad2952b2335a95a7f952d1a06119a0aa6a2df6cd052a93a3fa,cyber_vulnerability_cvss_triage,Triage vulnerabilities using CVSS v4 and exposure context,ok,fail,0,1,149.502,20260913_131528,74.0
cybersecurity_agent_all_models_20260912,cybersecurity,cybersecurity-agent-v1,goose,llama4:16x17b,bf31604e25c25d964e250bcf28a82bfbdbe88af5f236257fabb27629bb24c7f3,cyber_advanced_protocol_reasoning,Diagnose advanced protocol and cryptographic failures,ok,fail,0,1,43.982,20260913_131528,68.0
cybersecurity_agent_all_models_20260912,cybersecurity,cybersecurity-agent-v1,goose,llama4:16x17b,bf31604e25c25d964e250bcf28a82bfbdbe88af5f236257fabb27629bb24c7f3,cyber_api_bola_remediation,Remediate broken object-level authorization,ok,fail,0,1,28.457,20260913_131528,64.0
cybersecurity_agent_all_models_20260912,cybersecurity,cybersecurity-agent-v1,goose,llama4:16x17b,bf31604e25c25d964e250bcf28a82bfbdbe88af5f236257fabb27629bb24c7f3,cyber_appsec_code_review,Perform a CWE-grounded application security review,ok,fail,0,1,23.489,20260913_131528,65.0
cybersecurity_agent_all_models_20260912,cybersecurity,cybersecurity-agent-v1,goose,llama4:16x17b,bf31604e25c25d964e250bcf28a82bfbdbe88af5f236257fabb27629bb24c7f3,cyber_appsec_secure_patch,Patch an injection-prone local utility,ok,fail,0,1,21.619,20260913_131528,64.0
cybersecurity_agent_all_models_20260912,cybersecurity,cybersecurity-agent-v1,goose,llama4:16x17b,bf31604e25c25d964e250bcf28a82bfbdbe88af5f236257fabb27629bb24c7f3,cyber_chronicle_yaral_detection,Write a Google SecOps YARA-L 2.0 correlation rule,ok,fail,0,1,21.961,20260913_131528,65.0
cybersecurity_agent_all_models_20260912,cybersecurity,cybersecurity-agent-v1,goose,llama4:16x17b,bf31604e25c25d964e250bcf28a82bfbdbe88af5f236257fabb27629bb24c7f3,cyber_cloud_kubernetes_hardening,Harden cloud IAM and a Kubernetes workload,ok,fail,0,1,28.18,20260913_131528,63.0
cybersecurity_agent_all_models_20260912,cybersecurity,cybersecurity-agent-v1,goose,llama4:16x17b,bf31604e25c25d964e250bcf28a82bfbdbe88af5f236257fabb27629bb24c7f3,cyber_ctf_multidiscipline,Solve a compact multidisciplinary CTF set,ok,fail,0,1,17.861,20260913_131528,63.0
cybersecurity_agent_all_models_20260912,cybersecurity,cybersecurity-agent-v1,goose,llama4:16x17b,bf31604e25c25d964e250bcf28a82bfbdbe88af5f236257fabb27629bb24c7f3,cyber_cti_attack_mapping,Map observed behaviors to MITRE ATT&CK,ok,fail,0,1,47.358,20260913_131528,68.0
cybersecurity_agent_all_models_20260912,cybersecurity,cybersecurity-agent-v1,goose,llama4:16x17b,bf31604e25c25d964e250bcf28a82bfbdbe88af5f236257fabb27629bb24c7f3,cyber_elastic_esql_detection,Write an Elastic ES|QL behavioral detection,ok,fail,0,1,24.645,20260913_131528,65.0
cybersecurity_agent_all_models_20260912,cybersecurity,cybersecurity-agent-v1,goose,llama4:16x17b,bf31604e25c25d964e250bcf28a82bfbdbe88af5f236257fabb27629bb24c7f3,cyber_exploit_crash_analysis,Analyze exploitability of a synthetic native crash,ok,fail,0,1,22.509,20260913_131528,64.0
cybersecurity_agent_all_models_20260912,cybersecurity,cybersecurity-agent-v1,goose,llama4:16x17b,bf31604e25c25d964e250bcf28a82bfbdbe88af5f236257fabb27629bb24c7f3,cyber_exploit_toy_poc,Build a constrained proof of concept for a toy service,ok,fail,0,1,31.985,20260913_131528,64.0
cybersecurity_agent_all_models_20260912,cybersecurity,cybersecurity-agent-v1,goose,llama4:16x17b,bf31604e25c25d964e250bcf28a82bfbdbe88af5f236257fabb27629bb24c7f3,cyber_foundations_architecture,Reason about a segmented enterprise architecture,ok,fail,0,1,22.194,20260913_131528,70.0
cybersecurity_agent_all_models_20260912,cybersecurity,cybersecurity-agent-v1,goose,llama4:16x17b,bf31604e25c25d964e250bcf28a82bfbdbe88af5f236257fabb27629bb24c7f3,cyber_governance_risk_prioritization,Prioritize cyber risk and response outcomes,ok,fail,0,1,46.882,20260913_131528,68.0
cybersecurity_agent_all_models_20260912,cybersecurity,cybersecurity-agent-v1,goose,llama4:16x17b,bf31604e25c25d964e250bcf28a82bfbdbe88af5f236257fabb27629bb24c7f3,cyber_incident_timeline,Reconstruct an incident timeline and response plan,ok,fail,0,1,28.922,20260913_131528,66.0
cybersecurity_agent_all_models_20260912,cybersecurity,cybersecurity-agent-v1,goose,llama4:16x17b,bf31604e25c25d964e250bcf28a82bfbdbe88af5f236257fabb27629bb24c7f3,cyber_llm_prompt_injection,Harden an agent against indirect prompt injection,ok,fail,0,1,21.428,20260913_131528,63.0
cybersecurity_agent_all_models_20260912,cybersecurity,cybersecurity-agent-v1,goose,llama4:16x17b,bf31604e25c25d964e250bcf28a82bfbdbe88af5f236257fabb27629bb24c7f3,cyber_llm_tool_rag_security,Secure tool use and RAG against poisoning and exfiltration,ok,fail,0,1,21.657,20260913_131528,63.0
cybersecurity_agent_all_models_20260912,cybersecurity,cybersecurity-agent-v1,goose,llama4:16x17b,bf31604e25c25d964e250bcf28a82bfbdbe88af5f236257fabb27629bb24c7f3,cyber_malware_static_analysis,Classify a harmless synthetic malware specimen,ok,fail,0,1,22.228,20260913_131528,67.0
cybersecurity_agent_all_models_20260912,cybersecurity,cybersecurity-agent-v1,goose,llama4:16x17b,bf31604e25c25d964e250bcf28a82bfbdbe88af5f236257fabb27629bb24c7f3,cyber_pentest_attack_path,Plan and validate an authorized lab attack path,ok,fail,0,1,19.286,20260913_131528,64.0
cybersecurity_agent_all_models_20260912,cybersecurity,cybersecurity-agent-v1,goose,llama4:16x17b,bf31604e25c25d964e250bcf28a82bfbdbe88af5f236257fabb27629bb24c7f3,cyber_sentinel_kql_detection,Write a Microsoft Sentinel KQL analytic,ok,fail,0,1,21.454,20260913_131528,65.0
cybersecurity_agent_all_models_20260912,cybersecurity,cybersecurity-agent-v1,goose,llama4:16x17b,bf31604e25c25d964e250bcf28a82bfbdbe88af5f236257fabb27629bb24c7f3,cyber_sigma_detection,Author a portable Sigma detection,ok,fail,0,1,27.84,20260913_131528,66.0
cybersecurity_agent_all_models_20260912,cybersecurity,cybersecurity-agent-v1,goose,llama4:16x17b,bf31604e25c25d964e250bcf28a82bfbdbe88af5f236257fabb27629bb24c7f3,cyber_soc_alert_triage,Triage a noisy alert bundle,ok,fail,0,1,34.642,20260913_131528,66.0
cybersecurity_agent_all_models_20260912,cybersecurity,cybersecurity-agent-v1,goose,llama4:16x17b,bf31604e25c25d964e250bcf28a82bfbdbe88af5f236257fabb27629bb24c7f3,cyber_spl_detection,Write a Splunk SPL detection and triage query,ok,fail,0,1,23.78,20260913_131528,65.0
cybersecurity_agent_all_models_20260912,cybersecurity,cybersecurity-agent-v1,goose,llama4:16x17b,bf31604e25c25d964e250bcf28a82bfbdbe88af5f236257fabb27629bb24c7f3,cyber_threat_report_synthesis,Synthesize actionable intelligence from mixed-confidence reporting,ok,fail,0,1,26.064,20260913_131528,66.0
cybersecurity_agent_all_models_20260912,cybersecurity,cybersecurity-agent-v1,goose,llama4:16x17b,bf31604e25c25d964e250bcf28a82bfbdbe88af5f236257fabb27629bb24c7f3,cyber_vulnerability_cvss_triage,Triage vulnerabilities using CVSS v4 and exposure context,ok,fail,0,1,22.136,20260913_131528,68.0
cybersecurity_agent_all_models_20260912,cybersecurity,cybersecurity-agent-v1,goose,muse-glimmer:30b-q4_K_M-dflash,da643f4663abaffc3433eea46aced77fbc5859189fcc79dcfca01c24aafdecd8,cyber_advanced_protocol_reasoning,Diagnose advanced protocol and cryptographic failures,ok,fail,2,5,141.652,20260913_131528,84.0
cybersecurity_agent_all_models_20260912,cybersecurity,cybersecurity-agent-v1,goose,muse-glimmer:30b-q4_K_M-dflash,da643f4663abaffc3433eea46aced77fbc5859189fcc79dcfca01c24aafdecd8,cyber_api_bola_remediation,Remediate broken object-level authorization,ok,fail,6,7,227.358,20260913_131528,82.0
cybersecurity_agent_all_models_20260912,cybersecurity,cybersecurity-agent-v1,goose,muse-glimmer:30b-q4_K_M-dflash,da643f4663abaffc3433eea46aced77fbc5859189fcc79dcfca01c24aafdecd8,cyber_appsec_code_review,Perform a CWE-grounded application security review,ok,pass,7,7,166.911,20260913_131528,80.0
cybersecurity_agent_all_models_20260912,cybersecurity,cybersecurity-agent-v1,goose,muse-glimmer:30b-q4_K_M-dflash,da643f4663abaffc3433eea46aced77fbc5859189fcc79dcfca01c24aafdecd8,cyber_appsec_secure_patch,Patch an injection-prone local utility,ok,fail,6,7,415.496,20260913_131528,82.0
cybersecurity_agent_all_models_20260912,cybersecurity,cybersecurity-agent-v1,goose,muse-glimmer:30b-q4_K_M-dflash,da643f4663abaffc3433eea46aced77fbc5859189fcc79dcfca01c24aafdecd8,cyber_chronicle_yaral_detection,Write a Google SecOps YARA-L 2.0 correlation rule,ok,pass,13,13,434.546,20260913_131528,82.0
cybersecurity_agent_all_models_20260912,cybersecurity,cybersecurity-agent-v1,goose,muse-glimmer:30b-q4_K_M-dflash,da643f4663abaffc3433eea46aced77fbc5859189fcc79dcfca01c24aafdecd8,cyber_cloud_kubernetes_hardening,Harden cloud IAM and a Kubernetes workload,ok,fail,12,13,194.575,20260913_131528,82.0
cybersecurity_agent_all_models_20260912,cybersecurity,cybersecurity-agent-v1,goose,muse-glimmer:30b-q4_K_M-dflash,da643f4663abaffc3433eea46aced77fbc5859189fcc79dcfca01c24aafdecd8,cyber_ctf_multidiscipline,Solve a compact multidisciplinary CTF set,ok,pass,6,6,105.714,20260913_131528,78.0
cybersecurity_agent_all_models_20260912,cybersecurity,cybersecurity-agent-v1,goose,muse-glimmer:30b-q4_K_M-dflash,da643f4663abaffc3433eea46aced77fbc5859189fcc79dcfca01c24aafdecd8,cyber_cti_attack_mapping,Map observed behaviors to MITRE ATT&CK,ok,fail,3,5,188.325,20260913_131528,80.0
cybersecurity_agent_all_models_20260912,cybersecurity,cybersecurity-agent-v1,goose,muse-glimmer:30b-q4_K_M-dflash,da643f4663abaffc3433eea46aced77fbc5859189fcc79dcfca01c24aafdecd8,cyber_elastic_esql_detection,Write an Elastic ES|QL behavioral detection,ok,pass,11,11,186.168,20260913_131528,83.0
cybersecurity_agent_all_models_20260912,cybersecurity,cybersecurity-agent-v1,goose,muse-glimmer:30b-q4_K_M-dflash,da643f4663abaffc3433eea46aced77fbc5859189fcc79dcfca01c24aafdecd8,cyber_exploit_crash_analysis,Analyze exploitability of a synthetic native crash,ok,fail,5,6,189.078,20260913_131528,79.0
cybersecurity_agent_all_models_20260912,cybersecurity,cybersecurity-agent-v1,goose,muse-glimmer:30b-q4_K_M-dflash,da643f4663abaffc3433eea46aced77fbc5859189fcc79dcfca01c24aafdecd8,cyber_exploit_toy_poc,Build a constrained proof of concept for a toy service,ok,fail,10,11,122.453,20260913_131528,82.0
cybersecurity_agent_all_models_20260912,cybersecurity,cybersecurity-agent-v1,goose,muse-glimmer:30b-q4_K_M-dflash,da643f4663abaffc3433eea46aced77fbc5859189fcc79dcfca01c24aafdecd8,cyber_foundations_architecture,Reason about a segmented enterprise architecture,ok,fail,1,4,304.667,20260913_131528,82.0
cybersecurity_agent_all_models_20260912,cybersecurity,cybersecurity-agent-v1,goose,muse-glimmer:30b-q4_K_M-dflash,da643f4663abaffc3433eea46aced77fbc5859189fcc79dcfca01c24aafdecd8,cyber_governance_risk_prioritization,Prioritize cyber risk and response outcomes,ok,pass,7,7,120.93,20260913_131528,82.0
cybersecurity_agent_all_models_20260912,cybersecurity,cybersecurity-agent-v1,goose,muse-glimmer:30b-q4_K_M-dflash,da643f4663abaffc3433eea46aced77fbc5859189fcc79dcfca01c24aafdecd8,cyber_incident_timeline,Reconstruct an incident timeline and response plan,ok,pass,8,8,137.274,20260913_131528,84.0
cybersecurity_agent_all_models_20260912,cybersecurity,cybersecurity-agent-v1,goose,muse-glimmer:30b-q4_K_M-dflash,da643f4663abaffc3433eea46aced77fbc5859189fcc79dcfca01c24aafdecd8,cyber_llm_prompt_injection,Harden an agent against indirect prompt injection,ok,fail,2,7,99.149,20260913_131528,84.0
cybersecurity_agent_all_models_20260912,cybersecurity,cybersecurity-agent-v1,goose,muse-glimmer:30b-q4_K_M-dflash,da643f4663abaffc3433eea46aced77fbc5859189fcc79dcfca01c24aafdecd8,cyber_llm_tool_rag_security,Secure tool use and RAG against poisoning and exfiltration,ok,fail,7,8,113.894,20260913_131528,79.0
cybersecurity_agent_all_models_20260912,cybersecurity,cybersecurity-agent-v1,goose,muse-glimmer:30b-q4_K_M-dflash,da643f4663abaffc3433eea46aced77fbc5859189fcc79dcfca01c24aafdecd8,cyber_malware_static_analysis,Classify a harmless synthetic malware specimen,ok,fail,5,6,126.06,20260913_131528,85.0
cybersecurity_agent_all_models_20260912,cybersecurity,cybersecurity-agent-v1,goose,muse-glimmer:30b-q4_K_M-dflash,da643f4663abaffc3433eea46aced77fbc5859189fcc79dcfca01c24aafdecd8,cyber_pentest_attack_path,Plan and validate an authorized lab attack path,ok,pass,6,6,117.779,20260913_131528,80.0
cybersecurity_agent_all_models_20260912,cybersecurity,cybersecurity-agent-v1,goose,muse-glimmer:30b-q4_K_M-dflash,da643f4663abaffc3433eea46aced77fbc5859189fcc79dcfca01c24aafdecd8,cyber_sentinel_kql_detection,Write a Microsoft Sentinel KQL analytic,ok,pass,10,10,205.486,20260913_131528,82.0
cybersecurity_agent_all_models_20260912,cybersecurity,cybersecurity-agent-v1,goose,muse-glimmer:30b-q4_K_M-dflash,da643f4663abaffc3433eea46aced77fbc5859189fcc79dcfca01c24aafdecd8,cyber_sigma_detection,Author a portable Sigma detection,ok,pass,10,10,132.148,20260913_131528,80.0
cybersecurity_agent_all_models_20260912,cybersecurity,cybersecurity-agent-v1,goose,muse-glimmer:30b-q4_K_M-dflash,da643f4663abaffc3433eea46aced77fbc5859189fcc79dcfca01c24aafdecd8,cyber_soc_alert_triage,Triage a noisy alert bundle,ok,pass,6,6,99.901,20260913_131528,79.0
cybersecurity_agent_all_models_20260912,cybersecurity,cybersecurity-agent-v1,goose,muse-glimmer:30b-q4_K_M-dflash,da643f4663abaffc3433eea46aced77fbc5859189fcc79dcfca01c24aafdecd8,cyber_spl_detection,Write a Splunk SPL detection and triage query,ok,fail,8,9,331.622,20260913_131528,83.0
cybersecurity_agent_all_models_20260912,cybersecurity,cybersecurity-agent-v1,goose,muse-glimmer:30b-q4_K_M-dflash,da643f4663abaffc3433eea46aced77fbc5859189fcc79dcfca01c24aafdecd8,cyber_threat_report_synthesis,Synthesize actionable intelligence from mixed-confidence reporting,ok,fail,7,8,152.264,20260913_131528,82.0
cybersecurity_agent_all_models_20260912,cybersecurity,cybersecurity-agent-v1,goose,muse-glimmer:30b-q4_K_M-dflash,da643f4663abaffc3433eea46aced77fbc5859189fcc79dcfca01c24aafdecd8,cyber_vulnerability_cvss_triage,Triage vulnerabilities using CVSS v4 and exposure context,ok,fail,3,6,157.826,20260913_131528,78.0
cybersecurity_agent_all_models_20260912,cybersecurity,cybersecurity-agent-v1,goose,nemotron-3-super:120b,95acc78b3ffdf21e34b4182a08e1b06c49b5966b6821ccabd359f0ece770aa8d,cyber_advanced_protocol_reasoning,Diagnose advanced protocol and cryptographic failures,ok,fail,1,5,161.671,20260913_131528,72.0
cybersecurity_agent_all_models_20260912,cybersecurity,cybersecurity-agent-v1,goose,nemotron-3-super:120b,95acc78b3ffdf21e34b4182a08e1b06c49b5966b6821ccabd359f0ece770aa8d,cyber_api_bola_remediation,Remediate broken object-level authorization,ok,fail,6,7,625.9,20260913_131528,73.0
cybersecurity_agent_all_models_20260912,cybersecurity,cybersecurity-agent-v1,goose,nemotron-3-super:120b,95acc78b3ffdf21e34b4182a08e1b06c49b5966b6821ccabd359f0ece770aa8d,cyber_appsec_code_review,Perform a CWE-grounded application security review,ok,pass,7,7,283.884,20260913_131528,72.0
cybersecurity_agent_all_models_20260912,cybersecurity,cybersecurity-agent-v1,goose,nemotron-3-super:120b,95acc78b3ffdf21e34b4182a08e1b06c49b5966b6821ccabd359f0ece770aa8d,cyber_appsec_secure_patch,Patch an injection-prone local utility,ok,fail,0,1,373.432,20260913_131528,73.0
cybersecurity_agent_all_models_20260912,cybersecurity,cybersecurity-agent-v1,goose,nemotron-3-super:120b,95acc78b3ffdf21e34b4182a08e1b06c49b5966b6821ccabd359f0ece770aa8d,cyber_chronicle_yaral_detection,Write a Google SecOps YARA-L 2.0 correlation rule,ok,pass,13,13,303.502,20260913_131528,74.0
cybersecurity_agent_all_models_20260912,cybersecurity,cybersecurity-agent-v1,goose,nemotron-3-super:120b,95acc78b3ffdf21e34b4182a08e1b06c49b5966b6821ccabd359f0ece770aa8d,cyber_cloud_kubernetes_hardening,Harden cloud IAM and a Kubernetes workload,ok,fail,12,13,208.782,20260913_131528,73.0
cybersecurity_agent_all_models_20260912,cybersecurity,cybersecurity-agent-v1,goose,nemotron-3-super:120b,95acc78b3ffdf21e34b4182a08e1b06c49b5966b6821ccabd359f0ece770aa8d,cyber_ctf_multidiscipline,Solve a compact multidisciplinary CTF set,ok,fail,0,1,93.832,20260913_131528,72.0
cybersecurity_agent_all_models_20260912,cybersecurity,cybersecurity-agent-v1,goose,nemotron-3-super:120b,95acc78b3ffdf21e34b4182a08e1b06c49b5966b6821ccabd359f0ece770aa8d,cyber_cti_attack_mapping,Map observed behaviors to MITRE ATT&CK,ok,fail,0,1,34.83,20260913_131528,69.0
cybersecurity_agent_all_models_20260912,cybersecurity,cybersecurity-agent-v1,goose,nemotron-3-super:120b,95acc78b3ffdf21e34b4182a08e1b06c49b5966b6821ccabd359f0ece770aa8d,cyber_elastic_esql_detection,Write an Elastic ES|QL behavioral detection,ok,fail,0,1,45.499,20260913_131528,71.0
cybersecurity_agent_all_models_20260912,cybersecurity,cybersecurity-agent-v1,goose,nemotron-3-super:120b,95acc78b3ffdf21e34b4182a08e1b06c49b5966b6821ccabd359f0ece770aa8d,cyber_exploit_crash_analysis,Analyze exploitability of a synthetic native crash,ok,fail,5,6,248.267,20260913_131528,72.0
cybersecurity_agent_all_models_20260912,cybersecurity,cybersecurity-agent-v1,goose,nemotron-3-super:120b,95acc78b3ffdf21e34b4182a08e1b06c49b5966b6821ccabd359f0ece770aa8d,cyber_exploit_toy_poc,Build a constrained proof of concept for a toy service,ok,fail,9,11,143.325,20260913_131528,71.0
cybersecurity_agent_all_models_20260912,cybersecurity,cybersecurity-agent-v1,goose,nemotron-3-super:120b,95acc78b3ffdf21e34b4182a08e1b06c49b5966b6821ccabd359f0ece770aa8d,cyber_foundations_architecture,Reason about a segmented enterprise architecture,ok,fail,1,4,293.478,20260913_131528,76.0
cybersecurity_agent_all_models_20260912,cybersecurity,cybersecurity-agent-v1,goose,nemotron-3-super:120b,95acc78b3ffdf21e34b4182a08e1b06c49b5966b6821ccabd359f0ece770aa8d,cyber_governance_risk_prioritization,Prioritize cyber risk and response outcomes,ok,pass,7,7,112.991,20260913_131528,73.0
cybersecurity_agent_all_models_20260912,cybersecurity,cybersecurity-agent-v1,goose,nemotron-3-super:120b,95acc78b3ffdf21e34b4182a08e1b06c49b5966b6821ccabd359f0ece770aa8d,cyber_incident_timeline,Reconstruct an incident timeline and response plan,ok,fail,7,8,130.059,20260913_131528,72.0
cybersecurity_agent_all_models_20260912,cybersecurity,cybersecurity-agent-v1,goose,nemotron-3-super:120b,95acc78b3ffdf21e34b4182a08e1b06c49b5966b6821ccabd359f0ece770aa8d,cyber_llm_prompt_injection,Harden an agent against indirect prompt injection,ok,fail,2,7,117.848,20260913_131528,72.0
cybersecurity_agent_all_models_20260912,cybersecurity,cybersecurity-agent-v1,goose,nemotron-3-super:120b,95acc78b3ffdf21e34b4182a08e1b06c49b5966b6821ccabd359f0ece770aa8d,cyber_llm_tool_rag_security,Secure tool use and RAG against poisoning and exfiltration,ok,pass,8,8,188.183,20260913_131528,71.0
cybersecurity_agent_all_models_20260912,cybersecurity,cybersecurity-agent-v1,goose,nemotron-3-super:120b,95acc78b3ffdf21e34b4182a08e1b06c49b5966b6821ccabd359f0ece770aa8d,cyber_malware_static_analysis,Classify a harmless synthetic malware specimen,ok,fail,0,1,46.279,20260913_131528,70.0
cybersecurity_agent_all_models_20260912,cybersecurity,cybersecurity-agent-v1,goose,nemotron-3-super:120b,95acc78b3ffdf21e34b4182a08e1b06c49b5966b6821ccabd359f0ece770aa8d,cyber_pentest_attack_path,Plan and validate an authorized lab attack path,ok,pass,6,6,123.454,20260913_131528,73.0
cybersecurity_agent_all_models_20260912,cybersecurity,cybersecurity-agent-v1,goose,nemotron-3-super:120b,95acc78b3ffdf21e34b4182a08e1b06c49b5966b6821ccabd359f0ece770aa8d,cyber_sentinel_kql_detection,Write a Microsoft Sentinel KQL analytic,ok,pass,10,10,834.155,20260913_131528,75.0
cybersecurity_agent_all_models_20260912,cybersecurity,cybersecurity-agent-v1,goose,nemotron-3-super:120b,95acc78b3ffdf21e34b4182a08e1b06c49b5966b6821ccabd359f0ece770aa8d,cyber_sigma_detection,Author a portable Sigma detection,ok,pass,10,10,133.223,20260913_131528,71.0
cybersecurity_agent_all_models_20260912,cybersecurity,cybersecurity-agent-v1,goose,nemotron-3-super:120b,95acc78b3ffdf21e34b4182a08e1b06c49b5966b6821ccabd359f0ece770aa8d,cyber_soc_alert_triage,Triage a noisy alert bundle,ok,fail,5,6,115.39,20260913_131528,72.0
cybersecurity_agent_all_models_20260912,cybersecurity,cybersecurity-agent-v1,goose,nemotron-3-super:120b,95acc78b3ffdf21e34b4182a08e1b06c49b5966b6821ccabd359f0ece770aa8d,cyber_spl_detection,Write a Splunk SPL detection and triage query,ok,fail,8,9,462.008,20260913_131528,73.0
cybersecurity_agent_all_models_20260912,cybersecurity,cybersecurity-agent-v1,goose,nemotron-3-super:120b,95acc78b3ffdf21e34b4182a08e1b06c49b5966b6821ccabd359f0ece770aa8d,cyber_threat_report_synthesis,Synthesize actionable intelligence from mixed-confidence reporting,ok,fail,7,8,143.191,20260913_131528,72.0
cybersecurity_agent_all_models_20260912,cybersecurity,cybersecurity-agent-v1,goose,nemotron-3-super:120b,95acc78b3ffdf21e34b4182a08e1b06c49b5966b6821ccabd359f0ece770aa8d,cyber_vulnerability_cvss_triage,Triage vulnerabilities using CVSS v4 and exposure context,ok,fail,3,6,330.496,20260913_131528,74.0
cybersecurity_agent_all_models_20260912,cybersecurity,cybersecurity-agent-v1,goose,nemotron-3.5-lightning:latest,e7a64ff15fb174c42b4f463e5c888c4f2c7b9cabf9e8d65a1c0874405426c1b2,cyber_advanced_protocol_reasoning,Diagnose advanced protocol and cryptographic failures,ok,fail,1,5,67.692,20260913_131528,70.0
cybersecurity_agent_all_models_20260912,cybersecurity,cybersecurity-agent-v1,goose,nemotron-3.5-lightning:latest,e7a64ff15fb174c42b4f463e5c888c4f2c7b9cabf9e8d65a1c0874405426c1b2,cyber_api_bola_remediation,Remediate broken object-level authorization,ok,fail,6,7,78.974,20260913_131528,71.0
cybersecurity_agent_all_models_20260912,cybersecurity,cybersecurity-agent-v1,goose,nemotron-3.5-lightning:latest,e7a64ff15fb174c42b4f463e5c888c4f2c7b9cabf9e8d65a1c0874405426c1b2,cyber_appsec_code_review,Perform a CWE-grounded application security review,ok,pass,7,7,69.09,20260913_131528,70.0
cybersecurity_agent_all_models_20260912,cybersecurity,cybersecurity-agent-v1,goose,nemotron-3.5-lightning:latest,e7a64ff15fb174c42b4f463e5c888c4f2c7b9cabf9e8d65a1c0874405426c1b2,cyber_appsec_secure_patch,Patch an injection-prone local utility,ok,pass,7,7,274.133,20260913_131528,74.0
cybersecurity_agent_all_models_20260912,cybersecurity,cybersecurity-agent-v1,goose,nemotron-3.5-lightning:latest,e7a64ff15fb174c42b4f463e5c888c4f2c7b9cabf9e8d65a1c0874405426c1b2,cyber_chronicle_yaral_detection,Write a Google SecOps YARA-L 2.0 correlation rule,ok,fail,12,13,56.681,20260913_131528,68.0
cybersecurity_agent_all_models_20260912,cybersecurity,cybersecurity-agent-v1,goose,nemotron-3.5-lightning:latest,e7a64ff15fb174c42b4f463e5c888c4f2c7b9cabf9e8d65a1c0874405426c1b2,cyber_cloud_kubernetes_hardening,Harden cloud IAM and a Kubernetes workload,ok,fail,12,13,77.186,20260913_131528,70.0
cybersecurity_agent_all_models_20260912,cybersecurity,cybersecurity-agent-v1,goose,nemotron-3.5-lightning:latest,e7a64ff15fb174c42b4f463e5c888c4f2c7b9cabf9e8d65a1c0874405426c1b2,cyber_ctf_multidiscipline,Solve a compact multidisciplinary CTF set,ok,pass,6,6,101.575,20260913_131528,69.0
cybersecurity_agent_all_models_20260912,cybersecurity,cybersecurity-agent-v1,goose,nemotron-3.5-lightning:latest,e7a64ff15fb174c42b4f463e5c888c4f2c7b9cabf9e8d65a1c0874405426c1b2,cyber_cti_attack_mapping,Map observed behaviors to MITRE ATT&CK,ok,fail,3,5,69.024,20260913_131528,72.0
cybersecurity_agent_all_models_20260912,cybersecurity,cybersecurity-agent-v1,goose,nemotron-3.5-lightning:latest,e7a64ff15fb174c42b4f463e5c888c4f2c7b9cabf9e8d65a1c0874405426c1b2,cyber_elastic_esql_detection,Write an Elastic ES|QL behavioral detection,ok,fail,8,11,58.155,20260913_131528,71.0
cybersecurity_agent_all_models_20260912,cybersecurity,cybersecurity-agent-v1,goose,nemotron-3.5-lightning:latest,e7a64ff15fb174c42b4f463e5c888c4f2c7b9cabf9e8d65a1c0874405426c1b2,cyber_exploit_crash_analysis,Analyze exploitability of a synthetic native crash,ok,fail,5,6,100.513,20260913_131528,70.0
cybersecurity_agent_all_models_20260912,cybersecurity,cybersecurity-agent-v1,goose,nemotron-3.5-lightning:latest,e7a64ff15fb174c42b4f463e5c888c4f2c7b9cabf9e8d65a1c0874405426c1b2,cyber_exploit_toy_poc,Build a constrained proof of concept for a toy service,ok,fail,9,11,81.095,20260913_131528,71.0
cybersecurity_agent_all_models_20260912,cybersecurity,cybersecurity-agent-v1,goose,nemotron-3.5-lightning:latest,e7a64ff15fb174c42b4f463e5c888c4f2c7b9cabf9e8d65a1c0874405426c1b2,cyber_foundations_architecture,Reason about a segmented enterprise architecture,ok,fail,1,4,65.019,20260913_131528,70.0
cybersecurity_agent_all_models_20260912,cybersecurity,cybersecurity-agent-v1,goose,nemotron-3.5-lightning:latest,e7a64ff15fb174c42b4f463e5c888c4f2c7b9cabf9e8d65a1c0874405426c1b2,cyber_governance_risk_prioritization,Prioritize cyber risk and response outcomes,ok,pass,7,7,54.481,20260913_131528,70.0
cybersecurity_agent_all_models_20260912,cybersecurity,cybersecurity-agent-v1,goose,nemotron-3.5-lightning:latest,e7a64ff15fb174c42b4f463e5c888c4f2c7b9cabf9e8d65a1c0874405426c1b2,cyber_incident_timeline,Reconstruct an incident timeline and response plan,ok,pass,8,8,55.92,20260913_131528,68.0
cybersecurity_agent_all_models_20260912,cybersecurity,cybersecurity-agent-v1,goose,nemotron-3.5-lightning:latest,e7a64ff15fb174c42b4f463e5c888c4f2c7b9cabf9e8d65a1c0874405426c1b2,cyber_llm_prompt_injection,Harden an agent against indirect prompt injection,ok,fail,0,1,60.863,20260913_131528,70.0
cybersecurity_agent_all_models_20260912,cybersecurity,cybersecurity-agent-v1,goose,nemotron-3.5-lightning:latest,e7a64ff15fb174c42b4f463e5c888c4f2c7b9cabf9e8d65a1c0874405426c1b2,cyber_llm_tool_rag_security,Secure tool use and RAG against poisoning and exfiltration,ok,fail,7,8,61.63,20260913_131528,69.0
cybersecurity_agent_all_models_20260912,cybersecurity,cybersecurity-agent-v1,goose,nemotron-3.5-lightning:latest,e7a64ff15fb174c42b4f463e5c888c4f2c7b9cabf9e8d65a1c0874405426c1b2,cyber_malware_static_analysis,Classify a harmless synthetic malware specimen,ok,fail,4,6,56.551,20260913_131528,70.0
cybersecurity_agent_all_models_20260912,cybersecurity,cybersecurity-agent-v1,goose,nemotron-3.5-lightning:latest,e7a64ff15fb174c42b4f463e5c888c4f2c7b9cabf9e8d65a1c0874405426c1b2,cyber_pentest_attack_path,Plan and validate an authorized lab attack path,ok,pass,6,6,64.109,20260913_131528,69.0
cybersecurity_agent_all_models_20260912,cybersecurity,cybersecurity-agent-v1,goose,nemotron-3.5-lightning:latest,e7a64ff15fb174c42b4f463e5c888c4f2c7b9cabf9e8d65a1c0874405426c1b2,cyber_sentinel_kql_detection,Write a Microsoft Sentinel KQL analytic,ok,fail,9,10,73.908,20260913_131528,68.0
cybersecurity_agent_all_models_20260912,cybersecurity,cybersecurity-agent-v1,goose,nemotron-3.5-lightning:latest,e7a64ff15fb174c42b4f463e5c888c4f2c7b9cabf9e8d65a1c0874405426c1b2,cyber_sigma_detection,Author a portable Sigma detection,ok,pass,10,10,40.435,20260913_131528,68.0
cybersecurity_agent_all_models_20260912,cybersecurity,cybersecurity-agent-v1,goose,nemotron-3.5-lightning:latest,e7a64ff15fb174c42b4f463e5c888c4f2c7b9cabf9e8d65a1c0874405426c1b2,cyber_soc_alert_triage,Triage a noisy alert bundle,ok,fail,5,6,54.33,20260913_131528,68.0
cybersecurity_agent_all_models_20260912,cybersecurity,cybersecurity-agent-v1,goose,nemotron-3.5-lightning:latest,e7a64ff15fb174c42b4f463e5c888c4f2c7b9cabf9e8d65a1c0874405426c1b2,cyber_spl_detection,Write a Splunk SPL detection and triage query,ok,fail,7,9,74.076,20260913_131528,70.0
cybersecurity_agent_all_models_20260912,cybersecurity,cybersecurity-agent-v1,goose,nemotron-3.5-lightning:latest,e7a64ff15fb174c42b4f463e5c888c4f2c7b9cabf9e8d65a1c0874405426c1b2,cyber_threat_report_synthesis,Synthesize actionable intelligence from mixed-confidence reporting,ok,fail,7,8,80.457,20260913_131528,70.0
cybersecurity_agent_all_models_20260912,cybersecurity,cybersecurity-agent-v1,goose,nemotron-3.5-lightning:latest,e7a64ff15fb174c42b4f463e5c888c4f2c7b9cabf9e8d65a1c0874405426c1b2,cyber_vulnerability_cvss_triage,Triage vulnerabilities using CVSS v4 and exposure context,ok,fail,3,6,81.651,20260913_131528,70.0
cybersecurity_agent_all_models_20260912,cybersecurity,cybersecurity-agent-v1,goose,ornith:35b,5a470e0f652cac9b5a375fd58d67831d48be07a1cc4ed3f7250ca4875b3226d8,cyber_advanced_protocol_reasoning,Diagnose advanced protocol and cryptographic failures,ok,fail,3,5,57.063,20260913_131528,72.0
cybersecurity_agent_all_models_20260912,cybersecurity,cybersecurity-agent-v1,goose,ornith:35b,5a470e0f652cac9b5a375fd58d67831d48be07a1cc4ed3f7250ca4875b3226d8,cyber_api_bola_remediation,Remediate broken object-level authorization,ok,fail,0,1,82.371,20260913_131528,77.0
cybersecurity_agent_all_models_20260912,cybersecurity,cybersecurity-agent-v1,goose,ornith:35b,5a470e0f652cac9b5a375fd58d67831d48be07a1cc4ed3f7250ca4875b3226d8,cyber_appsec_code_review,Perform a CWE-grounded application security review,ok,pass,7,7,48.272,20260913_131528,73.0
cybersecurity_agent_all_models_20260912,cybersecurity,cybersecurity-agent-v1,goose,ornith:35b,5a470e0f652cac9b5a375fd58d67831d48be07a1cc4ed3f7250ca4875b3226d8,cyber_appsec_secure_patch,Patch an injection-prone local utility,ok,fail,5,7,234.648,20260913_131528,80.0
cybersecurity_agent_all_models_20260912,cybersecurity,cybersecurity-agent-v1,goose,ornith:35b,5a470e0f652cac9b5a375fd58d67831d48be07a1cc4ed3f7250ca4875b3226d8,cyber_chronicle_yaral_detection,Write a Google SecOps YARA-L 2.0 correlation rule,ok,fail,12,13,57.771,20260913_131528,76.0
cybersecurity_agent_all_models_20260912,cybersecurity,cybersecurity-agent-v1,goose,ornith:35b,5a470e0f652cac9b5a375fd58d67831d48be07a1cc4ed3f7250ca4875b3226d8,cyber_cloud_kubernetes_hardening,Harden cloud IAM and a Kubernetes workload,ok,pass,13,13,67.208,20260913_131528,75.0
cybersecurity_agent_all_models_20260912,cybersecurity,cybersecurity-agent-v1,goose,ornith:35b,5a470e0f652cac9b5a375fd58d67831d48be07a1cc4ed3f7250ca4875b3226d8,cyber_ctf_multidiscipline,Solve a compact multidisciplinary CTF set,ok,pass,6,6,79.889,20260913_131528,72.0
cybersecurity_agent_all_models_20260912,cybersecurity,cybersecurity-agent-v1,goose,ornith:35b,5a470e0f652cac9b5a375fd58d67831d48be07a1cc4ed3f7250ca4875b3226d8,cyber_cti_attack_mapping,Map observed behaviors to MITRE ATT&CK,ok,fail,3,5,55.095,20260913_131528,73.0
cybersecurity_agent_all_models_20260912,cybersecurity,cybersecurity-agent-v1,goose,ornith:35b,5a470e0f652cac9b5a375fd58d67831d48be07a1cc4ed3f7250ca4875b3226d8,cyber_elastic_esql_detection,Write an Elastic ES|QL behavioral detection,ok,fail,10,11,48.164,20260913_131528,76.0
cybersecurity_agent_all_models_20260912,cybersecurity,cybersecurity-agent-v1,goose,ornith:35b,5a470e0f652cac9b5a375fd58d67831d48be07a1cc4ed3f7250ca4875b3226d8,cyber_exploit_crash_analysis,Analyze exploitability of a synthetic native crash,ok,fail,5,6,54.67,20260913_131528,78.0
cybersecurity_agent_all_models_20260912,cybersecurity,cybersecurity-agent-v1,goose,ornith:35b,5a470e0f652cac9b5a375fd58d67831d48be07a1cc4ed3f7250ca4875b3226d8,cyber_exploit_toy_poc,Build a constrained proof of concept for a toy service,ok,fail,10,11,39.722,20260913_131528,78.0
cybersecurity_agent_all_models_20260912,cybersecurity,cybersecurity-agent-v1,goose,ornith:35b,5a470e0f652cac9b5a375fd58d67831d48be07a1cc4ed3f7250ca4875b3226d8,cyber_foundations_architecture,Reason about a segmented enterprise architecture,ok,fail,1,4,44.67,20260913_131528,69.0
cybersecurity_agent_all_models_20260912,cybersecurity,cybersecurity-agent-v1,goose,ornith:35b,5a470e0f652cac9b5a375fd58d67831d48be07a1cc4ed3f7250ca4875b3226d8,cyber_governance_risk_prioritization,Prioritize cyber risk and response outcomes,ok,fail,6,7,42.634,20260913_131528,72.0
cybersecurity_agent_all_models_20260912,cybersecurity,cybersecurity-agent-v1,goose,ornith:35b,5a470e0f652cac9b5a375fd58d67831d48be07a1cc4ed3f7250ca4875b3226d8,cyber_incident_timeline,Reconstruct an incident timeline and response plan,ok,pass,8,8,60.785,20260913_131528,76.0
cybersecurity_agent_all_models_20260912,cybersecurity,cybersecurity-agent-v1,goose,ornith:35b,5a470e0f652cac9b5a375fd58d67831d48be07a1cc4ed3f7250ca4875b3226d8,cyber_llm_prompt_injection,Harden an agent against indirect prompt injection,ok,fail,2,7,61.389,20260913_131528,74.0
cybersecurity_agent_all_models_20260912,cybersecurity,cybersecurity-agent-v1,goose,ornith:35b,5a470e0f652cac9b5a375fd58d67831d48be07a1cc4ed3f7250ca4875b3226d8,cyber_llm_tool_rag_security,Secure tool use and RAG against poisoning and exfiltration,ok,pass,8,8,55.16,20260913_131528,77.0
cybersecurity_agent_all_models_20260912,cybersecurity,cybersecurity-agent-v1,goose,ornith:35b,5a470e0f652cac9b5a375fd58d67831d48be07a1cc4ed3f7250ca4875b3226d8,cyber_malware_static_analysis,Classify a harmless synthetic malware specimen,ok,pass,6,6,137.204,20260913_131528,78.0
cybersecurity_agent_all_models_20260912,cybersecurity,cybersecurity-agent-v1,goose,ornith:35b,5a470e0f652cac9b5a375fd58d67831d48be07a1cc4ed3f7250ca4875b3226d8,cyber_pentest_attack_path,Plan and validate an authorized lab attack path,ok,fail,0,1,187.453,20260913_131528,73.0
cybersecurity_agent_all_models_20260912,cybersecurity,cybersecurity-agent-v1,goose,ornith:35b,5a470e0f652cac9b5a375fd58d67831d48be07a1cc4ed3f7250ca4875b3226d8,cyber_sentinel_kql_detection,Write a Microsoft Sentinel KQL analytic,ok,pass,10,10,61.339,20260913_131528,76.0
cybersecurity_agent_all_models_20260912,cybersecurity,cybersecurity-agent-v1,goose,ornith:35b,5a470e0f652cac9b5a375fd58d67831d48be07a1cc4ed3f7250ca4875b3226d8,cyber_sigma_detection,Author a portable Sigma detection,ok,pass,10,10,48.423,20260913_131528,76.0
cybersecurity_agent_all_models_20260912,cybersecurity,cybersecurity-agent-v1,goose,ornith:35b,5a470e0f652cac9b5a375fd58d67831d48be07a1cc4ed3f7250ca4875b3226d8,cyber_soc_alert_triage,Triage a noisy alert bundle,ok,fail,4,6,42.276,20260913_131528,73.0
cybersecurity_agent_all_models_20260912,cybersecurity,cybersecurity-agent-v1,goose,ornith:35b,5a470e0f652cac9b5a375fd58d67831d48be07a1cc4ed3f7250ca4875b3226d8,cyber_spl_detection,Write a Splunk SPL detection and triage query,ok,fail,7,9,63.203,20260913_131528,77.0
cybersecurity_agent_all_models_20260912,cybersecurity,cybersecurity-agent-v1,goose,ornith:35b,5a470e0f652cac9b5a375fd58d67831d48be07a1cc4ed3f7250ca4875b3226d8,cyber_threat_report_synthesis,Synthesize actionable intelligence from mixed-confidence reporting,ok,pass,8,8,57.319,20260913_131528,75.0
cybersecurity_agent_all_models_20260912,cybersecurity,cybersecurity-agent-v1,goose,ornith:35b,5a470e0f652cac9b5a375fd58d67831d48be07a1cc4ed3f7250ca4875b3226d8,cyber_vulnerability_cvss_triage,Triage vulnerabilities using CVSS v4 and exposure context,ok,fail,3,6,80.204,20260913_131528,73.0
cybersecurity_agent_all_models_20260912,cybersecurity,cybersecurity-agent-v1,goose,qwen3-coder-next:latest,ca06e9e4087c714d44355bf954099187890e63084b4a632b8e9956c4b9492074,cyber_advanced_protocol_reasoning,Diagnose advanced protocol and cryptographic failures,ok,fail,1,5,27.936,20260913_131528,69.0
cybersecurity_agent_all_models_20260912,cybersecurity,cybersecurity-agent-v1,goose,qwen3-coder-next:latest,ca06e9e4087c714d44355bf954099187890e63084b4a632b8e9956c4b9492074,cyber_api_bola_remediation,Remediate broken object-level authorization,ok,fail,6,7,71.487,20260913_131528,71.0
cybersecurity_agent_all_models_20260912,cybersecurity,cybersecurity-agent-v1,goose,qwen3-coder-next:latest,ca06e9e4087c714d44355bf954099187890e63084b4a632b8e9956c4b9492074,cyber_appsec_code_review,Perform a CWE-grounded application security review,ok,pass,7,7,40.469,20260913_131528,68.0
cybersecurity_agent_all_models_20260912,cybersecurity,cybersecurity-agent-v1,goose,qwen3-coder-next:latest,ca06e9e4087c714d44355bf954099187890e63084b4a632b8e9956c4b9492074,cyber_appsec_secure_patch,Patch an injection-prone local utility,ok,fail,6,7,102.555,20260913_131528,72.0
cybersecurity_agent_all_models_20260912,cybersecurity,cybersecurity-agent-v1,goose,qwen3-coder-next:latest,ca06e9e4087c714d44355bf954099187890e63084b4a632b8e9956c4b9492074,cyber_chronicle_yaral_detection,Write a Google SecOps YARA-L 2.0 correlation rule,ok,fail,12,13,34.877,20260913_131528,70.0
cybersecurity_agent_all_models_20260912,cybersecurity,cybersecurity-agent-v1,goose,qwen3-coder-next:latest,ca06e9e4087c714d44355bf954099187890e63084b4a632b8e9956c4b9492074,cyber_cloud_kubernetes_hardening,Harden cloud IAM and a Kubernetes workload,ok,pass,13,13,52.04,20260913_131528,70.0
cybersecurity_agent_all_models_20260912,cybersecurity,cybersecurity-agent-v1,goose,qwen3-coder-next:latest,ca06e9e4087c714d44355bf954099187890e63084b4a632b8e9956c4b9492074,cyber_ctf_multidiscipline,Solve a compact multidisciplinary CTF set,ok,fail,5,6,37.983,20260913_131528,69.0
cybersecurity_agent_all_models_20260912,cybersecurity,cybersecurity-agent-v1,goose,qwen3-coder-next:latest,ca06e9e4087c714d44355bf954099187890e63084b4a632b8e9956c4b9492074,cyber_cti_attack_mapping,Map observed behaviors to MITRE ATT&CK,ok,fail,2,5,31.761,20260913_131528,70.0
cybersecurity_agent_all_models_20260912,cybersecurity,cybersecurity-agent-v1,goose,qwen3-coder-next:latest,ca06e9e4087c714d44355bf954099187890e63084b4a632b8e9956c4b9492074,cyber_elastic_esql_detection,Write an Elastic ES|QL behavioral detection,ok,pass,11,11,32.879,20260913_131528,66.0
cybersecurity_agent_all_models_20260912,cybersecurity,cybersecurity-agent-v1,goose,qwen3-coder-next:latest,ca06e9e4087c714d44355bf954099187890e63084b4a632b8e9956c4b9492074,cyber_exploit_crash_analysis,Analyze exploitability of a synthetic native crash,ok,fail,5,6,33.398,20260913_131528,68.0
cybersecurity_agent_all_models_20260912,cybersecurity,cybersecurity-agent-v1,goose,qwen3-coder-next:latest,ca06e9e4087c714d44355bf954099187890e63084b4a632b8e9956c4b9492074,cyber_exploit_toy_poc,Build a constrained proof of concept for a toy service,ok,pass,11,11,42.289,20260913_131528,70.0
cybersecurity_agent_all_models_20260912,cybersecurity,cybersecurity-agent-v1,goose,qwen3-coder-next:latest,ca06e9e4087c714d44355bf954099187890e63084b4a632b8e9956c4b9492074,cyber_foundations_architecture,Reason about a segmented enterprise architecture,ok,fail,1,4,42.869,20260913_131528,73.0
cybersecurity_agent_all_models_20260912,cybersecurity,cybersecurity-agent-v1,goose,qwen3-coder-next:latest,ca06e9e4087c714d44355bf954099187890e63084b4a632b8e9956c4b9492074,cyber_governance_risk_prioritization,Prioritize cyber risk and response outcomes,ok,fail,6,7,54.76,20260913_131528,72.0
cybersecurity_agent_all_models_20260912,cybersecurity,cybersecurity-agent-v1,goose,qwen3-coder-next:latest,ca06e9e4087c714d44355bf954099187890e63084b4a632b8e9956c4b9492074,cyber_incident_timeline,Reconstruct an incident timeline and response plan,ok,pass,8,8,36.923,20260913_131528,67.0
cybersecurity_agent_all_models_20260912,cybersecurity,cybersecurity-agent-v1,goose,qwen3-coder-next:latest,ca06e9e4087c714d44355bf954099187890e63084b4a632b8e9956c4b9492074,cyber_llm_prompt_injection,Harden an agent against indirect prompt injection,ok,fail,2,7,35.004,20260913_131528,68.0
cybersecurity_agent_all_models_20260912,cybersecurity,cybersecurity-agent-v1,goose,qwen3-coder-next:latest,ca06e9e4087c714d44355bf954099187890e63084b4a632b8e9956c4b9492074,cyber_llm_tool_rag_security,Secure tool use and RAG against poisoning and exfiltration,ok,fail,7,8,27.378,20260913_131528,69.0
cybersecurity_agent_all_models_20260912,cybersecurity,cybersecurity-agent-v1,goose,qwen3-coder-next:latest,ca06e9e4087c714d44355bf954099187890e63084b4a632b8e9956c4b9492074,cyber_malware_static_analysis,Classify a harmless synthetic malware specimen,ok,fail,5,6,33.965,20260913_131528,68.0
cybersecurity_agent_all_models_20260912,cybersecurity,cybersecurity-agent-v1,goose,qwen3-coder-next:latest,ca06e9e4087c714d44355bf954099187890e63084b4a632b8e9956c4b9492074,cyber_pentest_attack_path,Plan and validate an authorized lab attack path,ok,pass,6,6,38.2,20260913_131528,69.0
cybersecurity_agent_all_models_20260912,cybersecurity,cybersecurity-agent-v1,goose,qwen3-coder-next:latest,ca06e9e4087c714d44355bf954099187890e63084b4a632b8e9956c4b9492074,cyber_sentinel_kql_detection,Write a Microsoft Sentinel KQL analytic,ok,fail,9,10,58.418,20260913_131528,69.0
cybersecurity_agent_all_models_20260912,cybersecurity,cybersecurity-agent-v1,goose,qwen3-coder-next:latest,ca06e9e4087c714d44355bf954099187890e63084b4a632b8e9956c4b9492074,cyber_sigma_detection,Author a portable Sigma detection,ok,pass,10,10,35.967,20260913_131528,69.0
cybersecurity_agent_all_models_20260912,cybersecurity,cybersecurity-agent-v1,goose,qwen3-coder-next:latest,ca06e9e4087c714d44355bf954099187890e63084b4a632b8e9956c4b9492074,cyber_soc_alert_triage,Triage a noisy alert bundle,ok,pass,6,6,38.466,20260913_131528,69.0
cybersecurity_agent_all_models_20260912,cybersecurity,cybersecurity-agent-v1,goose,qwen3-coder-next:latest,ca06e9e4087c714d44355bf954099187890e63084b4a632b8e9956c4b9492074,cyber_spl_detection,Write a Splunk SPL detection and triage query,ok,fail,7,9,35.058,20260913_131528,68.0
cybersecurity_agent_all_models_20260912,cybersecurity,cybersecurity-agent-v1,goose,qwen3-coder-next:latest,ca06e9e4087c714d44355bf954099187890e63084b4a632b8e9956c4b9492074,cyber_threat_report_synthesis,Synthesize actionable intelligence from mixed-confidence reporting,ok,fail,6,8,40.376,20260913_131528,67.0
cybersecurity_agent_all_models_20260912,cybersecurity,cybersecurity-agent-v1,goose,qwen3-coder-next:latest,ca06e9e4087c714d44355bf954099187890e63084b4a632b8e9956c4b9492074,cyber_vulnerability_cvss_triage,Triage vulnerabilities using CVSS v4 and exposure context,ok,fail,0,1,74.058,20260913_131528,69.0
cybersecurity_agent_all_models_20260912,cybersecurity,cybersecurity-agent-v1,goose,qwen3.5:122b,8b9d11d807c57feb1e2ecb0d6cbf40334c37dcc3523bed5540af4f927f112a37,cyber_advanced_protocol_reasoning,Diagnose advanced protocol and cryptographic failures,ok,fail,2,5,202.965,20260913_131528,77.0
cybersecurity_agent_all_models_20260912,cybersecurity,cybersecurity-agent-v1,goose,qwen3.5:122b,8b9d11d807c57feb1e2ecb0d6cbf40334c37dcc3523bed5540af4f927f112a37,cyber_api_bola_remediation,Remediate broken object-level authorization,ok,fail,6,7,380.946,20260913_131528,80.0
cybersecurity_agent_all_models_20260912,cybersecurity,cybersecurity-agent-v1,goose,qwen3.5:122b,8b9d11d807c57feb1e2ecb0d6cbf40334c37dcc3523bed5540af4f927f112a37,cyber_appsec_code_review,Perform a CWE-grounded application security review,ok,pass,7,7,206.168,20260913_131528,80.0
cybersecurity_agent_all_models_20260912,cybersecurity,cybersecurity-agent-v1,goose,qwen3.5:122b,8b9d11d807c57feb1e2ecb0d6cbf40334c37dcc3523bed5540af4f927f112a37,cyber_appsec_secure_patch,Patch an injection-prone local utility,ok,fail,6,7,402.011,20260913_131528,79.0
cybersecurity_agent_all_models_20260912,cybersecurity,cybersecurity-agent-v1,goose,qwen3.5:122b,8b9d11d807c57feb1e2ecb0d6cbf40334c37dcc3523bed5540af4f927f112a37,cyber_chronicle_yaral_detection,Write a Google SecOps YARA-L 2.0 correlation rule,ok,pass,13,13,181.287,20260913_131528,79.0
cybersecurity_agent_all_models_20260912,cybersecurity,cybersecurity-agent-v1,goose,qwen3.5:122b,8b9d11d807c57feb1e2ecb0d6cbf40334c37dcc3523bed5540af4f927f112a37,cyber_cloud_kubernetes_hardening,Harden cloud IAM and a Kubernetes workload,ok,pass,13,13,205.268,20260913_131528,78.0
cybersecurity_agent_all_models_20260912,cybersecurity,cybersecurity-agent-v1,goose,qwen3.5:122b,8b9d11d807c57feb1e2ecb0d6cbf40334c37dcc3523bed5540af4f927f112a37,cyber_ctf_multidiscipline,Solve a compact multidisciplinary CTF set,ok,pass,6,6,342.193,20260913_131528,80.0
cybersecurity_agent_all_models_20260912,cybersecurity,cybersecurity-agent-v1,goose,qwen3.5:122b,8b9d11d807c57feb1e2ecb0d6cbf40334c37dcc3523bed5540af4f927f112a37,cyber_cti_attack_mapping,Map observed behaviors to MITRE ATT&CK,ok,fail,4,5,212.494,20260913_131528,79.0
cybersecurity_agent_all_models_20260912,cybersecurity,cybersecurity-agent-v1,goose,qwen3.5:122b,8b9d11d807c57feb1e2ecb0d6cbf40334c37dcc3523bed5540af4f927f112a37,cyber_elastic_esql_detection,Write an Elastic ES|QL behavioral detection,ok,fail,10,11,161.232,20260913_131528,79.0
cybersecurity_agent_all_models_20260912,cybersecurity,cybersecurity-agent-v1,goose,qwen3.5:122b,8b9d11d807c57feb1e2ecb0d6cbf40334c37dcc3523bed5540af4f927f112a37,cyber_exploit_crash_analysis,Analyze exploitability of a synthetic native crash,ok,fail,5,6,236.835,20260913_131528,81.0
cybersecurity_agent_all_models_20260912,cybersecurity,cybersecurity-agent-v1,goose,qwen3.5:122b,8b9d11d807c57feb1e2ecb0d6cbf40334c37dcc3523bed5540af4f927f112a37,cyber_exploit_toy_poc,Build a constrained proof of concept for a toy service,ok,fail,10,11,257.841,20260913_131528,81.0
cybersecurity_agent_all_models_20260912,cybersecurity,cybersecurity-agent-v1,goose,qwen3.5:122b,8b9d11d807c57feb1e2ecb0d6cbf40334c37dcc3523bed5540af4f927f112a37,cyber_foundations_architecture,Reason about a segmented enterprise architecture,ok,fail,1,4,409.705,20260913_131528,76.0
cybersecurity_agent_all_models_20260912,cybersecurity,cybersecurity-agent-v1,goose,qwen3.5:122b,8b9d11d807c57feb1e2ecb0d6cbf40334c37dcc3523bed5540af4f927f112a37,cyber_governance_risk_prioritization,Prioritize cyber risk and response outcomes,ok,pass,7,7,262.343,20260913_131528,78.0
cybersecurity_agent_all_models_20260912,cybersecurity,cybersecurity-agent-v1,goose,qwen3.5:122b,8b9d11d807c57feb1e2ecb0d6cbf40334c37dcc3523bed5540af4f927f112a37,cyber_incident_timeline,Reconstruct an incident timeline and response plan,ok,pass,8,8,255.798,20260913_131528,79.0
cybersecurity_agent_all_models_20260912,cybersecurity,cybersecurity-agent-v1,goose,qwen3.5:122b,8b9d11d807c57feb1e2ecb0d6cbf40334c37dcc3523bed5540af4f927f112a37,cyber_llm_prompt_injection,Harden an agent against indirect prompt injection,ok,fail,2,7,190.465,20260913_131528,80.0
cybersecurity_agent_all_models_20260912,cybersecurity,cybersecurity-agent-v1,goose,qwen3.5:122b,8b9d11d807c57feb1e2ecb0d6cbf40334c37dcc3523bed5540af4f927f112a37,cyber_llm_tool_rag_security,Secure tool use and RAG against poisoning and exfiltration,ok,fail,7,8,298.583,20260913_131528,80.0
cybersecurity_agent_all_models_20260912,cybersecurity,cybersecurity-agent-v1,goose,qwen3.5:122b,8b9d11d807c57feb1e2ecb0d6cbf40334c37dcc3523bed5540af4f927f112a37,cyber_malware_static_analysis,Classify a harmless synthetic malware specimen,ok,fail,5,6,146.33,20260913_131528,78.0
cybersecurity_agent_all_models_20260912,cybersecurity,cybersecurity-agent-v1,goose,qwen3.5:122b,8b9d11d807c57feb1e2ecb0d6cbf40334c37dcc3523bed5540af4f927f112a37,cyber_pentest_attack_path,Plan and validate an authorized lab attack path,ok,pass,6,6,193.129,20260913_131528,79.0
cybersecurity_agent_all_models_20260912,cybersecurity,cybersecurity-agent-v1,goose,qwen3.5:122b,8b9d11d807c57feb1e2ecb0d6cbf40334c37dcc3523bed5540af4f927f112a37,cyber_sentinel_kql_detection,Write a Microsoft Sentinel KQL analytic,ok,pass,10,10,220.511,20260913_131528,80.0
cybersecurity_agent_all_models_20260912,cybersecurity,cybersecurity-agent-v1,goose,qwen3.5:122b,8b9d11d807c57feb1e2ecb0d6cbf40334c37dcc3523bed5540af4f927f112a37,cyber_sigma_detection,Author a portable Sigma detection,ok,pass,10,10,163.937,20260913_131528,77.0
cybersecurity_agent_all_models_20260912,cybersecurity,cybersecurity-agent-v1,goose,qwen3.5:122b,8b9d11d807c57feb1e2ecb0d6cbf40334c37dcc3523bed5540af4f927f112a37,cyber_soc_alert_triage,Triage a noisy alert bundle,ok,pass,6,6,219.729,20260913_131528,78.0
cybersecurity_agent_all_models_20260912,cybersecurity,cybersecurity-agent-v1,goose,qwen3.5:122b,8b9d11d807c57feb1e2ecb0d6cbf40334c37dcc3523bed5540af4f927f112a37,cyber_spl_detection,Write a Splunk SPL detection and triage query,ok,fail,6,9,273.898,20260913_131528,80.0
cybersecurity_agent_all_models_20260912,cybersecurity,cybersecurity-agent-v1,goose,qwen3.5:122b,8b9d11d807c57feb1e2ecb0d6cbf40334c37dcc3523bed5540af4f927f112a37,cyber_threat_report_synthesis,Synthesize actionable intelligence from mixed-confidence reporting,ok,fail,7,8,155.111,20260913_131528,77.0
cybersecurity_agent_all_models_20260912,cybersecurity,cybersecurity-agent-v1,goose,qwen3.5:122b,8b9d11d807c57feb1e2ecb0d6cbf40334c37dcc3523bed5540af4f927f112a37,cyber_vulnerability_cvss_triage,Triage vulnerabilities using CVSS v4 and exposure context,ok,fail,2,6,296.98,20260913_131528,79.0
cybersecurity_agent_all_models_20260912,cybersecurity,cybersecurity-agent-v1,goose,qwen3.6:27b-q8_0,cd0210c667bffa98ad702668d05fda1f340bcbb0a2c769bd389670d19ad1441b,cyber_advanced_protocol_reasoning,Diagnose advanced protocol and cryptographic failures,ok,fail,1,5,488.143,20260913_131528,74.0
cybersecurity_agent_all_models_20260912,cybersecurity,cybersecurity-agent-v1,goose,qwen3.6:27b-q8_0,cd0210c667bffa98ad702668d05fda1f340bcbb0a2c769bd389670d19ad1441b,cyber_api_bola_remediation,Remediate broken object-level authorization,ok,fail,6,7,477.869,20260913_131528,73.0
cybersecurity_agent_all_models_20260912,cybersecurity,cybersecurity-agent-v1,goose,qwen3.6:27b-q8_0,cd0210c667bffa98ad702668d05fda1f340bcbb0a2c769bd389670d19ad1441b,cyber_appsec_code_review,Perform a CWE-grounded application security review,ok,pass,7,7,378.213,20260913_131528,71.0
cybersecurity_agent_all_models_20260912,cybersecurity,cybersecurity-agent-v1,goose,qwen3.6:27b-q8_0,cd0210c667bffa98ad702668d05fda1f340bcbb0a2c769bd389670d19ad1441b,cyber_appsec_secure_patch,Patch an injection-prone local utility,ok,fail,0,1,397.841,20260913_131528,71.0
cybersecurity_agent_all_models_20260912,cybersecurity,cybersecurity-agent-v1,goose,qwen3.6:27b-q8_0,cd0210c667bffa98ad702668d05fda1f340bcbb0a2c769bd389670d19ad1441b,cyber_chronicle_yaral_detection,Write a Google SecOps YARA-L 2.0 correlation rule,ok,pass,13,13,476.603,20260913_131528,74.0
cybersecurity_agent_all_models_20260912,cybersecurity,cybersecurity-agent-v1,goose,qwen3.6:27b-q8_0,cd0210c667bffa98ad702668d05fda1f340bcbb0a2c769bd389670d19ad1441b,cyber_cloud_kubernetes_hardening,Harden cloud IAM and a Kubernetes workload,ok,pass,13,13,556.737,20260913_131528,73.0
cybersecurity_agent_all_models_20260912,cybersecurity,cybersecurity-agent-v1,goose,qwen3.6:27b-q8_0,cd0210c667bffa98ad702668d05fda1f340bcbb0a2c769bd389670d19ad1441b,cyber_ctf_multidiscipline,Solve a compact multidisciplinary CTF set,ok,pass,6,6,675.651,20260913_131528,74.0
cybersecurity_agent_all_models_20260912,cybersecurity,cybersecurity-agent-v1,goose,qwen3.6:27b-q8_0,cd0210c667bffa98ad702668d05fda1f340bcbb0a2c769bd389670d19ad1441b,cyber_cti_attack_mapping,Map observed behaviors to MITRE ATT&CK,ok,fail,3,5,806.371,20260913_131528,73.0
cybersecurity_agent_all_models_20260912,cybersecurity,cybersecurity-agent-v1,goose,qwen3.6:27b-q8_0,cd0210c667bffa98ad702668d05fda1f340bcbb0a2c769bd389670d19ad1441b,cyber_elastic_esql_detection,Write an Elastic ES|QL behavioral detection,ok,pass,11,11,365.343,20260913_131528,73.0
cybersecurity_agent_all_models_20260912,cybersecurity,cybersecurity-agent-v1,goose,qwen3.6:27b-q8_0,cd0210c667bffa98ad702668d05fda1f340bcbb0a2c769bd389670d19ad1441b,cyber_exploit_crash_analysis,Analyze exploitability of a synthetic native crash,ok,fail,5,6,690.157,20260913_131528,73.0
cybersecurity_agent_all_models_20260912,cybersecurity,cybersecurity-agent-v1,goose,qwen3.6:27b-q8_0,cd0210c667bffa98ad702668d05fda1f340bcbb0a2c769bd389670d19ad1441b,cyber_exploit_toy_poc,Build a constrained proof of concept for a toy service,ok,fail,10,11,386.297,20260913_131528,74.0
cybersecurity_agent_all_models_20260912,cybersecurity,cybersecurity-agent-v1,goose,qwen3.6:27b-q8_0,cd0210c667bffa98ad702668d05fda1f340bcbb0a2c769bd389670d19ad1441b,cyber_foundations_architecture,Reason about a segmented enterprise architecture,ok,fail,0,1,547.557,20260913_131528,74.0
cybersecurity_agent_all_models_20260912,cybersecurity,cybersecurity-agent-v1,goose,qwen3.6:27b-q8_0,cd0210c667bffa98ad702668d05fda1f340bcbb0a2c769bd389670d19ad1441b,cyber_governance_risk_prioritization,Prioritize cyber risk and response outcomes,ok,pass,7,7,431.591,20260913_131528,73.0
cybersecurity_agent_all_models_20260912,cybersecurity,cybersecurity-agent-v1,goose,qwen3.6:27b-q8_0,cd0210c667bffa98ad702668d05fda1f340bcbb0a2c769bd389670d19ad1441b,cyber_incident_timeline,Reconstruct an incident timeline and response plan,ok,fail,7,8,303.625,20260913_131528,74.0
cybersecurity_agent_all_models_20260912,cybersecurity,cybersecurity-agent-v1,goose,qwen3.6:27b-q8_0,cd0210c667bffa98ad702668d05fda1f340bcbb0a2c769bd389670d19ad1441b,cyber_llm_prompt_injection,Harden an agent against indirect prompt injection,ok,fail,2,7,551.317,20260913_131528,73.0
cybersecurity_agent_all_models_20260912,cybersecurity,cybersecurity-agent-v1,goose,qwen3.6:27b-q8_0,cd0210c667bffa98ad702668d05fda1f340bcbb0a2c769bd389670d19ad1441b,cyber_llm_tool_rag_security,Secure tool use and RAG against poisoning and exfiltration,ok,fail,7,8,511.315,20260913_131528,73.0
cybersecurity_agent_all_models_20260912,cybersecurity,cybersecurity-agent-v1,goose,qwen3.6:27b-q8_0,cd0210c667bffa98ad702668d05fda1f340bcbb0a2c769bd389670d19ad1441b,cyber_malware_static_analysis,Classify a harmless synthetic malware specimen,ok,pass,6,6,630.954,20260913_131528,72.0
cybersecurity_agent_all_models_20260912,cybersecurity,cybersecurity-agent-v1,goose,qwen3.6:27b-q8_0,cd0210c667bffa98ad702668d05fda1f340bcbb0a2c769bd389670d19ad1441b,cyber_pentest_attack_path,Plan and validate an authorized lab attack path,ok,fail,0,1,380.331,20260913_131528,73.0
cybersecurity_agent_all_models_20260912,cybersecurity,cybersecurity-agent-v1,goose,qwen3.6:27b-q8_0,cd0210c667bffa98ad702668d05fda1f340bcbb0a2c769bd389670d19ad1441b,cyber_sentinel_kql_detection,Write a Microsoft Sentinel KQL analytic,ok,pass,10,10,495.376,20260913_131528,73.0
cybersecurity_agent_all_models_20260912,cybersecurity,cybersecurity-agent-v1,goose,qwen3.6:27b-q8_0,cd0210c667bffa98ad702668d05fda1f340bcbb0a2c769bd389670d19ad1441b,cyber_sigma_detection,Author a portable Sigma detection,ok,pass,10,10,323.874,20260913_131528,73.0
cybersecurity_agent_all_models_20260912,cybersecurity,cybersecurity-agent-v1,goose,qwen3.6:27b-q8_0,cd0210c667bffa98ad702668d05fda1f340bcbb0a2c769bd389670d19ad1441b,cyber_soc_alert_triage,Triage a noisy alert bundle,ok,pass,6,6,348.04,20260913_131528,73.0
cybersecurity_agent_all_models_20260912,cybersecurity,cybersecurity-agent-v1,goose,qwen3.6:27b-q8_0,cd0210c667bffa98ad702668d05fda1f340bcbb0a2c769bd389670d19ad1441b,cyber_spl_detection,Write a Splunk SPL detection and triage query,ok,fail,8,9,373.987,20260913_131528,72.0
cybersecurity_agent_all_models_20260912,cybersecurity,cybersecurity-agent-v1,goose,qwen3.6:27b-q8_0,cd0210c667bffa98ad702668d05fda1f340bcbb0a2c769bd389670d19ad1441b,cyber_threat_report_synthesis,Synthesize actionable intelligence from mixed-confidence reporting,ok,pass,8,8,366.033,20260913_131528,71.0
cybersecurity_agent_all_models_20260912,cybersecurity,cybersecurity-agent-v1,goose,qwen3.6:27b-q8_0,cd0210c667bffa98ad702668d05fda1f340bcbb0a2c769bd389670d19ad1441b,cyber_vulnerability_cvss_triage,Triage vulnerabilities using CVSS v4 and exposure context,ok,fail,3,6,511.516,20260913_131528,74.0
cybersecurity_agent_all_models_20260912,cybersecurity,cybersecurity-agent-v1,goose,qwen3.6:35b,07d35212591fc27746f0a317c975a6d68754fb38e9053d82e25f06057af28522,cyber_advanced_protocol_reasoning,Diagnose advanced protocol and cryptographic failures,ok,fail,1,5,58.166,20260913_131528,70.0
cybersecurity_agent_all_models_20260912,cybersecurity,cybersecurity-agent-v1,goose,qwen3.6:35b,07d35212591fc27746f0a317c975a6d68754fb38e9053d82e25f06057af28522,cyber_api_bola_remediation,Remediate broken object-level authorization,ok,fail,6,7,101.606,20260913_131528,78.0
cybersecurity_agent_all_models_20260912,cybersecurity,cybersecurity-agent-v1,goose,qwen3.6:35b,07d35212591fc27746f0a317c975a6d68754fb38e9053d82e25f06057af28522,cyber_appsec_code_review,Perform a CWE-grounded application security review,ok,fail,0,1,51.364,20260913_131528,75.0
cybersecurity_agent_all_models_20260912,cybersecurity,cybersecurity-agent-v1,goose,qwen3.6:35b,07d35212591fc27746f0a317c975a6d68754fb38e9053d82e25f06057af28522,cyber_appsec_secure_patch,Patch an injection-prone local utility,ok,fail,6,7,169.89,20260913_131528,78.0
cybersecurity_agent_all_models_20260912,cybersecurity,cybersecurity-agent-v1,goose,qwen3.6:35b,07d35212591fc27746f0a317c975a6d68754fb38e9053d82e25f06057af28522,cyber_chronicle_yaral_detection,Write a Google SecOps YARA-L 2.0 correlation rule,ok,fail,12,13,74.832,20260913_131528,76.0
cybersecurity_agent_all_models_20260912,cybersecurity,cybersecurity-agent-v1,goose,qwen3.6:35b,07d35212591fc27746f0a317c975a6d68754fb38e9053d82e25f06057af28522,cyber_cloud_kubernetes_hardening,Harden cloud IAM and a Kubernetes workload,ok,fail,0,1,59.411,20260913_131528,77.0
cybersecurity_agent_all_models_20260912,cybersecurity,cybersecurity-agent-v1,goose,qwen3.6:35b,07d35212591fc27746f0a317c975a6d68754fb38e9053d82e25f06057af28522,cyber_ctf_multidiscipline,Solve a compact multidisciplinary CTF set,ok,pass,6,6,58.901,20260913_131528,79.0
cybersecurity_agent_all_models_20260912,cybersecurity,cybersecurity-agent-v1,goose,qwen3.6:35b,07d35212591fc27746f0a317c975a6d68754fb38e9053d82e25f06057af28522,cyber_cti_attack_mapping,Map observed behaviors to MITRE ATT&CK,ok,fail,0,1,35.651,20260913_131528,74.0
cybersecurity_agent_all_models_20260912,cybersecurity,cybersecurity-agent-v1,goose,qwen3.6:35b,07d35212591fc27746f0a317c975a6d68754fb38e9053d82e25f06057af28522,cyber_elastic_esql_detection,Write an Elastic ES|QL behavioral detection,ok,fail,0,1,51.119,20260913_131528,75.0
cybersecurity_agent_all_models_20260912,cybersecurity,cybersecurity-agent-v1,goose,qwen3.6:35b,07d35212591fc27746f0a317c975a6d68754fb38e9053d82e25f06057af28522,cyber_exploit_crash_analysis,Analyze exploitability of a synthetic native crash,ok,fail,5,6,85.861,20260913_131528,75.0
cybersecurity_agent_all_models_20260912,cybersecurity,cybersecurity-agent-v1,goose,qwen3.6:35b,07d35212591fc27746f0a317c975a6d68754fb38e9053d82e25f06057af28522,cyber_exploit_toy_poc,Build a constrained proof of concept for a toy service,ok,pass,11,11,72.202,20260913_131528,78.0
cybersecurity_agent_all_models_20260912,cybersecurity,cybersecurity-agent-v1,goose,qwen3.6:35b,07d35212591fc27746f0a317c975a6d68754fb38e9053d82e25f06057af28522,cyber_foundations_architecture,Reason about a segmented enterprise architecture,ok,fail,1,4,70.628,20260913_131528,72.0
cybersecurity_agent_all_models_20260912,cybersecurity,cybersecurity-agent-v1,goose,qwen3.6:35b,07d35212591fc27746f0a317c975a6d68754fb38e9053d82e25f06057af28522,cyber_governance_risk_prioritization,Prioritize cyber risk and response outcomes,ok,pass,7,7,53.159,20260913_131528,72.0
cybersecurity_agent_all_models_20260912,cybersecurity,cybersecurity-agent-v1,goose,qwen3.6:35b,07d35212591fc27746f0a317c975a6d68754fb38e9053d82e25f06057af28522,cyber_incident_timeline,Reconstruct an incident timeline and response plan,ok,fail,0,1,58.184,20260913_131528,76.0
cybersecurity_agent_all_models_20260912,cybersecurity,cybersecurity-agent-v1,goose,qwen3.6:35b,07d35212591fc27746f0a317c975a6d68754fb38e9053d82e25f06057af28522,cyber_llm_prompt_injection,Harden an agent against indirect prompt injection,ok,fail,2,7,59.253,20260913_131528,78.0
cybersecurity_agent_all_models_20260912,cybersecurity,cybersecurity-agent-v1,goose,qwen3.6:35b,07d35212591fc27746f0a317c975a6d68754fb38e9053d82e25f06057af28522,cyber_llm_tool_rag_security,Secure tool use and RAG against poisoning and exfiltration,ok,fail,7,8,95.11,20260913_131528,78.0
cybersecurity_agent_all_models_20260912,cybersecurity,cybersecurity-agent-v1,goose,qwen3.6:35b,07d35212591fc27746f0a317c975a6d68754fb38e9053d82e25f06057af28522,cyber_malware_static_analysis,Classify a harmless synthetic malware specimen,ok,fail,5,6,110.12,20260913_131528,77.0
cybersecurity_agent_all_models_20260912,cybersecurity,cybersecurity-agent-v1,goose,qwen3.6:35b,07d35212591fc27746f0a317c975a6d68754fb38e9053d82e25f06057af28522,cyber_pentest_attack_path,Plan and validate an authorized lab attack path,ok,fail,0,1,62.627,20260913_131528,78.0
cybersecurity_agent_all_models_20260912,cybersecurity,cybersecurity-agent-v1,goose,qwen3.6:35b,07d35212591fc27746f0a317c975a6d68754fb38e9053d82e25f06057af28522,cyber_sentinel_kql_detection,Write a Microsoft Sentinel KQL analytic,ok,pass,10,10,83.791,20260913_131528,78.0
cybersecurity_agent_all_models_20260912,cybersecurity,cybersecurity-agent-v1,goose,qwen3.6:35b,07d35212591fc27746f0a317c975a6d68754fb38e9053d82e25f06057af28522,cyber_sigma_detection,Author a portable Sigma detection,ok,pass,10,10,98.065,20260913_131528,77.0
cybersecurity_agent_all_models_20260912,cybersecurity,cybersecurity-agent-v1,goose,qwen3.6:35b,07d35212591fc27746f0a317c975a6d68754fb38e9053d82e25f06057af28522,cyber_soc_alert_triage,Triage a noisy alert bundle,ok,fail,3,6,54.414,20260913_131528,72.0
cybersecurity_agent_all_models_20260912,cybersecurity,cybersecurity-agent-v1,goose,qwen3.6:35b,07d35212591fc27746f0a317c975a6d68754fb38e9053d82e25f06057af28522,cyber_spl_detection,Write a Splunk SPL detection and triage query,ok,fail,8,9,87.257,20260913_131528,76.0
cybersecurity_agent_all_models_20260912,cybersecurity,cybersecurity-agent-v1,goose,qwen3.6:35b,07d35212591fc27746f0a317c975a6d68754fb38e9053d82e25f06057af28522,cyber_threat_report_synthesis,Synthesize actionable intelligence from mixed-confidence reporting,ok,fail,6,8,56.148,20260913_131528,76.0
cybersecurity_agent_all_models_20260912,cybersecurity,cybersecurity-agent-v1,goose,qwen3.6:35b,07d35212591fc27746f0a317c975a6d68754fb38e9053d82e25f06057af28522,cyber_vulnerability_cvss_triage,Triage vulnerabilities using CVSS v4 and exposure context,ok,fail,3,6,82.821,20260913_131528,74.0
cybersecurity_agent_all_models_20260912,cybersecurity,cybersecurity-agent-v1,goose,qwen3.8:27b,22130167c4c20e20c7b71454612966ca8e8171e9b3cc8ab6ce8aa6cbfec79643,cyber_advanced_protocol_reasoning,Diagnose advanced protocol and cryptographic failures,ok,fail,1,5,157.445,20260913_131528,83.0
cybersecurity_agent_all_models_20260912,cybersecurity,cybersecurity-agent-v1,goose,qwen3.8:27b,22130167c4c20e20c7b71454612966ca8e8171e9b3cc8ab6ce8aa6cbfec79643,cyber_api_bola_remediation,Remediate broken object-level authorization,ok,fail,0,1,81.883,20260913_131528,83.0
cybersecurity_agent_all_models_20260912,cybersecurity,cybersecurity-agent-v1,goose,qwen3.8:27b,22130167c4c20e20c7b71454612966ca8e8171e9b3cc8ab6ce8aa6cbfec79643,cyber_appsec_code_review,Perform a CWE-grounded application security review,ok,pass,7,7,102.527,20260913_131528,82.0
cybersecurity_agent_all_models_20260912,cybersecurity,cybersecurity-agent-v1,goose,qwen3.8:27b,22130167c4c20e20c7b71454612966ca8e8171e9b3cc8ab6ce8aa6cbfec79643,cyber_appsec_secure_patch,Patch an injection-prone local utility,ok,fail,6,7,184.379,20260913_131528,85.0
cybersecurity_agent_all_models_20260912,cybersecurity,cybersecurity-agent-v1,goose,qwen3.8:27b,22130167c4c20e20c7b71454612966ca8e8171e9b3cc8ab6ce8aa6cbfec79643,cyber_chronicle_yaral_detection,Write a Google SecOps YARA-L 2.0 correlation rule,ok,pass,13,13,344.539,20260913_131528,85.0
cybersecurity_agent_all_models_20260912,cybersecurity,cybersecurity-agent-v1,goose,qwen3.8:27b,22130167c4c20e20c7b71454612966ca8e8171e9b3cc8ab6ce8aa6cbfec79643,cyber_cloud_kubernetes_hardening,Harden cloud IAM and a Kubernetes workload,ok,pass,13,13,65.595,20260913_131528,76.0
cybersecurity_agent_all_models_20260912,cybersecurity,cybersecurity-agent-v1,goose,qwen3.8:27b,22130167c4c20e20c7b71454612966ca8e8171e9b3cc8ab6ce8aa6cbfec79643,cyber_ctf_multidiscipline,Solve a compact multidisciplinary CTF set,ok,pass,6,6,60.66,20260913_131528,79.0
cybersecurity_agent_all_models_20260912,cybersecurity,cybersecurity-agent-v1,goose,qwen3.8:27b,22130167c4c20e20c7b71454612966ca8e8171e9b3cc8ab6ce8aa6cbfec79643,cyber_cti_attack_mapping,Map observed behaviors to MITRE ATT&CK,ok,pass,5,5,145.298,20260913_131528,82.0
cybersecurity_agent_all_models_20260912,cybersecurity,cybersecurity-agent-v1,goose,qwen3.8:27b,22130167c4c20e20c7b71454612966ca8e8171e9b3cc8ab6ce8aa6cbfec79643,cyber_elastic_esql_detection,Write an Elastic ES|QL behavioral detection,ok,fail,10,11,67.319,20260913_131528,78.0
cybersecurity_agent_all_models_20260912,cybersecurity,cybersecurity-agent-v1,goose,qwen3.8:27b,22130167c4c20e20c7b71454612966ca8e8171e9b3cc8ab6ce8aa6cbfec79643,cyber_exploit_crash_analysis,Analyze exploitability of a synthetic native crash,ok,pass,6,6,157.961,20260913_131528,84.0
cybersecurity_agent_all_models_20260912,cybersecurity,cybersecurity-agent-v1,goose,qwen3.8:27b,22130167c4c20e20c7b71454612966ca8e8171e9b3cc8ab6ce8aa6cbfec79643,cyber_exploit_toy_poc,Build a constrained proof of concept for a toy service,ok,fail,9,11,262.263,20260913_131528,83.0
cybersecurity_agent_all_models_20260912,cybersecurity,cybersecurity-agent-v1,goose,qwen3.8:27b,22130167c4c20e20c7b71454612966ca8e8171e9b3cc8ab6ce8aa6cbfec79643,cyber_foundations_architecture,Reason about a segmented enterprise architecture,ok,fail,1,4,85.653,20260913_131528,84.0
cybersecurity_agent_all_models_20260912,cybersecurity,cybersecurity-agent-v1,goose,qwen3.8:27b,22130167c4c20e20c7b71454612966ca8e8171e9b3cc8ab6ce8aa6cbfec79643,cyber_governance_risk_prioritization,Prioritize cyber risk and response outcomes,ok,pass,7,7,163.173,20260913_131528,78.0
cybersecurity_agent_all_models_20260912,cybersecurity,cybersecurity-agent-v1,goose,qwen3.8:27b,22130167c4c20e20c7b71454612966ca8e8171e9b3cc8ab6ce8aa6cbfec79643,cyber_incident_timeline,Reconstruct an incident timeline and response plan,ok,pass,8,8,108.799,20260913_131528,80.0
cybersecurity_agent_all_models_20260912,cybersecurity,cybersecurity-agent-v1,goose,qwen3.8:27b,22130167c4c20e20c7b71454612966ca8e8171e9b3cc8ab6ce8aa6cbfec79643,cyber_llm_prompt_injection,Harden an agent against indirect prompt injection,ok,fail,2,7,156.051,20260913_131528,85.0
cybersecurity_agent_all_models_20260912,cybersecurity,cybersecurity-agent-v1,goose,qwen3.8:27b,22130167c4c20e20c7b71454612966ca8e8171e9b3cc8ab6ce8aa6cbfec79643,cyber_llm_tool_rag_security,Secure tool use and RAG against poisoning and exfiltration,ok,fail,7,8,95.819,20260913_131528,79.0
cybersecurity_agent_all_models_20260912,cybersecurity,cybersecurity-agent-v1,goose,qwen3.8:27b,22130167c4c20e20c7b71454612966ca8e8171e9b3cc8ab6ce8aa6cbfec79643,cyber_malware_static_analysis,Classify a harmless synthetic malware specimen,ok,pass,6,6,126.122,20260913_131528,85.0
cybersecurity_agent_all_models_20260912,cybersecurity,cybersecurity-agent-v1,goose,qwen3.8:27b,22130167c4c20e20c7b71454612966ca8e8171e9b3cc8ab6ce8aa6cbfec79643,cyber_pentest_attack_path,Plan and validate an authorized lab attack path,ok,fail,5,6,274.982,20260913_131528,83.0
cybersecurity_agent_all_models_20260912,cybersecurity,cybersecurity-agent-v1,goose,qwen3.8:27b,22130167c4c20e20c7b71454612966ca8e8171e9b3cc8ab6ce8aa6cbfec79643,cyber_sentinel_kql_detection,Write a Microsoft Sentinel KQL analytic,ok,pass,10,10,131.161,20260913_131528,78.0
cybersecurity_agent_all_models_20260912,cybersecurity,cybersecurity-agent-v1,goose,qwen3.8:27b,22130167c4c20e20c7b71454612966ca8e8171e9b3cc8ab6ce8aa6cbfec79643,cyber_sigma_detection,Author a portable Sigma detection,ok,pass,10,10,160.674,20260913_131528,82.0
cybersecurity_agent_all_models_20260912,cybersecurity,cybersecurity-agent-v1,goose,qwen3.8:27b,22130167c4c20e20c7b71454612966ca8e8171e9b3cc8ab6ce8aa6cbfec79643,cyber_soc_alert_triage,Triage a noisy alert bundle,ok,pass,6,6,184.427,20260913_131528,84.0
cybersecurity_agent_all_models_20260912,cybersecurity,cybersecurity-agent-v1,goose,qwen3.8:27b,22130167c4c20e20c7b71454612966ca8e8171e9b3cc8ab6ce8aa6cbfec79643,cyber_spl_detection,Write a Splunk SPL detection and triage query,ok,fail,8,9,76.345,20260913_131528,78.0
cybersecurity_agent_all_models_20260912,cybersecurity,cybersecurity-agent-v1,goose,qwen3.8:27b,22130167c4c20e20c7b71454612966ca8e8171e9b3cc8ab6ce8aa6cbfec79643,cyber_threat_report_synthesis,Synthesize actionable intelligence from mixed-confidence reporting,ok,fail,7,8,62.435,20260913_131528,79.0
cybersecurity_agent_all_models_20260912,cybersecurity,cybersecurity-agent-v1,goose,qwen3.8:27b,22130167c4c20e20c7b71454612966ca8e8171e9b3cc8ab6ce8aa6cbfec79643,cyber_vulnerability_cvss_triage,Triage vulnerabilities using CVSS v4 and exposure context,ok,fail,3,6,125.217,20260913_131528,86.0
cybersecurity_agent_all_models_20260912,cybersecurity,cybersecurity-agent-v1,goose,qwen3.8:27b-mtp-bf16,197257101a8c1b63edbaba1cf030f60396b15d11a604b29806546b837b3b5e57,cyber_advanced_protocol_reasoning,Diagnose advanced protocol and cryptographic failures,ok,fail,2,5,616.155,20260913_131528,70.0
cybersecurity_agent_all_models_20260912,cybersecurity,cybersecurity-agent-v1,goose,qwen3.8:27b-mtp-bf16,197257101a8c1b63edbaba1cf030f60396b15d11a604b29806546b837b3b5e57,cyber_api_bola_remediation,Remediate broken object-level authorization,ok,grader_error,0,0,415.513,20260913_131528,70.0
cybersecurity_agent_all_models_20260912,cybersecurity,cybersecurity-agent-v1,goose,qwen3.8:27b-mtp-bf16,197257101a8c1b63edbaba1cf030f60396b15d11a604b29806546b837b3b5e57,cyber_appsec_code_review,Perform a CWE-grounded application security review,ok,pass,7,7,167.347,20260913_131528,69.0
cybersecurity_agent_all_models_20260912,cybersecurity,cybersecurity-agent-v1,goose,qwen3.8:27b-mtp-bf16,197257101a8c1b63edbaba1cf030f60396b15d11a604b29806546b837b3b5e57,cyber_appsec_secure_patch,Patch an injection-prone local utility,ok,fail,6,7,1177.176,20260913_131528,69.0
cybersecurity_agent_all_models_20260912,cybersecurity,cybersecurity-agent-v1,goose,qwen3.8:27b-mtp-bf16,197257101a8c1b63edbaba1cf030f60396b15d11a604b29806546b837b3b5e57,cyber_chronicle_yaral_detection,Write a Google SecOps YARA-L 2.0 correlation rule,ok,fail,0,1,467.273,20260913_131528,70.0
cybersecurity_agent_all_models_20260912,cybersecurity,cybersecurity-agent-v1,goose,qwen3.8:27b-mtp-bf16,197257101a8c1b63edbaba1cf030f60396b15d11a604b29806546b837b3b5e57,cyber_cloud_kubernetes_hardening,Harden cloud IAM and a Kubernetes workload,ok,pass,13,13,160.068,20260913_131528,69.0
cybersecurity_agent_all_models_20260912,cybersecurity,cybersecurity-agent-v1,goose,qwen3.8:27b-mtp-bf16,197257101a8c1b63edbaba1cf030f60396b15d11a604b29806546b837b3b5e57,cyber_ctf_multidiscipline,Solve a compact multidisciplinary CTF set,ok,pass,6,6,362.662,20260913_131528,69.0
cybersecurity_agent_all_models_20260912,cybersecurity,cybersecurity-agent-v1,goose,qwen3.8:27b-mtp-bf16,197257101a8c1b63edbaba1cf030f60396b15d11a604b29806546b837b3b5e57,cyber_cti_attack_mapping,Map observed behaviors to MITRE ATT&CK,ok,fail,4,5,258.091,20260913_131528,67.0
cybersecurity_agent_all_models_20260912,cybersecurity,cybersecurity-agent-v1,goose,qwen3.8:27b-mtp-bf16,197257101a8c1b63edbaba1cf030f60396b15d11a604b29806546b837b3b5e57,cyber_elastic_esql_detection,Write an Elastic ES|QL behavioral detection,ok,fail,10,11,154.192,20260913_131528,68.0
cybersecurity_agent_all_models_20260912,cybersecurity,cybersecurity-agent-v1,goose,qwen3.8:27b-mtp-bf16,197257101a8c1b63edbaba1cf030f60396b15d11a604b29806546b837b3b5e57,cyber_exploit_crash_analysis,Analyze exploitability of a synthetic native crash,ok,pass,6,6,208.149,20260913_131528,69.0
cybersecurity_agent_all_models_20260912,cybersecurity,cybersecurity-agent-v1,goose,qwen3.8:27b-mtp-bf16,197257101a8c1b63edbaba1cf030f60396b15d11a604b29806546b837b3b5e57,cyber_exploit_toy_poc,Build a constrained proof of concept for a toy service,ok,fail,9,11,161.073,20260913_131528,70.0
cybersecurity_agent_all_models_20260912,cybersecurity,cybersecurity-agent-v1,goose,qwen3.8:27b-mtp-bf16,197257101a8c1b63edbaba1cf030f60396b15d11a604b29806546b837b3b5e57,cyber_foundations_architecture,Reason about a segmented enterprise architecture,ok,fail,1,4,222.141,20260913_131528,73.0
cybersecurity_agent_all_models_20260912,cybersecurity,cybersecurity-agent-v1,goose,qwen3.8:27b-mtp-bf16,197257101a8c1b63edbaba1cf030f60396b15d11a604b29806546b837b3b5e57,cyber_governance_risk_prioritization,Prioritize cyber risk and response outcomes,ok,pass,7,7,952.752,20260913_131528,67.0
cybersecurity_agent_all_models_20260912,cybersecurity,cybersecurity-agent-v1,goose,qwen3.8:27b-mtp-bf16,197257101a8c1b63edbaba1cf030f60396b15d11a604b29806546b837b3b5e57,cyber_incident_timeline,Reconstruct an incident timeline and response plan,ok,pass,8,8,191.952,20260913_131528,68.0
cybersecurity_agent_all_models_20260912,cybersecurity,cybersecurity-agent-v1,goose,qwen3.8:27b-mtp-bf16,197257101a8c1b63edbaba1cf030f60396b15d11a604b29806546b837b3b5e57,cyber_llm_prompt_injection,Harden an agent against indirect prompt injection,ok,fail,2,7,188.11,20260913_131528,70.0
cybersecurity_agent_all_models_20260912,cybersecurity,cybersecurity-agent-v1,goose,qwen3.8:27b-mtp-bf16,197257101a8c1b63edbaba1cf030f60396b15d11a604b29806546b837b3b5e57,cyber_llm_tool_rag_security,Secure tool use and RAG against poisoning and exfiltration,ok,fail,0,1,374.26,20260913_131528,68.0
cybersecurity_agent_all_models_20260912,cybersecurity,cybersecurity-agent-v1,goose,qwen3.8:27b-mtp-bf16,197257101a8c1b63edbaba1cf030f60396b15d11a604b29806546b837b3b5e57,cyber_malware_static_analysis,Classify a harmless synthetic malware specimen,ok,fail,0,1,196.461,20260913_131528,68.0
cybersecurity_agent_all_models_20260912,cybersecurity,cybersecurity-agent-v1,goose,qwen3.8:27b-mtp-bf16,197257101a8c1b63edbaba1cf030f60396b15d11a604b29806546b837b3b5e57,cyber_pentest_attack_path,Plan and validate an authorized lab attack path,ok,pass,6,6,358.343,20260913_131528,70.0
cybersecurity_agent_all_models_20260912,cybersecurity,cybersecurity-agent-v1,goose,qwen3.8:27b-mtp-bf16,197257101a8c1b63edbaba1cf030f60396b15d11a604b29806546b837b3b5e57,cyber_sentinel_kql_detection,Write a Microsoft Sentinel KQL analytic,ok,pass,10,10,253.699,20260913_131528,69.0
cybersecurity_agent_all_models_20260912,cybersecurity,cybersecurity-agent-v1,goose,qwen3.8:27b-mtp-bf16,197257101a8c1b63edbaba1cf030f60396b15d11a604b29806546b837b3b5e57,cyber_sigma_detection,Author a portable Sigma detection,ok,pass,10,10,210.46,20260913_131528,68.0
cybersecurity_agent_all_models_20260912,cybersecurity,cybersecurity-agent-v1,goose,qwen3.8:27b-mtp-bf16,197257101a8c1b63edbaba1cf030f60396b15d11a604b29806546b837b3b5e57,cyber_soc_alert_triage,Triage a noisy alert bundle,ok,pass,6,6,143.048,20260913_131528,67.0
cybersecurity_agent_all_models_20260912,cybersecurity,cybersecurity-agent-v1,goose,qwen3.8:27b-mtp-bf16,197257101a8c1b63edbaba1cf030f60396b15d11a604b29806546b837b3b5e57,cyber_spl_detection,Write a Splunk SPL detection and triage query,ok,fail,8,9,211.619,20260913_131528,67.0
cybersecurity_agent_all_models_20260912,cybersecurity,cybersecurity-agent-v1,goose,qwen3.8:27b-mtp-bf16,197257101a8c1b63edbaba1cf030f60396b15d11a604b29806546b837b3b5e57,cyber_threat_report_synthesis,Synthesize actionable intelligence from mixed-confidence reporting,ok,fail,7,8,133.01,20260913_131528,68.0
cybersecurity_agent_all_models_20260912,cybersecurity,cybersecurity-agent-v1,goose,qwen3.8:27b-mtp-bf16,197257101a8c1b63edbaba1cf030f60396b15d11a604b29806546b837b3b5e57,cyber_vulnerability_cvss_triage,Triage vulnerabilities using CVSS v4 and exposure context,ok,fail,2,6,277.343,20260913_131528,67.0
cybersecurity_agent_all_models_20260912,cybersecurity,cybersecurity-agent-v1,goose,qwen3.8:27b-mtp-q8_0,8a15828773037bdbb79b103ca20344c67a05251521b918a534c135ca76f1f04d,cyber_advanced_protocol_reasoning,Diagnose advanced protocol and cryptographic failures,ok,fail,2,5,272.587,20260913_131528,76.0
cybersecurity_agent_all_models_20260912,cybersecurity,cybersecurity-agent-v1,goose,qwen3.8:27b-mtp-q8_0,8a15828773037bdbb79b103ca20344c67a05251521b918a534c135ca76f1f04d,cyber_api_bola_remediation,Remediate broken object-level authorization,ok,fail,6,7,174.304,20260913_131528,78.0
cybersecurity_agent_all_models_20260912,cybersecurity,cybersecurity-agent-v1,goose,qwen3.8:27b-mtp-q8_0,8a15828773037bdbb79b103ca20344c67a05251521b918a534c135ca76f1f04d,cyber_appsec_code_review,Perform a CWE-grounded application security review,ok,pass,7,7,106.655,20260913_131528,75.0
cybersecurity_agent_all_models_20260912,cybersecurity,cybersecurity-agent-v1,goose,qwen3.8:27b-mtp-q8_0,8a15828773037bdbb79b103ca20344c67a05251521b918a534c135ca76f1f04d,cyber_appsec_secure_patch,Patch an injection-prone local utility,ok,fail,6,7,935.011,20260913_131528,78.0
cybersecurity_agent_all_models_20260912,cybersecurity,cybersecurity-agent-v1,goose,qwen3.8:27b-mtp-q8_0,8a15828773037bdbb79b103ca20344c67a05251521b918a534c135ca76f1f04d,cyber_chronicle_yaral_detection,Write a Google SecOps YARA-L 2.0 correlation rule,ok,pass,13,13,769.115,20260913_131528,78.0
cybersecurity_agent_all_models_20260912,cybersecurity,cybersecurity-agent-v1,goose,qwen3.8:27b-mtp-q8_0,8a15828773037bdbb79b103ca20344c67a05251521b918a534c135ca76f1f04d,cyber_cloud_kubernetes_hardening,Harden cloud IAM and a Kubernetes workload,ok,pass,13,13,115.906,20260913_131528,78.0
cybersecurity_agent_all_models_20260912,cybersecurity,cybersecurity-agent-v1,goose,qwen3.8:27b-mtp-q8_0,8a15828773037bdbb79b103ca20344c67a05251521b918a534c135ca76f1f04d,cyber_ctf_multidiscipline,Solve a compact multidisciplinary CTF set,ok,pass,6,6,170.99,20260913_131528,78.0
cybersecurity_agent_all_models_20260912,cybersecurity,cybersecurity-agent-v1,goose,qwen3.8:27b-mtp-q8_0,8a15828773037bdbb79b103ca20344c67a05251521b918a534c135ca76f1f04d,cyber_cti_attack_mapping,Map observed behaviors to MITRE ATT&CK,ok,pass,5,5,127.908,20260913_131528,75.0
cybersecurity_agent_all_models_20260912,cybersecurity,cybersecurity-agent-v1,goose,qwen3.8:27b-mtp-q8_0,8a15828773037bdbb79b103ca20344c67a05251521b918a534c135ca76f1f04d,cyber_elastic_esql_detection,Write an Elastic ES|QL behavioral detection,ok,fail,10,11,67.115,20260913_131528,74.0
cybersecurity_agent_all_models_20260912,cybersecurity,cybersecurity-agent-v1,goose,qwen3.8:27b-mtp-q8_0,8a15828773037bdbb79b103ca20344c67a05251521b918a534c135ca76f1f04d,cyber_exploit_crash_analysis,Analyze exploitability of a synthetic native crash,ok,fail,5,6,285.388,20260913_131528,78.0
cybersecurity_agent_all_models_20260912,cybersecurity,cybersecurity-agent-v1,goose,qwen3.8:27b-mtp-q8_0,8a15828773037bdbb79b103ca20344c67a05251521b918a534c135ca76f1f04d,cyber_exploit_toy_poc,Build a constrained proof of concept for a toy service,ok,fail,9,11,308.937,20260913_131528,78.0
cybersecurity_agent_all_models_20260912,cybersecurity,cybersecurity-agent-v1,goose,qwen3.8:27b-mtp-q8_0,8a15828773037bdbb79b103ca20344c67a05251521b918a534c135ca76f1f04d,cyber_foundations_architecture,Reason about a segmented enterprise architecture,ok,fail,1,4,139.159,20260913_131528,74.0
cybersecurity_agent_all_models_20260912,cybersecurity,cybersecurity-agent-v1,goose,qwen3.8:27b-mtp-q8_0,8a15828773037bdbb79b103ca20344c67a05251521b918a534c135ca76f1f04d,cyber_governance_risk_prioritization,Prioritize cyber risk and response outcomes,ok,pass,7,7,97.722,20260913_131528,74.0
cybersecurity_agent_all_models_20260912,cybersecurity,cybersecurity-agent-v1,goose,qwen3.8:27b-mtp-q8_0,8a15828773037bdbb79b103ca20344c67a05251521b918a534c135ca76f1f04d,cyber_incident_timeline,Reconstruct an incident timeline and response plan,ok,pass,8,8,159.819,20260913_131528,76.0
cybersecurity_agent_all_models_20260912,cybersecurity,cybersecurity-agent-v1,goose,qwen3.8:27b-mtp-q8_0,8a15828773037bdbb79b103ca20344c67a05251521b918a534c135ca76f1f04d,cyber_llm_prompt_injection,Harden an agent against indirect prompt injection,ok,fail,2,7,221.818,20260913_131528,78.0
cybersecurity_agent_all_models_20260912,cybersecurity,cybersecurity-agent-v1,goose,qwen3.8:27b-mtp-q8_0,8a15828773037bdbb79b103ca20344c67a05251521b918a534c135ca76f1f04d,cyber_llm_tool_rag_security,Secure tool use and RAG against poisoning and exfiltration,ok,fail,7,8,132.993,20260913_131528,78.0
cybersecurity_agent_all_models_20260912,cybersecurity,cybersecurity-agent-v1,goose,qwen3.8:27b-mtp-q8_0,8a15828773037bdbb79b103ca20344c67a05251521b918a534c135ca76f1f04d,cyber_malware_static_analysis,Classify a harmless synthetic malware specimen,ok,pass,6,6,217.573,20260913_131528,77.0
cybersecurity_agent_all_models_20260912,cybersecurity,cybersecurity-agent-v1,goose,qwen3.8:27b-mtp-q8_0,8a15828773037bdbb79b103ca20344c67a05251521b918a534c135ca76f1f04d,cyber_pentest_attack_path,Plan and validate an authorized lab attack path,ok,fail,5,6,118.886,20260913_131528,77.0
cybersecurity_agent_all_models_20260912,cybersecurity,cybersecurity-agent-v1,goose,qwen3.8:27b-mtp-q8_0,8a15828773037bdbb79b103ca20344c67a05251521b918a534c135ca76f1f04d,cyber_sentinel_kql_detection,Write a Microsoft Sentinel KQL analytic,ok,pass,10,10,268.547,20260913_131528,76.0
cybersecurity_agent_all_models_20260912,cybersecurity,cybersecurity-agent-v1,goose,qwen3.8:27b-mtp-q8_0,8a15828773037bdbb79b103ca20344c67a05251521b918a534c135ca76f1f04d,cyber_sigma_detection,Author a portable Sigma detection,ok,pass,10,10,90.394,20260913_131528,75.0
cybersecurity_agent_all_models_20260912,cybersecurity,cybersecurity-agent-v1,goose,qwen3.8:27b-mtp-q8_0,8a15828773037bdbb79b103ca20344c67a05251521b918a534c135ca76f1f04d,cyber_soc_alert_triage,Triage a noisy alert bundle,ok,pass,6,6,160.367,20260913_131528,76.0
cybersecurity_agent_all_models_20260912,cybersecurity,cybersecurity-agent-v1,goose,qwen3.8:27b-mtp-q8_0,8a15828773037bdbb79b103ca20344c67a05251521b918a534c135ca76f1f04d,cyber_spl_detection,Write a Splunk SPL detection and triage query,ok,fail,7,9,180.427,20260913_131528,77.0
cybersecurity_agent_all_models_20260912,cybersecurity,cybersecurity-agent-v1,goose,qwen3.8:27b-mtp-q8_0,8a15828773037bdbb79b103ca20344c67a05251521b918a534c135ca76f1f04d,cyber_threat_report_synthesis,Synthesize actionable intelligence from mixed-confidence reporting,ok,pass,8,8,448.586,20260913_131528,78.0
cybersecurity_agent_all_models_20260912,cybersecurity,cybersecurity-agent-v1,goose,qwen3.8:27b-mtp-q8_0,8a15828773037bdbb79b103ca20344c67a05251521b918a534c135ca76f1f04d,cyber_vulnerability_cvss_triage,Triage vulnerabilities using CVSS v4 and exposure context,ok,fail,3,6,988.713,20260913_131528,77.0
cybersecurity_agent_all_models_20260912,cybersecurity,cybersecurity-agent-v1,goose,qwen3:8b,500a1f067a9f782620b40bee6f7b0c89e17ae61f686b92c24933e4ca4b2b8b41,cyber_advanced_protocol_reasoning,Diagnose advanced protocol and cryptographic failures,ok,fail,0,1,101.939,20260913_131528,75.0
cybersecurity_agent_all_models_20260912,cybersecurity,cybersecurity-agent-v1,goose,qwen3:8b,500a1f067a9f782620b40bee6f7b0c89e17ae61f686b92c24933e4ca4b2b8b41,cyber_api_bola_remediation,Remediate broken object-level authorization,ok,fail,6,7,237.495,20260913_131528,81.0
cybersecurity_agent_all_models_20260912,cybersecurity,cybersecurity-agent-v1,goose,qwen3:8b,500a1f067a9f782620b40bee6f7b0c89e17ae61f686b92c24933e4ca4b2b8b41,cyber_appsec_code_review,Perform a CWE-grounded application security review,ok,fail,6,7,102.763,20260913_131528,80.0
cybersecurity_agent_all_models_20260912,cybersecurity,cybersecurity-agent-v1,goose,qwen3:8b,500a1f067a9f782620b40bee6f7b0c89e17ae61f686b92c24933e4ca4b2b8b41,cyber_appsec_secure_patch,Patch an injection-prone local utility,ok,fail,0,1,64.662,20260913_131528,82.0
cybersecurity_agent_all_models_20260912,cybersecurity,cybersecurity-agent-v1,goose,qwen3:8b,500a1f067a9f782620b40bee6f7b0c89e17ae61f686b92c24933e4ca4b2b8b41,cyber_chronicle_yaral_detection,Write a Google SecOps YARA-L 2.0 correlation rule,ok,fail,12,13,95.09,20260913_131528,75.0
cybersecurity_agent_all_models_20260912,cybersecurity,cybersecurity-agent-v1,goose,qwen3:8b,500a1f067a9f782620b40bee6f7b0c89e17ae61f686b92c24933e4ca4b2b8b41,cyber_cloud_kubernetes_hardening,Harden cloud IAM and a Kubernetes workload,ok,fail,9,13,125.035,20260913_131528,78.0
cybersecurity_agent_all_models_20260912,cybersecurity,cybersecurity-agent-v1,goose,qwen3:8b,500a1f067a9f782620b40bee6f7b0c89e17ae61f686b92c24933e4ca4b2b8b41,cyber_ctf_multidiscipline,Solve a compact multidisciplinary CTF set,ok,fail,0,1,633.67,20260913_131528,78.0
cybersecurity_agent_all_models_20260912,cybersecurity,cybersecurity-agent-v1,goose,qwen3:8b,500a1f067a9f782620b40bee6f7b0c89e17ae61f686b92c24933e4ca4b2b8b41,cyber_cti_attack_mapping,Map observed behaviors to MITRE ATT&CK,ok,fail,1,5,93.838,20260913_131528,75.0
cybersecurity_agent_all_models_20260912,cybersecurity,cybersecurity-agent-v1,goose,qwen3:8b,500a1f067a9f782620b40bee6f7b0c89e17ae61f686b92c24933e4ca4b2b8b41,cyber_elastic_esql_detection,Write an Elastic ES|QL behavioral detection,ok,fail,7,11,120.832,20260913_131528,73.0
cybersecurity_agent_all_models_20260912,cybersecurity,cybersecurity-agent-v1,goose,qwen3:8b,500a1f067a9f782620b40bee6f7b0c89e17ae61f686b92c24933e4ca4b2b8b41,cyber_exploit_crash_analysis,Analyze exploitability of a synthetic native crash,ok,fail,0,1,94.867,20260913_131528,79.0
cybersecurity_agent_all_models_20260912,cybersecurity,cybersecurity-agent-v1,goose,qwen3:8b,500a1f067a9f782620b40bee6f7b0c89e17ae61f686b92c24933e4ca4b2b8b41,cyber_exploit_toy_poc,Build a constrained proof of concept for a toy service,ok,fail,9,11,164.22,20260913_131528,78.0
cybersecurity_agent_all_models_20260912,cybersecurity,cybersecurity-agent-v1,goose,qwen3:8b,500a1f067a9f782620b40bee6f7b0c89e17ae61f686b92c24933e4ca4b2b8b41,cyber_foundations_architecture,Reason about a segmented enterprise architecture,ok,fail,1,4,94.567,20260913_131528,75.0
cybersecurity_agent_all_models_20260912,cybersecurity,cybersecurity-agent-v1,goose,qwen3:8b,500a1f067a9f782620b40bee6f7b0c89e17ae61f686b92c24933e4ca4b2b8b41,cyber_governance_risk_prioritization,Prioritize cyber risk and response outcomes,ok,fail,0,1,39.136,20260913_131528,75.0
cybersecurity_agent_all_models_20260912,cybersecurity,cybersecurity-agent-v1,goose,qwen3:8b,500a1f067a9f782620b40bee6f7b0c89e17ae61f686b92c24933e4ca4b2b8b41,cyber_incident_timeline,Reconstruct an incident timeline and response plan,ok,fail,6,8,92.697,20260913_131528,82.0
cybersecurity_agent_all_models_20260912,cybersecurity,cybersecurity-agent-v1,goose,qwen3:8b,500a1f067a9f782620b40bee6f7b0c89e17ae61f686b92c24933e4ca4b2b8b41,cyber_llm_prompt_injection,Harden an agent against indirect prompt injection,ok,fail,2,7,62.385,20260913_131528,75.0
cybersecurity_agent_all_models_20260912,cybersecurity,cybersecurity-agent-v1,goose,qwen3:8b,500a1f067a9f782620b40bee6f7b0c89e17ae61f686b92c24933e4ca4b2b8b41,cyber_llm_tool_rag_security,Secure tool use and RAG against poisoning and exfiltration,ok,fail,7,8,110.814,20260913_131528,79.0
cybersecurity_agent_all_models_20260912,cybersecurity,cybersecurity-agent-v1,goose,qwen3:8b,500a1f067a9f782620b40bee6f7b0c89e17ae61f686b92c24933e4ca4b2b8b41,cyber_malware_static_analysis,Classify a harmless synthetic malware specimen,ok,fail,0,1,101.945,20260913_131528,83.0
cybersecurity_agent_all_models_20260912,cybersecurity,cybersecurity-agent-v1,goose,qwen3:8b,500a1f067a9f782620b40bee6f7b0c89e17ae61f686b92c24933e4ca4b2b8b41,cyber_pentest_attack_path,Plan and validate an authorized lab attack path,ok,pass,6,6,112.093,20260913_131528,78.0
cybersecurity_agent_all_models_20260912,cybersecurity,cybersecurity-agent-v1,goose,qwen3:8b,500a1f067a9f782620b40bee6f7b0c89e17ae61f686b92c24933e4ca4b2b8b41,cyber_sentinel_kql_detection,Write a Microsoft Sentinel KQL analytic,ok,fail,7,10,155.332,20260913_131528,78.0
cybersecurity_agent_all_models_20260912,cybersecurity,cybersecurity-agent-v1,goose,qwen3:8b,500a1f067a9f782620b40bee6f7b0c89e17ae61f686b92c24933e4ca4b2b8b41,cyber_sigma_detection,Author a portable Sigma detection,ok,fail,0,1,51.173,20260913_131528,78.0
cybersecurity_agent_all_models_20260912,cybersecurity,cybersecurity-agent-v1,goose,qwen3:8b,500a1f067a9f782620b40bee6f7b0c89e17ae61f686b92c24933e4ca4b2b8b41,cyber_soc_alert_triage,Triage a noisy alert bundle,ok,fail,5,6,83.013,20260913_131528,77.0
cybersecurity_agent_all_models_20260912,cybersecurity,cybersecurity-agent-v1,goose,qwen3:8b,500a1f067a9f782620b40bee6f7b0c89e17ae61f686b92c24933e4ca4b2b8b41,cyber_spl_detection,Write a Splunk SPL detection and triage query,ok,fail,0,1,166.762,20260913_131528,78.0
cybersecurity_agent_all_models_20260912,cybersecurity,cybersecurity-agent-v1,goose,qwen3:8b,500a1f067a9f782620b40bee6f7b0c89e17ae61f686b92c24933e4ca4b2b8b41,cyber_threat_report_synthesis,Synthesize actionable intelligence from mixed-confidence reporting,ok,fail,0,1,80.681,20260913_131528,77.0
cybersecurity_agent_all_models_20260912,cybersecurity,cybersecurity-agent-v1,goose,qwen3:8b,500a1f067a9f782620b40bee6f7b0c89e17ae61f686b92c24933e4ca4b2b8b41,cyber_vulnerability_cvss_triage,Triage vulnerabilities using CVSS v4 and exposure context,ok,fail,3,6,138.232,20260913_131528,76.0
cybersecurity_agent_hermes_openclaw_20260916,cybersecurity,cybersecurity-agent-v1,hermes,deepseek-r1:32b-qwen-distill-q8_0,b177522350a4e9ddae851d8e6f3b54f9925de51357404047831a67e41dbaf343,cyber_advanced_protocol_reasoning,Diagnose advanced protocol and cryptographic failures,ok,fail,0,1,246.096,20260916_072020,69.0
cybersecurity_agent_hermes_openclaw_20260916,cybersecurity,cybersecurity-agent-v1,hermes,deepseek-r1:32b-qwen-distill-q8_0,b177522350a4e9ddae851d8e6f3b54f9925de51357404047831a67e41dbaf343,cyber_api_bola_remediation,Remediate broken object-level authorization,ok,fail,0,1,172.652,20260916_072020,71.0
cybersecurity_agent_hermes_openclaw_20260916,cybersecurity,cybersecurity-agent-v1,hermes,deepseek-r1:32b-qwen-distill-q8_0,b177522350a4e9ddae851d8e6f3b54f9925de51357404047831a67e41dbaf343,cyber_appsec_code_review,Perform a CWE-grounded application security review,ok,fail,0,1,192.305,20260916_072020,70.0
cybersecurity_agent_hermes_openclaw_20260916,cybersecurity,cybersecurity-agent-v1,hermes,deepseek-r1:32b-qwen-distill-q8_0,b177522350a4e9ddae851d8e6f3b54f9925de51357404047831a67e41dbaf343,cyber_appsec_secure_patch,Patch an injection-prone local utility,ok,fail,0,1,166.005,20260916_072020,71.0
cybersecurity_agent_hermes_openclaw_20260916,cybersecurity,cybersecurity-agent-v1,hermes,deepseek-r1:32b-qwen-distill-q8_0,b177522350a4e9ddae851d8e6f3b54f9925de51357404047831a67e41dbaf343,cyber_chronicle_yaral_detection,Write a Google SecOps YARA-L 2.0 correlation rule,ok,fail,0,1,200.727,20260916_072020,71.0
cybersecurity_agent_hermes_openclaw_20260916,cybersecurity,cybersecurity-agent-v1,hermes,deepseek-r1:32b-qwen-distill-q8_0,b177522350a4e9ddae851d8e6f3b54f9925de51357404047831a67e41dbaf343,cyber_cloud_kubernetes_hardening,Harden cloud IAM and a Kubernetes workload,ok,fail,0,1,272.679,20260916_072020,71.0
cybersecurity_agent_hermes_openclaw_20260916,cybersecurity,cybersecurity-agent-v1,hermes,deepseek-r1:32b-qwen-distill-q8_0,b177522350a4e9ddae851d8e6f3b54f9925de51357404047831a67e41dbaf343,cyber_ctf_multidiscipline,Solve a compact multidisciplinary CTF set,ok,fail,0,1,302.199,20260916_072020,72.0
cybersecurity_agent_hermes_openclaw_20260916,cybersecurity,cybersecurity-agent-v1,hermes,deepseek-r1:32b-qwen-distill-q8_0,b177522350a4e9ddae851d8e6f3b54f9925de51357404047831a67e41dbaf343,cyber_cti_attack_mapping,Map observed behaviors to MITRE ATT&CK,ok,fail,0,1,149.013,20260916_072020,72.0
cybersecurity_agent_hermes_openclaw_20260916,cybersecurity,cybersecurity-agent-v1,hermes,deepseek-r1:32b-qwen-distill-q8_0,b177522350a4e9ddae851d8e6f3b54f9925de51357404047831a67e41dbaf343,cyber_elastic_esql_detection,Write an Elastic ES|QL behavioral detection,ok,fail,0,1,216.289,20260916_072020,70.0
cybersecurity_agent_hermes_openclaw_20260916,cybersecurity,cybersecurity-agent-v1,hermes,deepseek-r1:32b-qwen-distill-q8_0,b177522350a4e9ddae851d8e6f3b54f9925de51357404047831a67e41dbaf343,cyber_exploit_crash_analysis,Analyze exploitability of a synthetic native crash,ok,fail,0,1,195.293,20260916_072020,71.0
cybersecurity_agent_hermes_openclaw_20260916,cybersecurity,cybersecurity-agent-v1,hermes,deepseek-r1:32b-qwen-distill-q8_0,b177522350a4e9ddae851d8e6f3b54f9925de51357404047831a67e41dbaf343,cyber_exploit_toy_poc,Build a constrained proof of concept for a toy service,ok,fail,0,1,178.673,20260916_072020,71.0
cybersecurity_agent_hermes_openclaw_20260916,cybersecurity,cybersecurity-agent-v1,hermes,deepseek-r1:32b-qwen-distill-q8_0,b177522350a4e9ddae851d8e6f3b54f9925de51357404047831a67e41dbaf343,cyber_foundations_architecture,Reason about a segmented enterprise architecture,ok,fail,0,1,161.646,20260916_072020,61.0
cybersecurity_agent_hermes_openclaw_20260916,cybersecurity,cybersecurity-agent-v1,hermes,deepseek-r1:32b-qwen-distill-q8_0,b177522350a4e9ddae851d8e6f3b54f9925de51357404047831a67e41dbaf343,cyber_governance_risk_prioritization,Prioritize cyber risk and response outcomes,ok,fail,0,1,133.639,20260916_072020,75.0
cybersecurity_agent_hermes_openclaw_20260916,cybersecurity,cybersecurity-agent-v1,hermes,deepseek-r1:32b-qwen-distill-q8_0,b177522350a4e9ddae851d8e6f3b54f9925de51357404047831a67e41dbaf343,cyber_incident_timeline,Reconstruct an incident timeline and response plan,ok,fail,0,1,200.264,20260916_072020,69.0
cybersecurity_agent_hermes_openclaw_20260916,cybersecurity,cybersecurity-agent-v1,hermes,deepseek-r1:32b-qwen-distill-q8_0,b177522350a4e9ddae851d8e6f3b54f9925de51357404047831a67e41dbaf343,cyber_llm_prompt_injection,Harden an agent against indirect prompt injection,ok,fail,0,1,146.849,20260916_072020,71.0
cybersecurity_agent_hermes_openclaw_20260916,cybersecurity,cybersecurity-agent-v1,hermes,deepseek-r1:32b-qwen-distill-q8_0,b177522350a4e9ddae851d8e6f3b54f9925de51357404047831a67e41dbaf343,cyber_llm_tool_rag_security,Secure tool use and RAG against poisoning and exfiltration,ok,fail,0,1,170.235,20260916_072020,71.0
cybersecurity_agent_hermes_openclaw_20260916,cybersecurity,cybersecurity-agent-v1,hermes,deepseek-r1:32b-qwen-distill-q8_0,b177522350a4e9ddae851d8e6f3b54f9925de51357404047831a67e41dbaf343,cyber_malware_static_analysis,Classify a harmless synthetic malware specimen,ok,fail,0,1,201.075,20260916_072020,70.0
cybersecurity_agent_hermes_openclaw_20260916,cybersecurity,cybersecurity-agent-v1,hermes,deepseek-r1:32b-qwen-distill-q8_0,b177522350a4e9ddae851d8e6f3b54f9925de51357404047831a67e41dbaf343,cyber_pentest_attack_path,Plan and validate an authorized lab attack path,ok,fail,0,1,249.741,20260916_072020,70.0
cybersecurity_agent_hermes_openclaw_20260916,cybersecurity,cybersecurity-agent-v1,hermes,deepseek-r1:32b-qwen-distill-q8_0,b177522350a4e9ddae851d8e6f3b54f9925de51357404047831a67e41dbaf343,cyber_sentinel_kql_detection,Write a Microsoft Sentinel KQL analytic,ok,fail,0,1,294.025,20260916_072020,69.0
cybersecurity_agent_hermes_openclaw_20260916,cybersecurity,cybersecurity-agent-v1,hermes,deepseek-r1:32b-qwen-distill-q8_0,b177522350a4e9ddae851d8e6f3b54f9925de51357404047831a67e41dbaf343,cyber_sigma_detection,Author a portable Sigma detection,ok,fail,0,1,216.86,20260916_072020,69.0
cybersecurity_agent_hermes_openclaw_20260916,cybersecurity,cybersecurity-agent-v1,hermes,deepseek-r1:32b-qwen-distill-q8_0,b177522350a4e9ddae851d8e6f3b54f9925de51357404047831a67e41dbaf343,cyber_soc_alert_triage,Triage a noisy alert bundle,ok,fail,0,1,166.597,20260916_072020,69.0
cybersecurity_agent_hermes_openclaw_20260916,cybersecurity,cybersecurity-agent-v1,hermes,deepseek-r1:32b-qwen-distill-q8_0,b177522350a4e9ddae851d8e6f3b54f9925de51357404047831a67e41dbaf343,cyber_spl_detection,Write a Splunk SPL detection and triage query,ok,fail,0,1,159.324,20260916_072020,70.0
cybersecurity_agent_hermes_openclaw_20260916,cybersecurity,cybersecurity-agent-v1,hermes,deepseek-r1:32b-qwen-distill-q8_0,b177522350a4e9ddae851d8e6f3b54f9925de51357404047831a67e41dbaf343,cyber_threat_report_synthesis,Synthesize actionable intelligence from mixed-confidence reporting,ok,fail,0,1,114.46,20260916_072020,70.0
cybersecurity_agent_hermes_openclaw_20260916,cybersecurity,cybersecurity-agent-v1,hermes,deepseek-r1:32b-qwen-distill-q8_0,b177522350a4e9ddae851d8e6f3b54f9925de51357404047831a67e41dbaf343,cyber_vulnerability_cvss_triage,Triage vulnerabilities using CVSS v4 and exposure context,ok,fail,0,1,300.38,20260916_072020,70.0
cybersecurity_agent_hermes_openclaw_20260916,cybersecurity,cybersecurity-agent-v1,hermes,devstral-small-2:24b,24277f07f62db8f9cb68e9dfc679ea1818a7fbac47a50eff0a701d3f645b63c8,cyber_advanced_protocol_reasoning,Diagnose advanced protocol and cryptographic failures,ok,fail,1,5,57.108,20260916_072020,73.0
cybersecurity_agent_hermes_openclaw_20260916,cybersecurity,cybersecurity-agent-v1,hermes,devstral-small-2:24b,24277f07f62db8f9cb68e9dfc679ea1818a7fbac47a50eff0a701d3f645b63c8,cyber_api_bola_remediation,Remediate broken object-level authorization,ok,fail,6,7,96.461,20260916_072020,77.0
cybersecurity_agent_hermes_openclaw_20260916,cybersecurity,cybersecurity-agent-v1,hermes,devstral-small-2:24b,24277f07f62db8f9cb68e9dfc679ea1818a7fbac47a50eff0a701d3f645b63c8,cyber_appsec_code_review,Perform a CWE-grounded application security review,ok,fail,4,7,51.04,20260916_072020,72.0
cybersecurity_agent_hermes_openclaw_20260916,cybersecurity,cybersecurity-agent-v1,hermes,devstral-small-2:24b,24277f07f62db8f9cb68e9dfc679ea1818a7fbac47a50eff0a701d3f645b63c8,cyber_appsec_secure_patch,Patch an injection-prone local utility,ok,fail,5,7,427.01,20260916_072020,79.0
cybersecurity_agent_hermes_openclaw_20260916,cybersecurity,cybersecurity-agent-v1,hermes,devstral-small-2:24b,24277f07f62db8f9cb68e9dfc679ea1818a7fbac47a50eff0a701d3f645b63c8,cyber_chronicle_yaral_detection,Write a Google SecOps YARA-L 2.0 correlation rule,ok,pass,13,13,71.837,20260916_072020,74.0
cybersecurity_agent_hermes_openclaw_20260916,cybersecurity,cybersecurity-agent-v1,hermes,devstral-small-2:24b,24277f07f62db8f9cb68e9dfc679ea1818a7fbac47a50eff0a701d3f645b63c8,cyber_cloud_kubernetes_hardening,Harden cloud IAM and a Kubernetes workload,ok,fail,12,13,70.765,20260916_072020,75.0
cybersecurity_agent_hermes_openclaw_20260916,cybersecurity,cybersecurity-agent-v1,hermes,devstral-small-2:24b,24277f07f62db8f9cb68e9dfc679ea1818a7fbac47a50eff0a701d3f645b63c8,cyber_ctf_multidiscipline,Solve a compact multidisciplinary CTF set,ok,fail,5,6,387.005,20260916_072020,78.0
cybersecurity_agent_hermes_openclaw_20260916,cybersecurity,cybersecurity-agent-v1,hermes,devstral-small-2:24b,24277f07f62db8f9cb68e9dfc679ea1818a7fbac47a50eff0a701d3f645b63c8,cyber_cti_attack_mapping,Map observed behaviors to MITRE ATT&CK,ok,fail,2,5,28.506,20260916_072020,72.0
cybersecurity_agent_hermes_openclaw_20260916,cybersecurity,cybersecurity-agent-v1,hermes,devstral-small-2:24b,24277f07f62db8f9cb68e9dfc679ea1818a7fbac47a50eff0a701d3f645b63c8,cyber_elastic_esql_detection,Write an Elastic ES|QL behavioral detection,ok,fail,10,11,50.348,20260916_072020,74.0
cybersecurity_agent_hermes_openclaw_20260916,cybersecurity,cybersecurity-agent-v1,hermes,devstral-small-2:24b,24277f07f62db8f9cb68e9dfc679ea1818a7fbac47a50eff0a701d3f645b63c8,cyber_exploit_crash_analysis,Analyze exploitability of a synthetic native crash,ok,pass,6,6,60.083,20260916_072020,75.0
cybersecurity_agent_hermes_openclaw_20260916,cybersecurity,cybersecurity-agent-v1,hermes,devstral-small-2:24b,24277f07f62db8f9cb68e9dfc679ea1818a7fbac47a50eff0a701d3f645b63c8,cyber_exploit_toy_poc,Build a constrained proof of concept for a toy service,ok,fail,9,11,99.214,20260916_072020,74.0
cybersecurity_agent_hermes_openclaw_20260916,cybersecurity,cybersecurity-agent-v1,hermes,devstral-small-2:24b,24277f07f62db8f9cb68e9dfc679ea1818a7fbac47a50eff0a701d3f645b63c8,cyber_foundations_architecture,Reason about a segmented enterprise architecture,ok,fail,1,4,205.714,20260916_072020,73.0
cybersecurity_agent_hermes_openclaw_20260916,cybersecurity,cybersecurity-agent-v1,hermes,devstral-small-2:24b,24277f07f62db8f9cb68e9dfc679ea1818a7fbac47a50eff0a701d3f645b63c8,cyber_governance_risk_prioritization,Prioritize cyber risk and response outcomes,ok,fail,6,7,37.053,20260916_072020,73.0
cybersecurity_agent_hermes_openclaw_20260916,cybersecurity,cybersecurity-agent-v1,hermes,devstral-small-2:24b,24277f07f62db8f9cb68e9dfc679ea1818a7fbac47a50eff0a701d3f645b63c8,cyber_incident_timeline,Reconstruct an incident timeline and response plan,ok,pass,8,8,351.388,20260916_072020,76.0
cybersecurity_agent_hermes_openclaw_20260916,cybersecurity,cybersecurity-agent-v1,hermes,devstral-small-2:24b,24277f07f62db8f9cb68e9dfc679ea1818a7fbac47a50eff0a701d3f645b63c8,cyber_llm_prompt_injection,Harden an agent against indirect prompt injection,ok,fail,0,1,162.756,20260916_072020,77.0
cybersecurity_agent_hermes_openclaw_20260916,cybersecurity,cybersecurity-agent-v1,hermes,devstral-small-2:24b,24277f07f62db8f9cb68e9dfc679ea1818a7fbac47a50eff0a701d3f645b63c8,cyber_llm_tool_rag_security,Secure tool use and RAG against poisoning and exfiltration,ok,fail,6,8,61.441,20260916_072020,77.0
cybersecurity_agent_hermes_openclaw_20260916,cybersecurity,cybersecurity-agent-v1,hermes,devstral-small-2:24b,24277f07f62db8f9cb68e9dfc679ea1818a7fbac47a50eff0a701d3f645b63c8,cyber_malware_static_analysis,Classify a harmless synthetic malware specimen,ok,fail,5,6,103.232,20260916_072020,77.0
cybersecurity_agent_hermes_openclaw_20260916,cybersecurity,cybersecurity-agent-v1,hermes,devstral-small-2:24b,24277f07f62db8f9cb68e9dfc679ea1818a7fbac47a50eff0a701d3f645b63c8,cyber_pentest_attack_path,Plan and validate an authorized lab attack path,ok,pass,6,6,66.795,20260916_072020,75.0
cybersecurity_agent_hermes_openclaw_20260916,cybersecurity,cybersecurity-agent-v1,hermes,devstral-small-2:24b,24277f07f62db8f9cb68e9dfc679ea1818a7fbac47a50eff0a701d3f645b63c8,cyber_sentinel_kql_detection,Write a Microsoft Sentinel KQL analytic,ok,pass,10,10,80.045,20260916_072020,73.0
cybersecurity_agent_hermes_openclaw_20260916,cybersecurity,cybersecurity-agent-v1,hermes,devstral-small-2:24b,24277f07f62db8f9cb68e9dfc679ea1818a7fbac47a50eff0a701d3f645b63c8,cyber_sigma_detection,Author a portable Sigma detection,ok,pass,10,10,89.656,20260916_072020,75.0
cybersecurity_agent_hermes_openclaw_20260916,cybersecurity,cybersecurity-agent-v1,hermes,devstral-small-2:24b,24277f07f62db8f9cb68e9dfc679ea1818a7fbac47a50eff0a701d3f645b63c8,cyber_soc_alert_triage,Triage a noisy alert bundle,ok,fail,0,1,38.305,20260916_072020,72.0
cybersecurity_agent_hermes_openclaw_20260916,cybersecurity,cybersecurity-agent-v1,hermes,devstral-small-2:24b,24277f07f62db8f9cb68e9dfc679ea1818a7fbac47a50eff0a701d3f645b63c8,cyber_spl_detection,Write a Splunk SPL detection and triage query,ok,fail,7,9,36.435,20260916_072020,74.0
cybersecurity_agent_hermes_openclaw_20260916,cybersecurity,cybersecurity-agent-v1,hermes,devstral-small-2:24b,24277f07f62db8f9cb68e9dfc679ea1818a7fbac47a50eff0a701d3f645b63c8,cyber_threat_report_synthesis,Synthesize actionable intelligence from mixed-confidence reporting,ok,fail,6,8,40.511,20260916_072020,74.0
cybersecurity_agent_hermes_openclaw_20260916,cybersecurity,cybersecurity-agent-v1,hermes,devstral-small-2:24b,24277f07f62db8f9cb68e9dfc679ea1818a7fbac47a50eff0a701d3f645b63c8,cyber_vulnerability_cvss_triage,Triage vulnerabilities using CVSS v4 and exposure context,ok,fail,3,6,121.106,20260916_072020,75.0
cybersecurity_agent_hermes_openclaw_20260916,cybersecurity,cybersecurity-agent-v1,hermes,devstral:24b,9bd74193e93935e9d8564d88607b220a9d341c4a36b748cffcbd9ad4f47a9ca9,cyber_advanced_protocol_reasoning,Diagnose advanced protocol and cryptographic failures,ok,fail,0,1,21.609,20260916_072020,75.0
cybersecurity_agent_hermes_openclaw_20260916,cybersecurity,cybersecurity-agent-v1,hermes,devstral:24b,9bd74193e93935e9d8564d88607b220a9d341c4a36b748cffcbd9ad4f47a9ca9,cyber_api_bola_remediation,Remediate broken object-level authorization,ok,fail,0,1,109.628,20260916_072020,74.0
cybersecurity_agent_hermes_openclaw_20260916,cybersecurity,cybersecurity-agent-v1,hermes,devstral:24b,9bd74193e93935e9d8564d88607b220a9d341c4a36b748cffcbd9ad4f47a9ca9,cyber_appsec_code_review,Perform a CWE-grounded application security review,ok,fail,0,1,75.671,20260916_072020,76.0
cybersecurity_agent_hermes_openclaw_20260916,cybersecurity,cybersecurity-agent-v1,hermes,devstral:24b,9bd74193e93935e9d8564d88607b220a9d341c4a36b748cffcbd9ad4f47a9ca9,cyber_appsec_secure_patch,Patch an injection-prone local utility,ok,fail,0,1,23.115,20260916_072020,75.0
cybersecurity_agent_hermes_openclaw_20260916,cybersecurity,cybersecurity-agent-v1,hermes,devstral:24b,9bd74193e93935e9d8564d88607b220a9d341c4a36b748cffcbd9ad4f47a9ca9,cyber_chronicle_yaral_detection,Write a Google SecOps YARA-L 2.0 correlation rule,ok,fail,0,1,90.109,20260916_072020,78.0
cybersecurity_agent_hermes_openclaw_20260916,cybersecurity,cybersecurity-agent-v1,hermes,devstral:24b,9bd74193e93935e9d8564d88607b220a9d341c4a36b748cffcbd9ad4f47a9ca9,cyber_cloud_kubernetes_hardening,Harden cloud IAM and a Kubernetes workload,ok,fail,0,1,33.181,20260916_072020,74.0
cybersecurity_agent_hermes_openclaw_20260916,cybersecurity,cybersecurity-agent-v1,hermes,devstral:24b,9bd74193e93935e9d8564d88607b220a9d341c4a36b748cffcbd9ad4f47a9ca9,cyber_ctf_multidiscipline,Solve a compact multidisciplinary CTF set,ok,fail,0,1,93.178,20260916_072020,75.0
cybersecurity_agent_hermes_openclaw_20260916,cybersecurity,cybersecurity-agent-v1,hermes,devstral:24b,9bd74193e93935e9d8564d88607b220a9d341c4a36b748cffcbd9ad4f47a9ca9,cyber_cti_attack_mapping,Map observed behaviors to MITRE ATT&CK,ok,fail,0,1,85.476,20260916_072020,75.0
cybersecurity_agent_hermes_openclaw_20260916,cybersecurity,cybersecurity-agent-v1,hermes,devstral:24b,9bd74193e93935e9d8564d88607b220a9d341c4a36b748cffcbd9ad4f47a9ca9,cyber_elastic_esql_detection,Write an Elastic ES|QL behavioral detection,ok,fail,8,11,49.786,20260916_072020,74.0
cybersecurity_agent_hermes_openclaw_20260916,cybersecurity,cybersecurity-agent-v1,hermes,devstral:24b,9bd74193e93935e9d8564d88607b220a9d341c4a36b748cffcbd9ad4f47a9ca9,cyber_exploit_crash_analysis,Analyze exploitability of a synthetic native crash,ok,fail,0,1,20.141,20260916_072020,75.0
cybersecurity_agent_hermes_openclaw_20260916,cybersecurity,cybersecurity-agent-v1,hermes,devstral:24b,9bd74193e93935e9d8564d88607b220a9d341c4a36b748cffcbd9ad4f47a9ca9,cyber_exploit_toy_poc,Build a constrained proof of concept for a toy service,ok,fail,10,11,104.189,20260916_072020,75.0
cybersecurity_agent_hermes_openclaw_20260916,cybersecurity,cybersecurity-agent-v1,hermes,devstral:24b,9bd74193e93935e9d8564d88607b220a9d341c4a36b748cffcbd9ad4f47a9ca9,cyber_foundations_architecture,Reason about a segmented enterprise architecture,ok,fail,0,1,30.86,20260916_072020,75.0
cybersecurity_agent_hermes_openclaw_20260916,cybersecurity,cybersecurity-agent-v1,hermes,devstral:24b,9bd74193e93935e9d8564d88607b220a9d341c4a36b748cffcbd9ad4f47a9ca9,cyber_governance_risk_prioritization,Prioritize cyber risk and response outcomes,ok,fail,0,1,64.307,20260916_072020,74.0
cybersecurity_agent_hermes_openclaw_20260916,cybersecurity,cybersecurity-agent-v1,hermes,devstral:24b,9bd74193e93935e9d8564d88607b220a9d341c4a36b748cffcbd9ad4f47a9ca9,cyber_incident_timeline,Reconstruct an incident timeline and response plan,ok,fail,0,1,45.845,20260916_072020,74.0
cybersecurity_agent_hermes_openclaw_20260916,cybersecurity,cybersecurity-agent-v1,hermes,devstral:24b,9bd74193e93935e9d8564d88607b220a9d341c4a36b748cffcbd9ad4f47a9ca9,cyber_llm_prompt_injection,Harden an agent against indirect prompt injection,ok,fail,0,1,47.415,20260916_072020,75.0
cybersecurity_agent_hermes_openclaw_20260916,cybersecurity,cybersecurity-agent-v1,hermes,devstral:24b,9bd74193e93935e9d8564d88607b220a9d341c4a36b748cffcbd9ad4f47a9ca9,cyber_llm_tool_rag_security,Secure tool use and RAG against poisoning and exfiltration,ok,fail,0,1,55.126,20260916_072020,76.0
cybersecurity_agent_hermes_openclaw_20260916,cybersecurity,cybersecurity-agent-v1,hermes,devstral:24b,9bd74193e93935e9d8564d88607b220a9d341c4a36b748cffcbd9ad4f47a9ca9,cyber_malware_static_analysis,Classify a harmless synthetic malware specimen,ok,fail,0,1,108.196,20260916_072020,75.0
cybersecurity_agent_hermes_openclaw_20260916,cybersecurity,cybersecurity-agent-v1,hermes,devstral:24b,9bd74193e93935e9d8564d88607b220a9d341c4a36b748cffcbd9ad4f47a9ca9,cyber_pentest_attack_path,Plan and validate an authorized lab attack path,ok,fail,5,6,137.285,20260916_072020,77.0
cybersecurity_agent_hermes_openclaw_20260916,cybersecurity,cybersecurity-agent-v1,hermes,devstral:24b,9bd74193e93935e9d8564d88607b220a9d341c4a36b748cffcbd9ad4f47a9ca9,cyber_sentinel_kql_detection,Write a Microsoft Sentinel KQL analytic,ok,fail,0,1,16.955,20260916_072020,74.0
cybersecurity_agent_hermes_openclaw_20260916,cybersecurity,cybersecurity-agent-v1,hermes,devstral:24b,9bd74193e93935e9d8564d88607b220a9d341c4a36b748cffcbd9ad4f47a9ca9,cyber_sigma_detection,Author a portable Sigma detection,ok,fail,0,1,36.645,20260916_072020,76.0
cybersecurity_agent_hermes_openclaw_20260916,cybersecurity,cybersecurity-agent-v1,hermes,devstral:24b,9bd74193e93935e9d8564d88607b220a9d341c4a36b748cffcbd9ad4f47a9ca9,cyber_soc_alert_triage,Triage a noisy alert bundle,ok,fail,0,1,78.031,20260916_072020,74.0
cybersecurity_agent_hermes_openclaw_20260916,cybersecurity,cybersecurity-agent-v1,hermes,devstral:24b,9bd74193e93935e9d8564d88607b220a9d341c4a36b748cffcbd9ad4f47a9ca9,cyber_spl_detection,Write a Splunk SPL detection and triage query,ok,fail,0,1,33.352,20260916_072020,75.0
cybersecurity_agent_hermes_openclaw_20260916,cybersecurity,cybersecurity-agent-v1,hermes,devstral:24b,9bd74193e93935e9d8564d88607b220a9d341c4a36b748cffcbd9ad4f47a9ca9,cyber_threat_report_synthesis,Synthesize actionable intelligence from mixed-confidence reporting,ok,fail,0,1,32.876,20260916_072020,74.0
cybersecurity_agent_hermes_openclaw_20260916,cybersecurity,cybersecurity-agent-v1,hermes,devstral:24b,9bd74193e93935e9d8564d88607b220a9d341c4a36b748cffcbd9ad4f47a9ca9,cyber_vulnerability_cvss_triage,Triage vulnerabilities using CVSS v4 and exposure context,ok,fail,0,1,18.666,20260916_072020,75.0
cybersecurity_agent_hermes_openclaw_20260916,cybersecurity,cybersecurity-agent-v1,hermes,gemma4:31b,6316f0629137b426c9d9b853ffc4c8209589f30ee39aebede6285096c0ff47e7,cyber_advanced_protocol_reasoning,Diagnose advanced protocol and cryptographic failures,ok,fail,1,5,118.531,20260916_072020,75.0
cybersecurity_agent_hermes_openclaw_20260916,cybersecurity,cybersecurity-agent-v1,hermes,gemma4:31b,6316f0629137b426c9d9b853ffc4c8209589f30ee39aebede6285096c0ff47e7,cyber_api_bola_remediation,Remediate broken object-level authorization,ok,fail,6,7,287.936,20260916_072020,74.0
cybersecurity_agent_hermes_openclaw_20260916,cybersecurity,cybersecurity-agent-v1,hermes,gemma4:31b,6316f0629137b426c9d9b853ffc4c8209589f30ee39aebede6285096c0ff47e7,cyber_appsec_code_review,Perform a CWE-grounded application security review,ok,pass,7,7,161.801,20260916_072020,75.0
cybersecurity_agent_hermes_openclaw_20260916,cybersecurity,cybersecurity-agent-v1,hermes,gemma4:31b,6316f0629137b426c9d9b853ffc4c8209589f30ee39aebede6285096c0ff47e7,cyber_appsec_secure_patch,Patch an injection-prone local utility,ok,fail,6,7,337.905,20260916_072020,74.0
cybersecurity_agent_hermes_openclaw_20260916,cybersecurity,cybersecurity-agent-v1,hermes,gemma4:31b,6316f0629137b426c9d9b853ffc4c8209589f30ee39aebede6285096c0ff47e7,cyber_chronicle_yaral_detection,Write a Google SecOps YARA-L 2.0 correlation rule,ok,pass,13,13,170.653,20260916_072020,75.0
cybersecurity_agent_hermes_openclaw_20260916,cybersecurity,cybersecurity-agent-v1,hermes,gemma4:31b,6316f0629137b426c9d9b853ffc4c8209589f30ee39aebede6285096c0ff47e7,cyber_cloud_kubernetes_hardening,Harden cloud IAM and a Kubernetes workload,ok,pass,13,13,189.359,20260916_072020,75.0
cybersecurity_agent_hermes_openclaw_20260916,cybersecurity,cybersecurity-agent-v1,hermes,gemma4:31b,6316f0629137b426c9d9b853ffc4c8209589f30ee39aebede6285096c0ff47e7,cyber_ctf_multidiscipline,Solve a compact multidisciplinary CTF set,ok,pass,6,6,463.614,20260916_072020,74.0
cybersecurity_agent_hermes_openclaw_20260916,cybersecurity,cybersecurity-agent-v1,hermes,gemma4:31b,6316f0629137b426c9d9b853ffc4c8209589f30ee39aebede6285096c0ff47e7,cyber_cti_attack_mapping,Map observed behaviors to MITRE ATT&CK,ok,fail,3,5,115.712,20260916_072020,75.0
cybersecurity_agent_hermes_openclaw_20260916,cybersecurity,cybersecurity-agent-v1,hermes,gemma4:31b,6316f0629137b426c9d9b853ffc4c8209589f30ee39aebede6285096c0ff47e7,cyber_elastic_esql_detection,Write an Elastic ES|QL behavioral detection,ok,fail,10,11,116.773,20260916_072020,74.0
cybersecurity_agent_hermes_openclaw_20260916,cybersecurity,cybersecurity-agent-v1,hermes,gemma4:31b,6316f0629137b426c9d9b853ffc4c8209589f30ee39aebede6285096c0ff47e7,cyber_exploit_crash_analysis,Analyze exploitability of a synthetic native crash,ok,fail,3,6,199.335,20260916_072020,75.0
cybersecurity_agent_hermes_openclaw_20260916,cybersecurity,cybersecurity-agent-v1,hermes,gemma4:31b,6316f0629137b426c9d9b853ffc4c8209589f30ee39aebede6285096c0ff47e7,cyber_exploit_toy_poc,Build a constrained proof of concept for a toy service,ok,fail,9,11,187.54,20260916_072020,74.0
cybersecurity_agent_hermes_openclaw_20260916,cybersecurity,cybersecurity-agent-v1,hermes,gemma4:31b,6316f0629137b426c9d9b853ffc4c8209589f30ee39aebede6285096c0ff47e7,cyber_foundations_architecture,Reason about a segmented enterprise architecture,ok,fail,1,4,224.211,20260916_072020,76.0
cybersecurity_agent_hermes_openclaw_20260916,cybersecurity,cybersecurity-agent-v1,hermes,gemma4:31b,6316f0629137b426c9d9b853ffc4c8209589f30ee39aebede6285096c0ff47e7,cyber_governance_risk_prioritization,Prioritize cyber risk and response outcomes,ok,pass,7,7,114.637,20260916_072020,76.0
cybersecurity_agent_hermes_openclaw_20260916,cybersecurity,cybersecurity-agent-v1,hermes,gemma4:31b,6316f0629137b426c9d9b853ffc4c8209589f30ee39aebede6285096c0ff47e7,cyber_incident_timeline,Reconstruct an incident timeline and response plan,ok,fail,7,8,204.112,20260916_072020,75.0
cybersecurity_agent_hermes_openclaw_20260916,cybersecurity,cybersecurity-agent-v1,hermes,gemma4:31b,6316f0629137b426c9d9b853ffc4c8209589f30ee39aebede6285096c0ff47e7,cyber_llm_prompt_injection,Harden an agent against indirect prompt injection,ok,fail,2,7,120.624,20260916_072020,74.0
cybersecurity_agent_hermes_openclaw_20260916,cybersecurity,cybersecurity-agent-v1,hermes,gemma4:31b,6316f0629137b426c9d9b853ffc4c8209589f30ee39aebede6285096c0ff47e7,cyber_llm_tool_rag_security,Secure tool use and RAG against poisoning and exfiltration,ok,fail,7,8,214.225,20260916_072020,74.0
cybersecurity_agent_hermes_openclaw_20260916,cybersecurity,cybersecurity-agent-v1,hermes,gemma4:31b,6316f0629137b426c9d9b853ffc4c8209589f30ee39aebede6285096c0ff47e7,cyber_malware_static_analysis,Classify a harmless synthetic malware specimen,ok,pass,6,6,158.291,20260916_072020,74.0
cybersecurity_agent_hermes_openclaw_20260916,cybersecurity,cybersecurity-agent-v1,hermes,gemma4:31b,6316f0629137b426c9d9b853ffc4c8209589f30ee39aebede6285096c0ff47e7,cyber_pentest_attack_path,Plan and validate an authorized lab attack path,ok,pass,6,6,157.612,20260916_072020,74.0
cybersecurity_agent_hermes_openclaw_20260916,cybersecurity,cybersecurity-agent-v1,hermes,gemma4:31b,6316f0629137b426c9d9b853ffc4c8209589f30ee39aebede6285096c0ff47e7,cyber_sentinel_kql_detection,Write a Microsoft Sentinel KQL analytic,ok,fail,8,10,120.65,20260916_072020,74.0
cybersecurity_agent_hermes_openclaw_20260916,cybersecurity,cybersecurity-agent-v1,hermes,gemma4:31b,6316f0629137b426c9d9b853ffc4c8209589f30ee39aebede6285096c0ff47e7,cyber_sigma_detection,Author a portable Sigma detection,ok,pass,10,10,216.213,20260916_072020,73.0
cybersecurity_agent_hermes_openclaw_20260916,cybersecurity,cybersecurity-agent-v1,hermes,gemma4:31b,6316f0629137b426c9d9b853ffc4c8209589f30ee39aebede6285096c0ff47e7,cyber_soc_alert_triage,Triage a noisy alert bundle,ok,pass,6,6,114.593,20260916_072020,73.0
cybersecurity_agent_hermes_openclaw_20260916,cybersecurity,cybersecurity-agent-v1,hermes,gemma4:31b,6316f0629137b426c9d9b853ffc4c8209589f30ee39aebede6285096c0ff47e7,cyber_spl_detection,Write a Splunk SPL detection and triage query,ok,fail,7,9,118.641,20260916_072020,73.0
cybersecurity_agent_hermes_openclaw_20260916,cybersecurity,cybersecurity-agent-v1,hermes,gemma4:31b,6316f0629137b426c9d9b853ffc4c8209589f30ee39aebede6285096c0ff47e7,cyber_threat_report_synthesis,Synthesize actionable intelligence from mixed-confidence reporting,ok,pass,8,8,160.61,20260916_072020,74.0
cybersecurity_agent_hermes_openclaw_20260916,cybersecurity,cybersecurity-agent-v1,hermes,gemma4:31b,6316f0629137b426c9d9b853ffc4c8209589f30ee39aebede6285096c0ff47e7,cyber_vulnerability_cvss_triage,Triage vulnerabilities using CVSS v4 and exposure context,ok,fail,3,6,291.311,20260916_072020,74.0
cybersecurity_agent_hermes_openclaw_20260916,cybersecurity,cybersecurity-agent-v1,hermes,glm-4.7-flash:Q8_0,4420340fd3190fc6f5da59d85aeff8e74c8c401679b067c5d00df16efb98104d,cyber_advanced_protocol_reasoning,Diagnose advanced protocol and cryptographic failures,ok,fail,1,5,61.072,20260916_072020,64.0
cybersecurity_agent_hermes_openclaw_20260916,cybersecurity,cybersecurity-agent-v1,hermes,glm-4.7-flash:Q8_0,4420340fd3190fc6f5da59d85aeff8e74c8c401679b067c5d00df16efb98104d,cyber_cti_attack_mapping,Map observed behaviors to MITRE ATT&CK,ok,fail,1,5,91.505,20260916_072020,65.0
cybersecurity_agent_hermes_openclaw_20260916,cybersecurity,cybersecurity-agent-v1,hermes,glm-4.7-flash:Q8_0,4420340fd3190fc6f5da59d85aeff8e74c8c401679b067c5d00df16efb98104d,cyber_foundations_architecture,Reason about a segmented enterprise architecture,ok,fail,1,4,65.43,20260916_072020,60.0
cybersecurity_agent_hermes_openclaw_20260916,cybersecurity,cybersecurity-agent-v1,hermes,glm-4.7-flash:Q8_0,4420340fd3190fc6f5da59d85aeff8e74c8c401679b067c5d00df16efb98104d,cyber_governance_risk_prioritization,Prioritize cyber risk and response outcomes,ok,pass,7,7,101.806,20260916_072020,60.0
cybersecurity_agent_hermes_openclaw_20260916,cybersecurity,cybersecurity-agent-v1,hermes,glm-4.7-flash:bf16,b0f42cc1a61283c9173423ba0a0f4fb7b6b5cc8d520a09037d28e0956eb24f34,cyber_advanced_protocol_reasoning,Diagnose advanced protocol and cryptographic failures,ok,fail,1,5,284.907,20260916_072020,70.0
cybersecurity_agent_hermes_openclaw_20260916,cybersecurity,cybersecurity-agent-v1,hermes,glm-4.7-flash:bf16,b0f42cc1a61283c9173423ba0a0f4fb7b6b5cc8d520a09037d28e0956eb24f34,cyber_api_bola_remediation,Remediate broken object-level authorization,ok,fail,6,7,790.846,20260916_072020,73.0
cybersecurity_agent_hermes_openclaw_20260916,cybersecurity,cybersecurity-agent-v1,hermes,glm-4.7-flash:bf16,b0f42cc1a61283c9173423ba0a0f4fb7b6b5cc8d520a09037d28e0956eb24f34,cyber_appsec_code_review,Perform a CWE-grounded application security review,ok,fail,3,7,145.252,20260916_072020,69.0
cybersecurity_agent_hermes_openclaw_20260916,cybersecurity,cybersecurity-agent-v1,hermes,glm-4.7-flash:bf16,b0f42cc1a61283c9173423ba0a0f4fb7b6b5cc8d520a09037d28e0956eb24f34,cyber_appsec_secure_patch,Patch an injection-prone local utility,ok,fail,5,7,409.938,20260916_072020,71.0
cybersecurity_agent_hermes_openclaw_20260916,cybersecurity,cybersecurity-agent-v1,hermes,glm-4.7-flash:bf16,b0f42cc1a61283c9173423ba0a0f4fb7b6b5cc8d520a09037d28e0956eb24f34,cyber_chronicle_yaral_detection,Write a Google SecOps YARA-L 2.0 correlation rule,ok,pass,13,13,99.426,20260916_072020,66.0
cybersecurity_agent_hermes_openclaw_20260916,cybersecurity,cybersecurity-agent-v1,hermes,glm-4.7-flash:bf16,b0f42cc1a61283c9173423ba0a0f4fb7b6b5cc8d520a09037d28e0956eb24f34,cyber_cloud_kubernetes_hardening,Harden cloud IAM and a Kubernetes workload,ok,fail,12,13,103.313,20260916_072020,66.0
cybersecurity_agent_hermes_openclaw_20260916,cybersecurity,cybersecurity-agent-v1,hermes,glm-4.7-flash:bf16,b0f42cc1a61283c9173423ba0a0f4fb7b6b5cc8d520a09037d28e0956eb24f34,cyber_ctf_multidiscipline,Solve a compact multidisciplinary CTF set,ok,fail,5,6,193.468,20260916_072020,65.0
cybersecurity_agent_hermes_openclaw_20260916,cybersecurity,cybersecurity-agent-v1,hermes,glm-4.7-flash:bf16,b0f42cc1a61283c9173423ba0a0f4fb7b6b5cc8d520a09037d28e0956eb24f34,cyber_cti_attack_mapping,Map observed behaviors to MITRE ATT&CK,ok,fail,2,5,95.375,20260916_072020,67.0
cybersecurity_agent_hermes_openclaw_20260916,cybersecurity,cybersecurity-agent-v1,hermes,glm-4.7-flash:bf16,b0f42cc1a61283c9173423ba0a0f4fb7b6b5cc8d520a09037d28e0956eb24f34,cyber_elastic_esql_detection,Write an Elastic ES|QL behavioral detection,ok,pass,11,11,149.24,20260916_072020,66.0
cybersecurity_agent_hermes_openclaw_20260916,cybersecurity,cybersecurity-agent-v1,hermes,glm-4.7-flash:bf16,b0f42cc1a61283c9173423ba0a0f4fb7b6b5cc8d520a09037d28e0956eb24f34,cyber_exploit_crash_analysis,Analyze exploitability of a synthetic native crash,ok,pass,6,6,177.689,20260916_072020,67.0
cybersecurity_agent_hermes_openclaw_20260916,cybersecurity,cybersecurity-agent-v1,hermes,glm-4.7-flash:bf16,b0f42cc1a61283c9173423ba0a0f4fb7b6b5cc8d520a09037d28e0956eb24f34,cyber_exploit_toy_poc,Build a constrained proof of concept for a toy service,ok,fail,10,11,146.452,20260916_072020,66.0
cybersecurity_agent_hermes_openclaw_20260916,cybersecurity,cybersecurity-agent-v1,hermes,glm-4.7-flash:bf16,b0f42cc1a61283c9173423ba0a0f4fb7b6b5cc8d520a09037d28e0956eb24f34,cyber_foundations_architecture,Reason about a segmented enterprise architecture,ok,fail,1,4,104.172,20260916_072020,70.0
cybersecurity_agent_hermes_openclaw_20260916,cybersecurity,cybersecurity-agent-v1,hermes,glm-4.7-flash:bf16,b0f42cc1a61283c9173423ba0a0f4fb7b6b5cc8d520a09037d28e0956eb24f34,cyber_governance_risk_prioritization,Prioritize cyber risk and response outcomes,ok,fail,5,7,146.658,20260916_072020,68.0
cybersecurity_agent_hermes_openclaw_20260916,cybersecurity,cybersecurity-agent-v1,hermes,glm-4.7-flash:bf16,b0f42cc1a61283c9173423ba0a0f4fb7b6b5cc8d520a09037d28e0956eb24f34,cyber_incident_timeline,Reconstruct an incident timeline and response plan,ok,fail,7,8,98.198,20260916_072020,65.0
cybersecurity_agent_hermes_openclaw_20260916,cybersecurity,cybersecurity-agent-v1,hermes,glm-4.7-flash:bf16,b0f42cc1a61283c9173423ba0a0f4fb7b6b5cc8d520a09037d28e0956eb24f34,cyber_llm_prompt_injection,Harden an agent against indirect prompt injection,ok,fail,2,7,146.79,20260916_072020,63.0
cybersecurity_agent_hermes_openclaw_20260916,cybersecurity,cybersecurity-agent-v1,hermes,glm-4.7-flash:bf16,b0f42cc1a61283c9173423ba0a0f4fb7b6b5cc8d520a09037d28e0956eb24f34,cyber_llm_tool_rag_security,Secure tool use and RAG against poisoning and exfiltration,ok,fail,7,8,146.06,20260916_072020,62.0
cybersecurity_agent_hermes_openclaw_20260916,cybersecurity,cybersecurity-agent-v1,hermes,glm-4.7-flash:bf16,b0f42cc1a61283c9173423ba0a0f4fb7b6b5cc8d520a09037d28e0956eb24f34,cyber_malware_static_analysis,Classify a harmless synthetic malware specimen,ok,fail,4,6,151.715,20260916_072020,65.0
cybersecurity_agent_hermes_openclaw_20260916,cybersecurity,cybersecurity-agent-v1,hermes,glm-4.7-flash:bf16,b0f42cc1a61283c9173423ba0a0f4fb7b6b5cc8d520a09037d28e0956eb24f34,cyber_pentest_attack_path,Plan and validate an authorized lab attack path,ok,pass,6,6,151.325,20260916_072020,64.0
cybersecurity_agent_hermes_openclaw_20260916,cybersecurity,cybersecurity-agent-v1,hermes,glm-4.7-flash:bf16,b0f42cc1a61283c9173423ba0a0f4fb7b6b5cc8d520a09037d28e0956eb24f34,cyber_sentinel_kql_detection,Write a Microsoft Sentinel KQL analytic,ok,fail,8,10,177.758,20260916_072020,67.0
cybersecurity_agent_hermes_openclaw_20260916,cybersecurity,cybersecurity-agent-v1,hermes,glm-4.7-flash:bf16,b0f42cc1a61283c9173423ba0a0f4fb7b6b5cc8d520a09037d28e0956eb24f34,cyber_sigma_detection,Author a portable Sigma detection,ok,pass,10,10,101.195,20260916_072020,65.0
cybersecurity_agent_hermes_openclaw_20260916,cybersecurity,cybersecurity-agent-v1,hermes,glm-4.7-flash:bf16,b0f42cc1a61283c9173423ba0a0f4fb7b6b5cc8d520a09037d28e0956eb24f34,cyber_soc_alert_triage,Triage a noisy alert bundle,ok,fail,2,6,155.038,20260916_072020,65.0
cybersecurity_agent_hermes_openclaw_20260916,cybersecurity,cybersecurity-agent-v1,hermes,glm-4.7-flash:bf16,b0f42cc1a61283c9173423ba0a0f4fb7b6b5cc8d520a09037d28e0956eb24f34,cyber_spl_detection,Write a Splunk SPL detection and triage query,ok,fail,5,9,257.435,20260916_072020,65.0
cybersecurity_agent_hermes_openclaw_20260916,cybersecurity,cybersecurity-agent-v1,hermes,glm-4.7-flash:bf16,b0f42cc1a61283c9173423ba0a0f4fb7b6b5cc8d520a09037d28e0956eb24f34,cyber_threat_report_synthesis,Synthesize actionable intelligence from mixed-confidence reporting,ok,fail,7,8,100.449,20260916_072020,66.0
cybersecurity_agent_hermes_openclaw_20260916,cybersecurity,cybersecurity-agent-v1,hermes,glm-4.7-flash:bf16,b0f42cc1a61283c9173423ba0a0f4fb7b6b5cc8d520a09037d28e0956eb24f34,cyber_vulnerability_cvss_triage,Triage vulnerabilities using CVSS v4 and exposure context,ok,fail,3,6,104.617,20260916_072020,68.0
cybersecurity_agent_hermes_openclaw_20260916,cybersecurity,cybersecurity-agent-v1,hermes,glm-4.7-flash:latest,4475827791a269b02c8ec49b1c3bc1abb5846bacf3fae015b75d33986322d8f6,cyber_advanced_protocol_reasoning,Diagnose advanced protocol and cryptographic failures,ok,fail,2,5,89.079,20260916_072020,74.0
cybersecurity_agent_hermes_openclaw_20260916,cybersecurity,cybersecurity-agent-v1,hermes,glm-4.7-flash:latest,4475827791a269b02c8ec49b1c3bc1abb5846bacf3fae015b75d33986322d8f6,cyber_api_bola_remediation,Remediate broken object-level authorization,ok,fail,4,7,355.261,20260916_072020,80.0
cybersecurity_agent_hermes_openclaw_20260916,cybersecurity,cybersecurity-agent-v1,hermes,glm-4.7-flash:latest,4475827791a269b02c8ec49b1c3bc1abb5846bacf3fae015b75d33986322d8f6,cyber_appsec_code_review,Perform a CWE-grounded application security review,ok,pass,7,7,58.909,20260916_072020,77.0
cybersecurity_agent_hermes_openclaw_20260916,cybersecurity,cybersecurity-agent-v1,hermes,glm-4.7-flash:latest,4475827791a269b02c8ec49b1c3bc1abb5846bacf3fae015b75d33986322d8f6,cyber_appsec_secure_patch,Patch an injection-prone local utility,ok,fail,0,1,332.925,20260916_072020,82.0
cybersecurity_agent_hermes_openclaw_20260916,cybersecurity,cybersecurity-agent-v1,hermes,glm-4.7-flash:latest,4475827791a269b02c8ec49b1c3bc1abb5846bacf3fae015b75d33986322d8f6,cyber_chronicle_yaral_detection,Write a Google SecOps YARA-L 2.0 correlation rule,ok,pass,13,13,52.911,20260916_072020,77.0
cybersecurity_agent_hermes_openclaw_20260916,cybersecurity,cybersecurity-agent-v1,hermes,glm-4.7-flash:latest,4475827791a269b02c8ec49b1c3bc1abb5846bacf3fae015b75d33986322d8f6,cyber_cloud_kubernetes_hardening,Harden cloud IAM and a Kubernetes workload,ok,pass,13,13,50.411,20260916_072020,78.0
cybersecurity_agent_hermes_openclaw_20260916,cybersecurity,cybersecurity-agent-v1,hermes,glm-4.7-flash:latest,4475827791a269b02c8ec49b1c3bc1abb5846bacf3fae015b75d33986322d8f6,cyber_ctf_multidiscipline,Solve a compact multidisciplinary CTF set,ok,pass,6,6,210.212,20260916_072020,81.0
cybersecurity_agent_hermes_openclaw_20260916,cybersecurity,cybersecurity-agent-v1,hermes,glm-4.7-flash:latest,4475827791a269b02c8ec49b1c3bc1abb5846bacf3fae015b75d33986322d8f6,cyber_cti_attack_mapping,Map observed behaviors to MITRE ATT&CK,ok,fail,2,5,102.196,20260916_072020,75.0
cybersecurity_agent_hermes_openclaw_20260916,cybersecurity,cybersecurity-agent-v1,hermes,glm-4.7-flash:latest,4475827791a269b02c8ec49b1c3bc1abb5846bacf3fae015b75d33986322d8f6,cyber_elastic_esql_detection,Write an Elastic ES|QL behavioral detection,ok,fail,9,11,28.919,20260916_072020,78.0
cybersecurity_agent_hermes_openclaw_20260916,cybersecurity,cybersecurity-agent-v1,hermes,glm-4.7-flash:latest,4475827791a269b02c8ec49b1c3bc1abb5846bacf3fae015b75d33986322d8f6,cyber_exploit_crash_analysis,Analyze exploitability of a synthetic native crash,ok,fail,5,6,69.41,20260916_072020,79.0
cybersecurity_agent_hermes_openclaw_20260916,cybersecurity,cybersecurity-agent-v1,hermes,glm-4.7-flash:latest,4475827791a269b02c8ec49b1c3bc1abb5846bacf3fae015b75d33986322d8f6,cyber_exploit_toy_poc,Build a constrained proof of concept for a toy service,ok,fail,9,11,34.787,20260916_072020,78.0
cybersecurity_agent_hermes_openclaw_20260916,cybersecurity,cybersecurity-agent-v1,hermes,glm-4.7-flash:latest,4475827791a269b02c8ec49b1c3bc1abb5846bacf3fae015b75d33986322d8f6,cyber_foundations_architecture,Reason about a segmented enterprise architecture,ok,fail,1,4,66.648,20260916_072020,71.0
cybersecurity_agent_hermes_openclaw_20260916,cybersecurity,cybersecurity-agent-v1,hermes,glm-4.7-flash:latest,4475827791a269b02c8ec49b1c3bc1abb5846bacf3fae015b75d33986322d8f6,cyber_governance_risk_prioritization,Prioritize cyber risk and response outcomes,ok,pass,7,7,37.566,20260916_072020,75.0
cybersecurity_agent_hermes_openclaw_20260916,cybersecurity,cybersecurity-agent-v1,hermes,glm-4.7-flash:latest,4475827791a269b02c8ec49b1c3bc1abb5846bacf3fae015b75d33986322d8f6,cyber_incident_timeline,Reconstruct an incident timeline and response plan,ok,pass,8,8,114.855,20260916_072020,77.0
cybersecurity_agent_hermes_openclaw_20260916,cybersecurity,cybersecurity-agent-v1,hermes,glm-4.7-flash:latest,4475827791a269b02c8ec49b1c3bc1abb5846bacf3fae015b75d33986322d8f6,cyber_llm_prompt_injection,Harden an agent against indirect prompt injection,ok,fail,1,7,39.966,20260916_072020,79.0
cybersecurity_agent_hermes_openclaw_20260916,cybersecurity,cybersecurity-agent-v1,hermes,glm-4.7-flash:latest,4475827791a269b02c8ec49b1c3bc1abb5846bacf3fae015b75d33986322d8f6,cyber_llm_tool_rag_security,Secure tool use and RAG against poisoning and exfiltration,ok,fail,5,8,45.034,20260916_072020,79.0
cybersecurity_agent_hermes_openclaw_20260916,cybersecurity,cybersecurity-agent-v1,hermes,glm-4.7-flash:latest,4475827791a269b02c8ec49b1c3bc1abb5846bacf3fae015b75d33986322d8f6,cyber_malware_static_analysis,Classify a harmless synthetic malware specimen,ok,fail,5,6,36.933,20260916_072020,77.0
cybersecurity_agent_hermes_openclaw_20260916,cybersecurity,cybersecurity-agent-v1,hermes,glm-4.7-flash:latest,4475827791a269b02c8ec49b1c3bc1abb5846bacf3fae015b75d33986322d8f6,cyber_pentest_attack_path,Plan and validate an authorized lab attack path,ok,fail,5,6,63.986,20260916_072020,79.0
cybersecurity_agent_hermes_openclaw_20260916,cybersecurity,cybersecurity-agent-v1,hermes,glm-4.7-flash:latest,4475827791a269b02c8ec49b1c3bc1abb5846bacf3fae015b75d33986322d8f6,cyber_sentinel_kql_detection,Write a Microsoft Sentinel KQL analytic,ok,pass,10,10,64.306,20260916_072020,78.0
cybersecurity_agent_hermes_openclaw_20260916,cybersecurity,cybersecurity-agent-v1,hermes,glm-4.7-flash:latest,4475827791a269b02c8ec49b1c3bc1abb5846bacf3fae015b75d33986322d8f6,cyber_sigma_detection,Author a portable Sigma detection,ok,fail,8,10,44.524,20260916_072020,76.0
cybersecurity_agent_hermes_openclaw_20260916,cybersecurity,cybersecurity-agent-v1,hermes,glm-4.7-flash:latest,4475827791a269b02c8ec49b1c3bc1abb5846bacf3fae015b75d33986322d8f6,cyber_soc_alert_triage,Triage a noisy alert bundle,ok,fail,5,6,35.889,20260916_072020,76.0
cybersecurity_agent_hermes_openclaw_20260916,cybersecurity,cybersecurity-agent-v1,hermes,glm-4.7-flash:latest,4475827791a269b02c8ec49b1c3bc1abb5846bacf3fae015b75d33986322d8f6,cyber_spl_detection,Write a Splunk SPL detection and triage query,ok,fail,5,9,88.125,20260916_072020,77.0
cybersecurity_agent_hermes_openclaw_20260916,cybersecurity,cybersecurity-agent-v1,hermes,glm-4.7-flash:latest,4475827791a269b02c8ec49b1c3bc1abb5846bacf3fae015b75d33986322d8f6,cyber_threat_report_synthesis,Synthesize actionable intelligence from mixed-confidence reporting,ok,fail,6,8,35.188,20260916_072020,77.0
cybersecurity_agent_hermes_openclaw_20260916,cybersecurity,cybersecurity-agent-v1,hermes,glm-4.7-flash:latest,4475827791a269b02c8ec49b1c3bc1abb5846bacf3fae015b75d33986322d8f6,cyber_vulnerability_cvss_triage,Triage vulnerabilities using CVSS v4 and exposure context,ok,fail,3,6,62.661,20260916_072020,76.0
cybersecurity_agent_hermes_openclaw_20260916,cybersecurity,cybersecurity-agent-v1,hermes,gpt-oss:120b,a951a23b46a1f6093dafee2ea481d634b4e31ac720a8a16f3f91e04f5a40ecd9,cyber_advanced_protocol_reasoning,Diagnose advanced protocol and cryptographic failures,ok,fail,2,5,59.335,20260916_072020,61.0
cybersecurity_agent_hermes_openclaw_20260916,cybersecurity,cybersecurity-agent-v1,hermes,gpt-oss:120b,a951a23b46a1f6093dafee2ea481d634b4e31ac720a8a16f3f91e04f5a40ecd9,cyber_api_bola_remediation,Remediate broken object-level authorization,ok,fail,0,1,102.745,20260916_072020,72.0
cybersecurity_agent_hermes_openclaw_20260916,cybersecurity,cybersecurity-agent-v1,hermes,gpt-oss:120b,a951a23b46a1f6093dafee2ea481d634b4e31ac720a8a16f3f91e04f5a40ecd9,cyber_appsec_code_review,Perform a CWE-grounded application security review,ok,pass,7,7,70.206,20260916_072020,68.0
cybersecurity_agent_hermes_openclaw_20260916,cybersecurity,cybersecurity-agent-v1,hermes,gpt-oss:120b,a951a23b46a1f6093dafee2ea481d634b4e31ac720a8a16f3f91e04f5a40ecd9,cyber_appsec_secure_patch,Patch an injection-prone local utility,ok,fail,6,7,239.257,20260916_072020,71.0
cybersecurity_agent_hermes_openclaw_20260916,cybersecurity,cybersecurity-agent-v1,hermes,gpt-oss:120b,a951a23b46a1f6093dafee2ea481d634b4e31ac720a8a16f3f91e04f5a40ecd9,cyber_chronicle_yaral_detection,Write a Google SecOps YARA-L 2.0 correlation rule,ok,pass,13,13,64.24,20260916_072020,69.0
cybersecurity_agent_hermes_openclaw_20260916,cybersecurity,cybersecurity-agent-v1,hermes,gpt-oss:120b,a951a23b46a1f6093dafee2ea481d634b4e31ac720a8a16f3f91e04f5a40ecd9,cyber_cloud_kubernetes_hardening,Harden cloud IAM and a Kubernetes workload,ok,fail,11,13,110.136,20260916_072020,73.0
cybersecurity_agent_hermes_openclaw_20260916,cybersecurity,cybersecurity-agent-v1,hermes,gpt-oss:120b,a951a23b46a1f6093dafee2ea481d634b4e31ac720a8a16f3f91e04f5a40ecd9,cyber_ctf_multidiscipline,Solve a compact multidisciplinary CTF set,ok,pass,6,6,363.177,20260916_072020,74.0
cybersecurity_agent_hermes_openclaw_20260916,cybersecurity,cybersecurity-agent-v1,hermes,gpt-oss:120b,a951a23b46a1f6093dafee2ea481d634b4e31ac720a8a16f3f91e04f5a40ecd9,cyber_cti_attack_mapping,Map observed behaviors to MITRE ATT&CK,ok,fail,4,5,54.042,20260916_072020,67.0
cybersecurity_agent_hermes_openclaw_20260916,cybersecurity,cybersecurity-agent-v1,hermes,gpt-oss:120b,a951a23b46a1f6093dafee2ea481d634b4e31ac720a8a16f3f91e04f5a40ecd9,cyber_elastic_esql_detection,Write an Elastic ES|QL behavioral detection,ok,fail,10,11,184.497,20260916_072020,72.0
cybersecurity_agent_hermes_openclaw_20260916,cybersecurity,cybersecurity-agent-v1,hermes,gpt-oss:120b,a951a23b46a1f6093dafee2ea481d634b4e31ac720a8a16f3f91e04f5a40ecd9,cyber_exploit_crash_analysis,Analyze exploitability of a synthetic native crash,ok,fail,5,6,73.433,20260916_072020,71.0
cybersecurity_agent_hermes_openclaw_20260916,cybersecurity,cybersecurity-agent-v1,hermes,gpt-oss:120b,a951a23b46a1f6093dafee2ea481d634b4e31ac720a8a16f3f91e04f5a40ecd9,cyber_exploit_toy_poc,Build a constrained proof of concept for a toy service,ok,fail,9,11,71.307,20260916_072020,71.0
cybersecurity_agent_hermes_openclaw_20260916,cybersecurity,cybersecurity-agent-v1,hermes,gpt-oss:120b,a951a23b46a1f6093dafee2ea481d634b4e31ac720a8a16f3f91e04f5a40ecd9,cyber_foundations_architecture,Reason about a segmented enterprise architecture,ok,fail,1,4,53.276,20260916_072020,55.0
cybersecurity_agent_hermes_openclaw_20260916,cybersecurity,cybersecurity-agent-v1,hermes,gpt-oss:120b,a951a23b46a1f6093dafee2ea481d634b4e31ac720a8a16f3f91e04f5a40ecd9,cyber_governance_risk_prioritization,Prioritize cyber risk and response outcomes,ok,pass,7,7,71.396,20260916_072020,66.0
cybersecurity_agent_hermes_openclaw_20260916,cybersecurity,cybersecurity-agent-v1,hermes,gpt-oss:120b,a951a23b46a1f6093dafee2ea481d634b4e31ac720a8a16f3f91e04f5a40ecd9,cyber_incident_timeline,Reconstruct an incident timeline and response plan,ok,fail,7,8,55.269,20260916_072020,73.0
cybersecurity_agent_hermes_openclaw_20260916,cybersecurity,cybersecurity-agent-v1,hermes,gpt-oss:120b,a951a23b46a1f6093dafee2ea481d634b4e31ac720a8a16f3f91e04f5a40ecd9,cyber_llm_prompt_injection,Harden an agent against indirect prompt injection,ok,fail,2,7,63.035,20260916_072020,71.0
cybersecurity_agent_hermes_openclaw_20260916,cybersecurity,cybersecurity-agent-v1,hermes,gpt-oss:120b,a951a23b46a1f6093dafee2ea481d634b4e31ac720a8a16f3f91e04f5a40ecd9,cyber_llm_tool_rag_security,Secure tool use and RAG against poisoning and exfiltration,ok,fail,7,8,48.434,20260916_072020,70.0
cybersecurity_agent_hermes_openclaw_20260916,cybersecurity,cybersecurity-agent-v1,hermes,gpt-oss:120b,a951a23b46a1f6093dafee2ea481d634b4e31ac720a8a16f3f91e04f5a40ecd9,cyber_malware_static_analysis,Classify a harmless synthetic malware specimen,ok,pass,6,6,58.863,20260916_072020,69.0
cybersecurity_agent_hermes_openclaw_20260916,cybersecurity,cybersecurity-agent-v1,hermes,gpt-oss:120b,a951a23b46a1f6093dafee2ea481d634b4e31ac720a8a16f3f91e04f5a40ecd9,cyber_pentest_attack_path,Plan and validate an authorized lab attack path,ok,pass,6,6,69.114,20260916_072020,71.0
cybersecurity_agent_hermes_openclaw_20260916,cybersecurity,cybersecurity-agent-v1,hermes,gpt-oss:120b,a951a23b46a1f6093dafee2ea481d634b4e31ac720a8a16f3f91e04f5a40ecd9,cyber_sentinel_kql_detection,Write a Microsoft Sentinel KQL analytic,ok,pass,10,10,173.627,20260916_072020,73.0
cybersecurity_agent_hermes_openclaw_20260916,cybersecurity,cybersecurity-agent-v1,hermes,gpt-oss:120b,a951a23b46a1f6093dafee2ea481d634b4e31ac720a8a16f3f91e04f5a40ecd9,cyber_sigma_detection,Author a portable Sigma detection,ok,pass,10,10,82.91,20260916_072020,73.0
cybersecurity_agent_hermes_openclaw_20260916,cybersecurity,cybersecurity-agent-v1,hermes,gpt-oss:120b,a951a23b46a1f6093dafee2ea481d634b4e31ac720a8a16f3f91e04f5a40ecd9,cyber_soc_alert_triage,Triage a noisy alert bundle,ok,fail,3,6,52.365,20260916_072020,71.0
cybersecurity_agent_hermes_openclaw_20260916,cybersecurity,cybersecurity-agent-v1,hermes,gpt-oss:120b,a951a23b46a1f6093dafee2ea481d634b4e31ac720a8a16f3f91e04f5a40ecd9,cyber_spl_detection,Write a Splunk SPL detection and triage query,ok,fail,8,9,391.45,20260916_072020,71.0
cybersecurity_agent_hermes_openclaw_20260916,cybersecurity,cybersecurity-agent-v1,hermes,gpt-oss:120b,a951a23b46a1f6093dafee2ea481d634b4e31ac720a8a16f3f91e04f5a40ecd9,cyber_threat_report_synthesis,Synthesize actionable intelligence from mixed-confidence reporting,ok,fail,7,8,64.599,20260916_072020,70.0
cybersecurity_agent_hermes_openclaw_20260916,cybersecurity,cybersecurity-agent-v1,hermes,gpt-oss:120b,a951a23b46a1f6093dafee2ea481d634b4e31ac720a8a16f3f91e04f5a40ecd9,cyber_vulnerability_cvss_triage,Triage vulnerabilities using CVSS v4 and exposure context,ok,fail,4,6,174.784,20260916_072020,68.0
cybersecurity_agent_hermes_openclaw_20260916,cybersecurity,cybersecurity-agent-v1,hermes,granite4.1:30b,3f3e5df8a021439fd6f867a0e526bdc303cac79c811201cb6bac193298cb9fcd,cyber_advanced_protocol_reasoning,Diagnose advanced protocol and cryptographic failures,ok,fail,1,5,242.98,20260916_072020,76.0
cybersecurity_agent_hermes_openclaw_20260916,cybersecurity,cybersecurity-agent-v1,hermes,granite4.1:30b,3f3e5df8a021439fd6f867a0e526bdc303cac79c811201cb6bac193298cb9fcd,cyber_api_bola_remediation,Remediate broken object-level authorization,ok,fail,6,7,269.842,20260916_072020,77.0
cybersecurity_agent_hermes_openclaw_20260916,cybersecurity,cybersecurity-agent-v1,hermes,granite4.1:30b,3f3e5df8a021439fd6f867a0e526bdc303cac79c811201cb6bac193298cb9fcd,cyber_appsec_code_review,Perform a CWE-grounded application security review,ok,fail,6,7,501.261,20260916_072020,77.0
cybersecurity_agent_hermes_openclaw_20260916,cybersecurity,cybersecurity-agent-v1,hermes,granite4.1:30b,3f3e5df8a021439fd6f867a0e526bdc303cac79c811201cb6bac193298cb9fcd,cyber_appsec_secure_patch,Patch an injection-prone local utility,ok,fail,6,7,136.52,20260916_072020,77.0
cybersecurity_agent_hermes_openclaw_20260916,cybersecurity,cybersecurity-agent-v1,hermes,granite4.1:30b,3f3e5df8a021439fd6f867a0e526bdc303cac79c811201cb6bac193298cb9fcd,cyber_chronicle_yaral_detection,Write a Google SecOps YARA-L 2.0 correlation rule,ok,fail,12,13,125.36,20260916_072020,75.0
cybersecurity_agent_hermes_openclaw_20260916,cybersecurity,cybersecurity-agent-v1,hermes,granite4.1:30b,3f3e5df8a021439fd6f867a0e526bdc303cac79c811201cb6bac193298cb9fcd,cyber_cloud_kubernetes_hardening,Harden cloud IAM and a Kubernetes workload,ok,fail,12,13,130.433,20260916_072020,75.0
cybersecurity_agent_hermes_openclaw_20260916,cybersecurity,cybersecurity-agent-v1,hermes,granite4.1:30b,3f3e5df8a021439fd6f867a0e526bdc303cac79c811201cb6bac193298cb9fcd,cyber_ctf_multidiscipline,Solve a compact multidisciplinary CTF set,ok,fail,2,6,89.976,20260916_072020,75.0
cybersecurity_agent_hermes_openclaw_20260916,cybersecurity,cybersecurity-agent-v1,hermes,granite4.1:30b,3f3e5df8a021439fd6f867a0e526bdc303cac79c811201cb6bac193298cb9fcd,cyber_cti_attack_mapping,Map observed behaviors to MITRE ATT&CK,ok,fail,2,5,64.187,20260916_072020,77.0
cybersecurity_agent_hermes_openclaw_20260916,cybersecurity,cybersecurity-agent-v1,hermes,granite4.1:30b,3f3e5df8a021439fd6f867a0e526bdc303cac79c811201cb6bac193298cb9fcd,cyber_elastic_esql_detection,Write an Elastic ES|QL behavioral detection,ok,fail,9,11,81.387,20260916_072020,76.0
cybersecurity_agent_hermes_openclaw_20260916,cybersecurity,cybersecurity-agent-v1,hermes,granite4.1:30b,3f3e5df8a021439fd6f867a0e526bdc303cac79c811201cb6bac193298cb9fcd,cyber_exploit_crash_analysis,Analyze exploitability of a synthetic native crash,ok,fail,4,6,121.988,20260916_072020,76.0
cybersecurity_agent_hermes_openclaw_20260916,cybersecurity,cybersecurity-agent-v1,hermes,granite4.1:30b,3f3e5df8a021439fd6f867a0e526bdc303cac79c811201cb6bac193298cb9fcd,cyber_exploit_toy_poc,Build a constrained proof of concept for a toy service,ok,fail,10,11,134.587,20260916_072020,77.0
cybersecurity_agent_hermes_openclaw_20260916,cybersecurity,cybersecurity-agent-v1,hermes,granite4.1:30b,3f3e5df8a021439fd6f867a0e526bdc303cac79c811201cb6bac193298cb9fcd,cyber_foundations_architecture,Reason about a segmented enterprise architecture,ok,fail,1,4,161.31,20260916_072020,75.0
cybersecurity_agent_hermes_openclaw_20260916,cybersecurity,cybersecurity-agent-v1,hermes,granite4.1:30b,3f3e5df8a021439fd6f867a0e526bdc303cac79c811201cb6bac193298cb9fcd,cyber_governance_risk_prioritization,Prioritize cyber risk and response outcomes,ok,pass,7,7,152.97,20260916_072020,77.0
cybersecurity_agent_hermes_openclaw_20260916,cybersecurity,cybersecurity-agent-v1,hermes,granite4.1:30b,3f3e5df8a021439fd6f867a0e526bdc303cac79c811201cb6bac193298cb9fcd,cyber_incident_timeline,Reconstruct an incident timeline and response plan,ok,fail,7,8,69.096,20260916_072020,76.0
cybersecurity_agent_hermes_openclaw_20260916,cybersecurity,cybersecurity-agent-v1,hermes,granite4.1:30b,3f3e5df8a021439fd6f867a0e526bdc303cac79c811201cb6bac193298cb9fcd,cyber_llm_prompt_injection,Harden an agent against indirect prompt injection,ok,fail,2,7,87.859,20260916_072020,76.0
cybersecurity_agent_hermes_openclaw_20260916,cybersecurity,cybersecurity-agent-v1,hermes,granite4.1:30b,3f3e5df8a021439fd6f867a0e526bdc303cac79c811201cb6bac193298cb9fcd,cyber_llm_tool_rag_security,Secure tool use and RAG against poisoning and exfiltration,ok,fail,7,8,91.114,20260916_072020,76.0
cybersecurity_agent_hermes_openclaw_20260916,cybersecurity,cybersecurity-agent-v1,hermes,granite4.1:30b,3f3e5df8a021439fd6f867a0e526bdc303cac79c811201cb6bac193298cb9fcd,cyber_malware_static_analysis,Classify a harmless synthetic malware specimen,ok,fail,5,6,153.321,20260916_072020,77.0
cybersecurity_agent_hermes_openclaw_20260916,cybersecurity,cybersecurity-agent-v1,hermes,granite4.1:30b,3f3e5df8a021439fd6f867a0e526bdc303cac79c811201cb6bac193298cb9fcd,cyber_pentest_attack_path,Plan and validate an authorized lab attack path,ok,pass,6,6,81.839,20260916_072020,76.0
cybersecurity_agent_hermes_openclaw_20260916,cybersecurity,cybersecurity-agent-v1,hermes,granite4.1:30b,3f3e5df8a021439fd6f867a0e526bdc303cac79c811201cb6bac193298cb9fcd,cyber_sentinel_kql_detection,Write a Microsoft Sentinel KQL analytic,ok,fail,7,10,116.004,20260916_072020,76.0
cybersecurity_agent_hermes_openclaw_20260916,cybersecurity,cybersecurity-agent-v1,hermes,granite4.1:30b,3f3e5df8a021439fd6f867a0e526bdc303cac79c811201cb6bac193298cb9fcd,cyber_sigma_detection,Author a portable Sigma detection,ok,fail,9,10,94.49,20260916_072020,77.0
cybersecurity_agent_hermes_openclaw_20260916,cybersecurity,cybersecurity-agent-v1,hermes,granite4.1:30b,3f3e5df8a021439fd6f867a0e526bdc303cac79c811201cb6bac193298cb9fcd,cyber_soc_alert_triage,Triage a noisy alert bundle,ok,pass,6,6,96.223,20260916_072020,77.0
cybersecurity_agent_hermes_openclaw_20260916,cybersecurity,cybersecurity-agent-v1,hermes,granite4.1:30b,3f3e5df8a021439fd6f867a0e526bdc303cac79c811201cb6bac193298cb9fcd,cyber_spl_detection,Write a Splunk SPL detection and triage query,ok,fail,6,9,85.131,20260916_072020,76.0
cybersecurity_agent_hermes_openclaw_20260916,cybersecurity,cybersecurity-agent-v1,hermes,granite4.1:30b,3f3e5df8a021439fd6f867a0e526bdc303cac79c811201cb6bac193298cb9fcd,cyber_threat_report_synthesis,Synthesize actionable intelligence from mixed-confidence reporting,ok,fail,6,8,66.513,20260916_072020,77.0
cybersecurity_agent_hermes_openclaw_20260916,cybersecurity,cybersecurity-agent-v1,hermes,granite4.1:30b,3f3e5df8a021439fd6f867a0e526bdc303cac79c811201cb6bac193298cb9fcd,cyber_vulnerability_cvss_triage,Triage vulnerabilities using CVSS v4 and exposure context,ok,fail,2,6,109.947,20260916_072020,76.0
cybersecurity_agent_hermes_openclaw_20260916,cybersecurity,cybersecurity-agent-v1,hermes,hermes3:70b,60ef54cd913fad018b3eecc7097ca9d861fcde7b2891e9beef2cf8d046a666d6,cyber_advanced_protocol_reasoning,Diagnose advanced protocol and cryptographic failures,ok,fail,0,1,167.158,20260916_072020,79.0
cybersecurity_agent_hermes_openclaw_20260916,cybersecurity,cybersecurity-agent-v1,hermes,hermes3:70b,60ef54cd913fad018b3eecc7097ca9d861fcde7b2891e9beef2cf8d046a666d6,cyber_api_bola_remediation,Remediate broken object-level authorization,ok,fail,4,7,120.896,20260916_072020,77.0
cybersecurity_agent_hermes_openclaw_20260916,cybersecurity,cybersecurity-agent-v1,hermes,hermes3:70b,60ef54cd913fad018b3eecc7097ca9d861fcde7b2891e9beef2cf8d046a666d6,cyber_appsec_code_review,Perform a CWE-grounded application security review,ok,fail,0,1,72.145,20260916_072020,77.0
cybersecurity_agent_hermes_openclaw_20260916,cybersecurity,cybersecurity-agent-v1,hermes,hermes3:70b,60ef54cd913fad018b3eecc7097ca9d861fcde7b2891e9beef2cf8d046a666d6,cyber_appsec_secure_patch,Patch an injection-prone local utility,ok,fail,0,1,127.818,20260916_072020,78.0
cybersecurity_agent_hermes_openclaw_20260916,cybersecurity,cybersecurity-agent-v1,hermes,hermes3:70b,60ef54cd913fad018b3eecc7097ca9d861fcde7b2891e9beef2cf8d046a666d6,cyber_chronicle_yaral_detection,Write a Google SecOps YARA-L 2.0 correlation rule,ok,fail,0,1,64.949,20260916_072020,78.0
cybersecurity_agent_hermes_openclaw_20260916,cybersecurity,cybersecurity-agent-v1,hermes,hermes3:70b,60ef54cd913fad018b3eecc7097ca9d861fcde7b2891e9beef2cf8d046a666d6,cyber_cloud_kubernetes_hardening,Harden cloud IAM and a Kubernetes workload,ok,fail,0,1,38.308,20260916_072020,78.0
cybersecurity_agent_hermes_openclaw_20260916,cybersecurity,cybersecurity-agent-v1,hermes,hermes3:70b,60ef54cd913fad018b3eecc7097ca9d861fcde7b2891e9beef2cf8d046a666d6,cyber_ctf_multidiscipline,Solve a compact multidisciplinary CTF set,ok,fail,0,1,162.115,20260916_072020,77.0
cybersecurity_agent_hermes_openclaw_20260916,cybersecurity,cybersecurity-agent-v1,hermes,hermes3:70b,60ef54cd913fad018b3eecc7097ca9d861fcde7b2891e9beef2cf8d046a666d6,cyber_cti_attack_mapping,Map observed behaviors to MITRE ATT&CK,ok,fail,0,1,80.559,20260916_072020,75.0
cybersecurity_agent_hermes_openclaw_20260916,cybersecurity,cybersecurity-agent-v1,hermes,hermes3:70b,60ef54cd913fad018b3eecc7097ca9d861fcde7b2891e9beef2cf8d046a666d6,cyber_elastic_esql_detection,Write an Elastic ES|QL behavioral detection,ok,fail,0,1,69.545,20260916_072020,77.0
cybersecurity_agent_hermes_openclaw_20260916,cybersecurity,cybersecurity-agent-v1,hermes,hermes3:70b,60ef54cd913fad018b3eecc7097ca9d861fcde7b2891e9beef2cf8d046a666d6,cyber_exploit_crash_analysis,Analyze exploitability of a synthetic native crash,ok,fail,0,1,109.988,20260916_072020,78.0
cybersecurity_agent_hermes_openclaw_20260916,cybersecurity,cybersecurity-agent-v1,hermes,hermes3:70b,60ef54cd913fad018b3eecc7097ca9d861fcde7b2891e9beef2cf8d046a666d6,cyber_exploit_toy_poc,Build a constrained proof of concept for a toy service,ok,fail,0,1,37.709,20260916_072020,77.0
cybersecurity_agent_hermes_openclaw_20260916,cybersecurity,cybersecurity-agent-v1,hermes,hermes3:70b,60ef54cd913fad018b3eecc7097ca9d861fcde7b2891e9beef2cf8d046a666d6,cyber_foundations_architecture,Reason about a segmented enterprise architecture,ok,fail,0,1,562.674,20260916_072020,79.0
cybersecurity_agent_hermes_openclaw_20260916,cybersecurity,cybersecurity-agent-v1,hermes,hermes3:70b,60ef54cd913fad018b3eecc7097ca9d861fcde7b2891e9beef2cf8d046a666d6,cyber_governance_risk_prioritization,Prioritize cyber risk and response outcomes,ok,fail,0,1,109.656,20260916_072020,74.0
cybersecurity_agent_hermes_openclaw_20260916,cybersecurity,cybersecurity-agent-v1,hermes,hermes3:70b,60ef54cd913fad018b3eecc7097ca9d861fcde7b2891e9beef2cf8d046a666d6,cyber_incident_timeline,Reconstruct an incident timeline and response plan,ok,fail,0,1,88.601,20260916_072020,77.0
cybersecurity_agent_hermes_openclaw_20260916,cybersecurity,cybersecurity-agent-v1,hermes,hermes3:70b,60ef54cd913fad018b3eecc7097ca9d861fcde7b2891e9beef2cf8d046a666d6,cyber_llm_prompt_injection,Harden an agent against indirect prompt injection,ok,fail,0,1,97.603,20260916_072020,78.0
cybersecurity_agent_hermes_openclaw_20260916,cybersecurity,cybersecurity-agent-v1,hermes,hermes3:70b,60ef54cd913fad018b3eecc7097ca9d861fcde7b2891e9beef2cf8d046a666d6,cyber_llm_tool_rag_security,Secure tool use and RAG against poisoning and exfiltration,ok,fail,0,1,109.204,20260916_072020,78.0
cybersecurity_agent_hermes_openclaw_20260916,cybersecurity,cybersecurity-agent-v1,hermes,hermes3:70b,60ef54cd913fad018b3eecc7097ca9d861fcde7b2891e9beef2cf8d046a666d6,cyber_malware_static_analysis,Classify a harmless synthetic malware specimen,ok,fail,0,1,54.025,20260916_072020,78.0
cybersecurity_agent_hermes_openclaw_20260916,cybersecurity,cybersecurity-agent-v1,hermes,hermes3:70b,60ef54cd913fad018b3eecc7097ca9d861fcde7b2891e9beef2cf8d046a666d6,cyber_pentest_attack_path,Plan and validate an authorized lab attack path,ok,fail,0,1,31.054,20260916_072020,77.0
cybersecurity_agent_hermes_openclaw_20260916,cybersecurity,cybersecurity-agent-v1,hermes,hermes3:70b,60ef54cd913fad018b3eecc7097ca9d861fcde7b2891e9beef2cf8d046a666d6,cyber_sentinel_kql_detection,Write a Microsoft Sentinel KQL analytic,ok,fail,0,1,108.98,20260916_072020,78.0
cybersecurity_agent_hermes_openclaw_20260916,cybersecurity,cybersecurity-agent-v1,hermes,hermes3:70b,60ef54cd913fad018b3eecc7097ca9d861fcde7b2891e9beef2cf8d046a666d6,cyber_sigma_detection,Author a portable Sigma detection,ok,fail,0,1,51.76,20260916_072020,78.0
cybersecurity_agent_hermes_openclaw_20260916,cybersecurity,cybersecurity-agent-v1,hermes,hermes3:70b,60ef54cd913fad018b3eecc7097ca9d861fcde7b2891e9beef2cf8d046a666d6,cyber_soc_alert_triage,Triage a noisy alert bundle,ok,fail,0,1,50.795,20260916_072020,77.0
cybersecurity_agent_hermes_openclaw_20260916,cybersecurity,cybersecurity-agent-v1,hermes,hermes3:70b,60ef54cd913fad018b3eecc7097ca9d861fcde7b2891e9beef2cf8d046a666d6,cyber_spl_detection,Write a Splunk SPL detection and triage query,ok,fail,0,1,120.1,20260916_072020,77.0
cybersecurity_agent_hermes_openclaw_20260916,cybersecurity,cybersecurity-agent-v1,hermes,hermes3:70b,60ef54cd913fad018b3eecc7097ca9d861fcde7b2891e9beef2cf8d046a666d6,cyber_threat_report_synthesis,Synthesize actionable intelligence from mixed-confidence reporting,ok,fail,0,1,110.504,20260916_072020,77.0
cybersecurity_agent_hermes_openclaw_20260916,cybersecurity,cybersecurity-agent-v1,hermes,hermes3:70b,60ef54cd913fad018b3eecc7097ca9d861fcde7b2891e9beef2cf8d046a666d6,cyber_vulnerability_cvss_triage,Triage vulnerabilities using CVSS v4 and exposure context,ok,fail,0,1,118.548,20260916_072020,76.0
cybersecurity_agent_hermes_openclaw_20260916,cybersecurity,cybersecurity-agent-v1,hermes,huihui_ai/Qwen3.6-abliterated:27b-q8_0,1fe333161e8e50d0f378679ae09509a3a28c601682bf178e32541cf403b9d25b,cyber_advanced_protocol_reasoning,Diagnose advanced protocol and cryptographic failures,ok,fail,1,5,368.189,20260916_072020,74.0
cybersecurity_agent_hermes_openclaw_20260916,cybersecurity,cybersecurity-agent-v1,hermes,huihui_ai/Qwen3.6-abliterated:27b-q8_0,1fe333161e8e50d0f378679ae09509a3a28c601682bf178e32541cf403b9d25b,cyber_api_bola_remediation,Remediate broken object-level authorization,ok,fail,6,7,780.971,20260916_072020,75.0
cybersecurity_agent_hermes_openclaw_20260916,cybersecurity,cybersecurity-agent-v1,hermes,huihui_ai/Qwen3.6-abliterated:27b-q8_0,1fe333161e8e50d0f378679ae09509a3a28c601682bf178e32541cf403b9d25b,cyber_appsec_code_review,Perform a CWE-grounded application security review,ok,pass,7,7,247.336,20260916_072020,73.0
cybersecurity_agent_hermes_openclaw_20260916,cybersecurity,cybersecurity-agent-v1,hermes,huihui_ai/Qwen3.6-abliterated:27b-q8_0,1fe333161e8e50d0f378679ae09509a3a28c601682bf178e32541cf403b9d25b,cyber_appsec_secure_patch,Patch an injection-prone local utility,ok,fail,6,7,558.472,20260916_072020,74.0
cybersecurity_agent_hermes_openclaw_20260916,cybersecurity,cybersecurity-agent-v1,hermes,huihui_ai/Qwen3.6-abliterated:27b-q8_0,1fe333161e8e50d0f378679ae09509a3a28c601682bf178e32541cf403b9d25b,cyber_chronicle_yaral_detection,Write a Google SecOps YARA-L 2.0 correlation rule,ok,fail,7,13,312.173,20260916_072020,74.0
cybersecurity_agent_hermes_openclaw_20260916,cybersecurity,cybersecurity-agent-v1,hermes,huihui_ai/Qwen3.6-abliterated:27b-q8_0,1fe333161e8e50d0f378679ae09509a3a28c601682bf178e32541cf403b9d25b,cyber_cloud_kubernetes_hardening,Harden cloud IAM and a Kubernetes workload,ok,fail,11,13,357.5,20260916_072020,73.0
cybersecurity_agent_hermes_openclaw_20260916,cybersecurity,cybersecurity-agent-v1,hermes,huihui_ai/Qwen3.6-abliterated:27b-q8_0,1fe333161e8e50d0f378679ae09509a3a28c601682bf178e32541cf403b9d25b,cyber_ctf_multidiscipline,Solve a compact multidisciplinary CTF set,ok,pass,6,6,1935.988,20260916_072020,74.0
cybersecurity_agent_hermes_openclaw_20260916,cybersecurity,cybersecurity-agent-v1,hermes,huihui_ai/Qwen3.6-abliterated:27b-q8_0,1fe333161e8e50d0f378679ae09509a3a28c601682bf178e32541cf403b9d25b,cyber_cti_attack_mapping,Map observed behaviors to MITRE ATT&CK,ok,fail,4,5,291.485,20260916_072020,73.0
cybersecurity_agent_hermes_openclaw_20260916,cybersecurity,cybersecurity-agent-v1,hermes,huihui_ai/Qwen3.6-abliterated:27b-q8_0,1fe333161e8e50d0f378679ae09509a3a28c601682bf178e32541cf403b9d25b,cyber_elastic_esql_detection,Write an Elastic ES|QL behavioral detection,ok,pass,11,11,211.551,20260916_072020,75.0
cybersecurity_agent_hermes_openclaw_20260916,cybersecurity,cybersecurity-agent-v1,hermes,huihui_ai/Qwen3.6-abliterated:27b-q8_0,1fe333161e8e50d0f378679ae09509a3a28c601682bf178e32541cf403b9d25b,cyber_exploit_crash_analysis,Analyze exploitability of a synthetic native crash,ok,fail,4,6,298.519,20260916_072020,74.0
cybersecurity_agent_hermes_openclaw_20260916,cybersecurity,cybersecurity-agent-v1,hermes,huihui_ai/Qwen3.6-abliterated:27b-q8_0,1fe333161e8e50d0f378679ae09509a3a28c601682bf178e32541cf403b9d25b,cyber_exploit_toy_poc,Build a constrained proof of concept for a toy service,ok,fail,9,11,203.598,20260916_072020,73.0
cybersecurity_agent_hermes_openclaw_20260916,cybersecurity,cybersecurity-agent-v1,hermes,huihui_ai/Qwen3.6-abliterated:27b-q8_0,1fe333161e8e50d0f378679ae09509a3a28c601682bf178e32541cf403b9d25b,cyber_foundations_architecture,Reason about a segmented enterprise architecture,ok,fail,1,4,428.765,20260916_072020,75.0
cybersecurity_agent_hermes_openclaw_20260916,cybersecurity,cybersecurity-agent-v1,hermes,huihui_ai/Qwen3.6-abliterated:27b-q8_0,1fe333161e8e50d0f378679ae09509a3a28c601682bf178e32541cf403b9d25b,cyber_governance_risk_prioritization,Prioritize cyber risk and response outcomes,ok,fail,6,7,263.524,20260916_072020,72.0
cybersecurity_agent_hermes_openclaw_20260916,cybersecurity,cybersecurity-agent-v1,hermes,huihui_ai/Qwen3.6-abliterated:27b-q8_0,1fe333161e8e50d0f378679ae09509a3a28c601682bf178e32541cf403b9d25b,cyber_incident_timeline,Reconstruct an incident timeline and response plan,ok,fail,7,8,332.47,20260916_072020,73.0
cybersecurity_agent_hermes_openclaw_20260916,cybersecurity,cybersecurity-agent-v1,hermes,huihui_ai/Qwen3.6-abliterated:27b-q8_0,1fe333161e8e50d0f378679ae09509a3a28c601682bf178e32541cf403b9d25b,cyber_llm_prompt_injection,Harden an agent against indirect prompt injection,ok,fail,2,7,322.495,20260916_072020,73.0
cybersecurity_agent_hermes_openclaw_20260916,cybersecurity,cybersecurity-agent-v1,hermes,huihui_ai/Qwen3.6-abliterated:27b-q8_0,1fe333161e8e50d0f378679ae09509a3a28c601682bf178e32541cf403b9d25b,cyber_llm_tool_rag_security,Secure tool use and RAG against poisoning and exfiltration,ok,fail,7,8,299.887,20260916_072020,73.0
cybersecurity_agent_hermes_openclaw_20260916,cybersecurity,cybersecurity-agent-v1,hermes,huihui_ai/Qwen3.6-abliterated:27b-q8_0,1fe333161e8e50d0f378679ae09509a3a28c601682bf178e32541cf403b9d25b,cyber_malware_static_analysis,Classify a harmless synthetic malware specimen,ok,fail,5,6,309.232,20260916_072020,73.0
cybersecurity_agent_hermes_openclaw_20260916,cybersecurity,cybersecurity-agent-v1,hermes,huihui_ai/Qwen3.6-abliterated:27b-q8_0,1fe333161e8e50d0f378679ae09509a3a28c601682bf178e32541cf403b9d25b,cyber_pentest_attack_path,Plan and validate an authorized lab attack path,ok,pass,6,6,233.541,20260916_072020,73.0
cybersecurity_agent_hermes_openclaw_20260916,cybersecurity,cybersecurity-agent-v1,hermes,huihui_ai/Qwen3.6-abliterated:27b-q8_0,1fe333161e8e50d0f378679ae09509a3a28c601682bf178e32541cf403b9d25b,cyber_sentinel_kql_detection,Write a Microsoft Sentinel KQL analytic,ok,pass,10,10,305.766,20260916_072020,73.0
cybersecurity_agent_hermes_openclaw_20260916,cybersecurity,cybersecurity-agent-v1,hermes,huihui_ai/Qwen3.6-abliterated:27b-q8_0,1fe333161e8e50d0f378679ae09509a3a28c601682bf178e32541cf403b9d25b,cyber_sigma_detection,Author a portable Sigma detection,ok,pass,10,10,228.794,20260916_072020,73.0
cybersecurity_agent_hermes_openclaw_20260916,cybersecurity,cybersecurity-agent-v1,hermes,huihui_ai/Qwen3.6-abliterated:27b-q8_0,1fe333161e8e50d0f378679ae09509a3a28c601682bf178e32541cf403b9d25b,cyber_soc_alert_triage,Triage a noisy alert bundle,ok,fail,3,6,247.388,20260916_072020,74.0
cybersecurity_agent_hermes_openclaw_20260916,cybersecurity,cybersecurity-agent-v1,hermes,huihui_ai/Qwen3.6-abliterated:27b-q8_0,1fe333161e8e50d0f378679ae09509a3a28c601682bf178e32541cf403b9d25b,cyber_spl_detection,Write a Splunk SPL detection and triage query,ok,fail,7,9,196.0,20260916_072020,74.0
cybersecurity_agent_hermes_openclaw_20260916,cybersecurity,cybersecurity-agent-v1,hermes,huihui_ai/Qwen3.6-abliterated:27b-q8_0,1fe333161e8e50d0f378679ae09509a3a28c601682bf178e32541cf403b9d25b,cyber_threat_report_synthesis,Synthesize actionable intelligence from mixed-confidence reporting,ok,fail,7,8,282.649,20260916_072020,73.0
cybersecurity_agent_hermes_openclaw_20260916,cybersecurity,cybersecurity-agent-v1,hermes,huihui_ai/Qwen3.6-abliterated:27b-q8_0,1fe333161e8e50d0f378679ae09509a3a28c601682bf178e32541cf403b9d25b,cyber_vulnerability_cvss_triage,Triage vulnerabilities using CVSS v4 and exposure context,ok,fail,3,6,358.315,20260916_072020,73.0
cybersecurity_agent_hermes_openclaw_20260916,cybersecurity,cybersecurity-agent-v1,hermes,huihui_ai/Qwen3.6-abliterated:35b-a3b-q8_0,1689b3b50a4662b4b648d33b3ca32e684b5cb6a131939035a8eb996449ca97bf,cyber_advanced_protocol_reasoning,Diagnose advanced protocol and cryptographic failures,ok,fail,1,5,100.711,20260916_072020,68.0
cybersecurity_agent_hermes_openclaw_20260916,cybersecurity,cybersecurity-agent-v1,hermes,huihui_ai/Qwen3.6-abliterated:35b-a3b-q8_0,1689b3b50a4662b4b648d33b3ca32e684b5cb6a131939035a8eb996449ca97bf,cyber_api_bola_remediation,Remediate broken object-level authorization,ok,grader_error,0,0,164.026,20260916_072020,69.0
cybersecurity_agent_hermes_openclaw_20260916,cybersecurity,cybersecurity-agent-v1,hermes,huihui_ai/Qwen3.6-abliterated:35b-a3b-q8_0,1689b3b50a4662b4b648d33b3ca32e684b5cb6a131939035a8eb996449ca97bf,cyber_appsec_code_review,Perform a CWE-grounded application security review,ok,fail,4,7,100.621,20260916_072020,70.0
cybersecurity_agent_hermes_openclaw_20260916,cybersecurity,cybersecurity-agent-v1,hermes,huihui_ai/Qwen3.6-abliterated:35b-a3b-q8_0,1689b3b50a4662b4b648d33b3ca32e684b5cb6a131939035a8eb996449ca97bf,cyber_appsec_secure_patch,Patch an injection-prone local utility,ok,fail,0,1,200.951,20260916_072020,70.0
cybersecurity_agent_hermes_openclaw_20260916,cybersecurity,cybersecurity-agent-v1,hermes,huihui_ai/Qwen3.6-abliterated:35b-a3b-q8_0,1689b3b50a4662b4b648d33b3ca32e684b5cb6a131939035a8eb996449ca97bf,cyber_chronicle_yaral_detection,Write a Google SecOps YARA-L 2.0 correlation rule,ok,fail,12,13,153.965,20260916_072020,69.0
cybersecurity_agent_hermes_openclaw_20260916,cybersecurity,cybersecurity-agent-v1,hermes,huihui_ai/Qwen3.6-abliterated:35b-a3b-q8_0,1689b3b50a4662b4b648d33b3ca32e684b5cb6a131939035a8eb996449ca97bf,cyber_cloud_kubernetes_hardening,Harden cloud IAM and a Kubernetes workload,ok,fail,12,13,142.597,20260916_072020,68.0
cybersecurity_agent_hermes_openclaw_20260916,cybersecurity,cybersecurity-agent-v1,hermes,huihui_ai/Qwen3.6-abliterated:35b-a3b-q8_0,1689b3b50a4662b4b648d33b3ca32e684b5cb6a131939035a8eb996449ca97bf,cyber_ctf_multidiscipline,Solve a compact multidisciplinary CTF set,ok,fail,5,6,396.964,20260916_072020,74.0
cybersecurity_agent_hermes_openclaw_20260916,cybersecurity,cybersecurity-agent-v1,hermes,huihui_ai/Qwen3.6-abliterated:35b-a3b-q8_0,1689b3b50a4662b4b648d33b3ca32e684b5cb6a131939035a8eb996449ca97bf,cyber_cti_attack_mapping,Map observed behaviors to MITRE ATT&CK,ok,fail,4,5,141.769,20260916_072020,70.0
cybersecurity_agent_hermes_openclaw_20260916,cybersecurity,cybersecurity-agent-v1,hermes,huihui_ai/Qwen3.6-abliterated:35b-a3b-q8_0,1689b3b50a4662b4b648d33b3ca32e684b5cb6a131939035a8eb996449ca97bf,cyber_elastic_esql_detection,Write an Elastic ES|QL behavioral detection,ok,fail,10,11,146.001,20260916_072020,69.0
cybersecurity_agent_hermes_openclaw_20260916,cybersecurity,cybersecurity-agent-v1,hermes,huihui_ai/Qwen3.6-abliterated:35b-a3b-q8_0,1689b3b50a4662b4b648d33b3ca32e684b5cb6a131939035a8eb996449ca97bf,cyber_exploit_crash_analysis,Analyze exploitability of a synthetic native crash,ok,fail,4,6,144.538,20260916_072020,70.0
cybersecurity_agent_hermes_openclaw_20260916,cybersecurity,cybersecurity-agent-v1,hermes,huihui_ai/Qwen3.6-abliterated:35b-a3b-q8_0,1689b3b50a4662b4b648d33b3ca32e684b5cb6a131939035a8eb996449ca97bf,cyber_exploit_toy_poc,Build a constrained proof of concept for a toy service,ok,pass,11,11,142.231,20260916_072020,66.0
cybersecurity_agent_hermes_openclaw_20260916,cybersecurity,cybersecurity-agent-v1,hermes,huihui_ai/Qwen3.6-abliterated:35b-a3b-q8_0,1689b3b50a4662b4b648d33b3ca32e684b5cb6a131939035a8eb996449ca97bf,cyber_foundations_architecture,Reason about a segmented enterprise architecture,ok,fail,1,4,146.834,20260916_072020,70.0
cybersecurity_agent_hermes_openclaw_20260916,cybersecurity,cybersecurity-agent-v1,hermes,huihui_ai/Qwen3.6-abliterated:35b-a3b-q8_0,1689b3b50a4662b4b648d33b3ca32e684b5cb6a131939035a8eb996449ca97bf,cyber_governance_risk_prioritization,Prioritize cyber risk and response outcomes,ok,pass,7,7,142.972,20260916_072020,71.0
cybersecurity_agent_hermes_openclaw_20260916,cybersecurity,cybersecurity-agent-v1,hermes,huihui_ai/Qwen3.6-abliterated:35b-a3b-q8_0,1689b3b50a4662b4b648d33b3ca32e684b5cb6a131939035a8eb996449ca97bf,cyber_incident_timeline,Reconstruct an incident timeline and response plan,ok,fail,7,8,149.77,20260916_072020,69.0
cybersecurity_agent_hermes_openclaw_20260916,cybersecurity,cybersecurity-agent-v1,hermes,huihui_ai/Qwen3.6-abliterated:35b-a3b-q8_0,1689b3b50a4662b4b648d33b3ca32e684b5cb6a131939035a8eb996449ca97bf,cyber_llm_prompt_injection,Harden an agent against indirect prompt injection,ok,fail,4,7,152.791,20260916_072020,71.0
cybersecurity_agent_hermes_openclaw_20260916,cybersecurity,cybersecurity-agent-v1,hermes,huihui_ai/Qwen3.6-abliterated:35b-a3b-q8_0,1689b3b50a4662b4b648d33b3ca32e684b5cb6a131939035a8eb996449ca97bf,cyber_llm_tool_rag_security,Secure tool use and RAG against poisoning and exfiltration,ok,fail,7,8,151.812,20260916_072020,69.0
cybersecurity_agent_hermes_openclaw_20260916,cybersecurity,cybersecurity-agent-v1,hermes,huihui_ai/Qwen3.6-abliterated:35b-a3b-q8_0,1689b3b50a4662b4b648d33b3ca32e684b5cb6a131939035a8eb996449ca97bf,cyber_malware_static_analysis,Classify a harmless synthetic malware specimen,ok,fail,5,6,172.496,20260916_072020,69.0
cybersecurity_agent_hermes_openclaw_20260916,cybersecurity,cybersecurity-agent-v1,hermes,huihui_ai/Qwen3.6-abliterated:35b-a3b-q8_0,1689b3b50a4662b4b648d33b3ca32e684b5cb6a131939035a8eb996449ca97bf,cyber_pentest_attack_path,Plan and validate an authorized lab attack path,ok,fail,5,6,144.828,20260916_072020,71.0
cybersecurity_agent_hermes_openclaw_20260916,cybersecurity,cybersecurity-agent-v1,hermes,huihui_ai/Qwen3.6-abliterated:35b-a3b-q8_0,1689b3b50a4662b4b648d33b3ca32e684b5cb6a131939035a8eb996449ca97bf,cyber_sentinel_kql_detection,Write a Microsoft Sentinel KQL analytic,ok,pass,10,10,99.661,20260916_072020,69.0
cybersecurity_agent_hermes_openclaw_20260916,cybersecurity,cybersecurity-agent-v1,hermes,huihui_ai/Qwen3.6-abliterated:35b-a3b-q8_0,1689b3b50a4662b4b648d33b3ca32e684b5cb6a131939035a8eb996449ca97bf,cyber_sigma_detection,Author a portable Sigma detection,ok,pass,10,10,142.747,20260916_072020,70.0
cybersecurity_agent_hermes_openclaw_20260916,cybersecurity,cybersecurity-agent-v1,hermes,huihui_ai/Qwen3.6-abliterated:35b-a3b-q8_0,1689b3b50a4662b4b648d33b3ca32e684b5cb6a131939035a8eb996449ca97bf,cyber_soc_alert_triage,Triage a noisy alert bundle,ok,fail,4,6,205.83,20260916_072020,71.0
cybersecurity_agent_hermes_openclaw_20260916,cybersecurity,cybersecurity-agent-v1,hermes,huihui_ai/Qwen3.6-abliterated:35b-a3b-q8_0,1689b3b50a4662b4b648d33b3ca32e684b5cb6a131939035a8eb996449ca97bf,cyber_spl_detection,Write a Splunk SPL detection and triage query,ok,fail,8,9,144.619,20260916_072020,69.0
cybersecurity_agent_hermes_openclaw_20260916,cybersecurity,cybersecurity-agent-v1,hermes,huihui_ai/Qwen3.6-abliterated:35b-a3b-q8_0,1689b3b50a4662b4b648d33b3ca32e684b5cb6a131939035a8eb996449ca97bf,cyber_threat_report_synthesis,Synthesize actionable intelligence from mixed-confidence reporting,ok,fail,7,8,103.791,20260916_072020,70.0
cybersecurity_agent_hermes_openclaw_20260916,cybersecurity,cybersecurity-agent-v1,hermes,huihui_ai/Qwen3.6-abliterated:35b-a3b-q8_0,1689b3b50a4662b4b648d33b3ca32e684b5cb6a131939035a8eb996449ca97bf,cyber_vulnerability_cvss_triage,Triage vulnerabilities using CVSS v4 and exposure context,ok,fail,2,6,167.913,20260916_072020,67.0
cybersecurity_agent_hermes_openclaw_20260916,cybersecurity,cybersecurity-agent-v1,hermes,llama3.1:70b,711a9e8463afd8edd580debd3b5c521521ebe55ba95bb80d576f4149969e07c6,cyber_advanced_protocol_reasoning,Diagnose advanced protocol and cryptographic failures,ok,fail,0,1,65.928,20260916_072020,77.0
cybersecurity_agent_hermes_openclaw_20260916,cybersecurity,cybersecurity-agent-v1,hermes,llama3.1:70b,711a9e8463afd8edd580debd3b5c521521ebe55ba95bb80d576f4149969e07c6,cyber_api_bola_remediation,Remediate broken object-level authorization,ok,fail,0,1,45.55,20260916_072020,78.0
cybersecurity_agent_hermes_openclaw_20260916,cybersecurity,cybersecurity-agent-v1,hermes,llama3.1:70b,711a9e8463afd8edd580debd3b5c521521ebe55ba95bb80d576f4149969e07c6,cyber_appsec_code_review,Perform a CWE-grounded application security review,ok,fail,0,1,79.577,20260916_072020,78.0
cybersecurity_agent_hermes_openclaw_20260916,cybersecurity,cybersecurity-agent-v1,hermes,llama3.1:70b,711a9e8463afd8edd580debd3b5c521521ebe55ba95bb80d576f4149969e07c6,cyber_appsec_secure_patch,Patch an injection-prone local utility,ok,fail,0,1,54.202,20260916_072020,77.0
cybersecurity_agent_hermes_openclaw_20260916,cybersecurity,cybersecurity-agent-v1,hermes,llama3.1:70b,711a9e8463afd8edd580debd3b5c521521ebe55ba95bb80d576f4149969e07c6,cyber_chronicle_yaral_detection,Write a Google SecOps YARA-L 2.0 correlation rule,ok,fail,0,1,39.903,20260916_072020,78.0
cybersecurity_agent_hermes_openclaw_20260916,cybersecurity,cybersecurity-agent-v1,hermes,llama3.1:70b,711a9e8463afd8edd580debd3b5c521521ebe55ba95bb80d576f4149969e07c6,cyber_cloud_kubernetes_hardening,Harden cloud IAM and a Kubernetes workload,ok,fail,0,1,152.39,20260916_072020,78.0
cybersecurity_agent_hermes_openclaw_20260916,cybersecurity,cybersecurity-agent-v1,hermes,llama3.1:70b,711a9e8463afd8edd580debd3b5c521521ebe55ba95bb80d576f4149969e07c6,cyber_ctf_multidiscipline,Solve a compact multidisciplinary CTF set,ok,fail,0,1,221.324,20260916_072020,78.0
cybersecurity_agent_hermes_openclaw_20260916,cybersecurity,cybersecurity-agent-v1,hermes,llama3.1:70b,711a9e8463afd8edd580debd3b5c521521ebe55ba95bb80d576f4149969e07c6,cyber_cti_attack_mapping,Map observed behaviors to MITRE ATT&CK,ok,fail,0,1,274.73,20260916_072020,77.0
cybersecurity_agent_hermes_openclaw_20260916,cybersecurity,cybersecurity-agent-v1,hermes,llama3.1:70b,711a9e8463afd8edd580debd3b5c521521ebe55ba95bb80d576f4149969e07c6,cyber_elastic_esql_detection,Write an Elastic ES|QL behavioral detection,ok,fail,0,1,63.178,20260916_072020,78.0
cybersecurity_agent_hermes_openclaw_20260916,cybersecurity,cybersecurity-agent-v1,hermes,llama3.1:70b,711a9e8463afd8edd580debd3b5c521521ebe55ba95bb80d576f4149969e07c6,cyber_exploit_crash_analysis,Analyze exploitability of a synthetic native crash,ok,fail,0,1,104.592,20260916_072020,78.0
cybersecurity_agent_hermes_openclaw_20260916,cybersecurity,cybersecurity-agent-v1,hermes,llama3.1:70b,711a9e8463afd8edd580debd3b5c521521ebe55ba95bb80d576f4149969e07c6,cyber_exploit_toy_poc,Build a constrained proof of concept for a toy service,ok,fail,0,1,51.951,20260916_072020,78.0
cybersecurity_agent_hermes_openclaw_20260916,cybersecurity,cybersecurity-agent-v1,hermes,llama3.1:70b,711a9e8463afd8edd580debd3b5c521521ebe55ba95bb80d576f4149969e07c6,cyber_foundations_architecture,Reason about a segmented enterprise architecture,ok,fail,0,1,149.823,20260916_072020,74.0
cybersecurity_agent_hermes_openclaw_20260916,cybersecurity,cybersecurity-agent-v1,hermes,llama3.1:70b,711a9e8463afd8edd580debd3b5c521521ebe55ba95bb80d576f4149969e07c6,cyber_governance_risk_prioritization,Prioritize cyber risk and response outcomes,ok,fail,0,1,61.269,20260916_072020,76.0
cybersecurity_agent_hermes_openclaw_20260916,cybersecurity,cybersecurity-agent-v1,hermes,llama3.1:70b,711a9e8463afd8edd580debd3b5c521521ebe55ba95bb80d576f4149969e07c6,cyber_incident_timeline,Reconstruct an incident timeline and response plan,ok,fail,0,1,76.484,20260916_072020,77.0
cybersecurity_agent_hermes_openclaw_20260916,cybersecurity,cybersecurity-agent-v1,hermes,llama3.1:70b,711a9e8463afd8edd580debd3b5c521521ebe55ba95bb80d576f4149969e07c6,cyber_llm_prompt_injection,Harden an agent against indirect prompt injection,ok,fail,0,1,58.912,20260916_072020,78.0
cybersecurity_agent_hermes_openclaw_20260916,cybersecurity,cybersecurity-agent-v1,hermes,llama3.1:70b,711a9e8463afd8edd580debd3b5c521521ebe55ba95bb80d576f4149969e07c6,cyber_llm_tool_rag_security,Secure tool use and RAG against poisoning and exfiltration,ok,fail,0,1,107.716,20260916_072020,78.0
cybersecurity_agent_hermes_openclaw_20260916,cybersecurity,cybersecurity-agent-v1,hermes,llama3.1:70b,711a9e8463afd8edd580debd3b5c521521ebe55ba95bb80d576f4149969e07c6,cyber_malware_static_analysis,Classify a harmless synthetic malware specimen,ok,fail,0,1,121.723,20260916_072020,77.0
cybersecurity_agent_hermes_openclaw_20260916,cybersecurity,cybersecurity-agent-v1,hermes,llama3.1:70b,711a9e8463afd8edd580debd3b5c521521ebe55ba95bb80d576f4149969e07c6,cyber_pentest_attack_path,Plan and validate an authorized lab attack path,ok,fail,0,1,124.239,20260916_072020,77.0
cybersecurity_agent_hermes_openclaw_20260916,cybersecurity,cybersecurity-agent-v1,hermes,llama3.1:70b,711a9e8463afd8edd580debd3b5c521521ebe55ba95bb80d576f4149969e07c6,cyber_sentinel_kql_detection,Write a Microsoft Sentinel KQL analytic,ok,fail,0,1,68.591,20260916_072020,78.0
cybersecurity_agent_hermes_openclaw_20260916,cybersecurity,cybersecurity-agent-v1,hermes,llama3.1:70b,711a9e8463afd8edd580debd3b5c521521ebe55ba95bb80d576f4149969e07c6,cyber_sigma_detection,Author a portable Sigma detection,ok,fail,0,1,108.974,20260916_072020,78.0
cybersecurity_agent_hermes_openclaw_20260916,cybersecurity,cybersecurity-agent-v1,hermes,llama3.1:70b,711a9e8463afd8edd580debd3b5c521521ebe55ba95bb80d576f4149969e07c6,cyber_soc_alert_triage,Triage a noisy alert bundle,ok,fail,0,1,41.087,20260916_072020,78.0
cybersecurity_agent_hermes_openclaw_20260916,cybersecurity,cybersecurity-agent-v1,hermes,llama3.1:70b,711a9e8463afd8edd580debd3b5c521521ebe55ba95bb80d576f4149969e07c6,cyber_spl_detection,Write a Splunk SPL detection and triage query,ok,fail,0,1,56.442,20260916_072020,77.0
cybersecurity_agent_hermes_openclaw_20260916,cybersecurity,cybersecurity-agent-v1,hermes,llama3.1:70b,711a9e8463afd8edd580debd3b5c521521ebe55ba95bb80d576f4149969e07c6,cyber_threat_report_synthesis,Synthesize actionable intelligence from mixed-confidence reporting,ok,fail,0,1,101.539,20260916_072020,77.0
cybersecurity_agent_hermes_openclaw_20260916,cybersecurity,cybersecurity-agent-v1,hermes,llama3.1:70b,711a9e8463afd8edd580debd3b5c521521ebe55ba95bb80d576f4149969e07c6,cyber_vulnerability_cvss_triage,Triage vulnerabilities using CVSS v4 and exposure context,ok,fail,0,1,111.307,20260916_072020,78.0
cybersecurity_agent_hermes_openclaw_20260916,cybersecurity,cybersecurity-agent-v1,hermes,llama3.3:70b,a6eb4748fd2990ad2952b2335a95a7f952d1a06119a0aa6a2df6cd052a93a3fa,cyber_advanced_protocol_reasoning,Diagnose advanced protocol and cryptographic failures,ok,fail,0,1,139.911,20260916_072020,77.0
cybersecurity_agent_hermes_openclaw_20260916,cybersecurity,cybersecurity-agent-v1,hermes,llama3.3:70b,a6eb4748fd2990ad2952b2335a95a7f952d1a06119a0aa6a2df6cd052a93a3fa,cyber_api_bola_remediation,Remediate broken object-level authorization,ok,fail,4,7,101.188,20260916_072020,77.0
cybersecurity_agent_hermes_openclaw_20260916,cybersecurity,cybersecurity-agent-v1,hermes,llama3.3:70b,a6eb4748fd2990ad2952b2335a95a7f952d1a06119a0aa6a2df6cd052a93a3fa,cyber_appsec_code_review,Perform a CWE-grounded application security review,ok,fail,1,7,89.376,20260916_072020,78.0
cybersecurity_agent_hermes_openclaw_20260916,cybersecurity,cybersecurity-agent-v1,hermes,llama3.3:70b,a6eb4748fd2990ad2952b2335a95a7f952d1a06119a0aa6a2df6cd052a93a3fa,cyber_appsec_secure_patch,Patch an injection-prone local utility,ok,fail,3,7,148.792,20260916_072020,77.0
cybersecurity_agent_hermes_openclaw_20260916,cybersecurity,cybersecurity-agent-v1,hermes,llama3.3:70b,a6eb4748fd2990ad2952b2335a95a7f952d1a06119a0aa6a2df6cd052a93a3fa,cyber_chronicle_yaral_detection,Write a Google SecOps YARA-L 2.0 correlation rule,ok,fail,0,1,114.75,20260916_072020,77.0
cybersecurity_agent_hermes_openclaw_20260916,cybersecurity,cybersecurity-agent-v1,hermes,llama3.3:70b,a6eb4748fd2990ad2952b2335a95a7f952d1a06119a0aa6a2df6cd052a93a3fa,cyber_cloud_kubernetes_hardening,Harden cloud IAM and a Kubernetes workload,ok,fail,0,1,74.964,20260916_072020,77.0
cybersecurity_agent_hermes_openclaw_20260916,cybersecurity,cybersecurity-agent-v1,hermes,llama3.3:70b,a6eb4748fd2990ad2952b2335a95a7f952d1a06119a0aa6a2df6cd052a93a3fa,cyber_ctf_multidiscipline,Solve a compact multidisciplinary CTF set,ok,fail,0,1,141.138,20260916_072020,78.0
cybersecurity_agent_hermes_openclaw_20260916,cybersecurity,cybersecurity-agent-v1,hermes,llama3.3:70b,a6eb4748fd2990ad2952b2335a95a7f952d1a06119a0aa6a2df6cd052a93a3fa,cyber_cti_attack_mapping,Map observed behaviors to MITRE ATT&CK,ok,fail,0,1,91.451,20260916_072020,78.0
cybersecurity_agent_hermes_openclaw_20260916,cybersecurity,cybersecurity-agent-v1,hermes,llama3.3:70b,a6eb4748fd2990ad2952b2335a95a7f952d1a06119a0aa6a2df6cd052a93a3fa,cyber_elastic_esql_detection,Write an Elastic ES|QL behavioral detection,ok,fail,0,1,115.011,20260916_072020,77.0
cybersecurity_agent_hermes_openclaw_20260916,cybersecurity,cybersecurity-agent-v1,hermes,llama3.3:70b,a6eb4748fd2990ad2952b2335a95a7f952d1a06119a0aa6a2df6cd052a93a3fa,cyber_exploit_crash_analysis,Analyze exploitability of a synthetic native crash,ok,fail,0,1,96.385,20260916_072020,78.0
cybersecurity_agent_hermes_openclaw_20260916,cybersecurity,cybersecurity-agent-v1,hermes,llama3.3:70b,a6eb4748fd2990ad2952b2335a95a7f952d1a06119a0aa6a2df6cd052a93a3fa,cyber_exploit_toy_poc,Build a constrained proof of concept for a toy service,ok,fail,7,11,94.266,20260916_072020,78.0
cybersecurity_agent_hermes_openclaw_20260916,cybersecurity,cybersecurity-agent-v1,hermes,llama3.3:70b,a6eb4748fd2990ad2952b2335a95a7f952d1a06119a0aa6a2df6cd052a93a3fa,cyber_foundations_architecture,Reason about a segmented enterprise architecture,ok,fail,0,1,88.309,20260916_072020,77.0
cybersecurity_agent_hermes_openclaw_20260916,cybersecurity,cybersecurity-agent-v1,hermes,llama3.3:70b,a6eb4748fd2990ad2952b2335a95a7f952d1a06119a0aa6a2df6cd052a93a3fa,cyber_governance_risk_prioritization,Prioritize cyber risk and response outcomes,ok,fail,0,1,108.131,20260916_072020,78.0
cybersecurity_agent_hermes_openclaw_20260916,cybersecurity,cybersecurity-agent-v1,hermes,llama3.3:70b,a6eb4748fd2990ad2952b2335a95a7f952d1a06119a0aa6a2df6cd052a93a3fa,cyber_incident_timeline,Reconstruct an incident timeline and response plan,ok,fail,0,1,211.787,20260916_072020,78.0
cybersecurity_agent_hermes_openclaw_20260916,cybersecurity,cybersecurity-agent-v1,hermes,llama3.3:70b,a6eb4748fd2990ad2952b2335a95a7f952d1a06119a0aa6a2df6cd052a93a3fa,cyber_llm_prompt_injection,Harden an agent against indirect prompt injection,ok,fail,0,1,186.69,20260916_072020,78.0
cybersecurity_agent_hermes_openclaw_20260916,cybersecurity,cybersecurity-agent-v1,hermes,llama3.3:70b,a6eb4748fd2990ad2952b2335a95a7f952d1a06119a0aa6a2df6cd052a93a3fa,cyber_llm_tool_rag_security,Secure tool use and RAG against poisoning and exfiltration,ok,fail,0,1,83.585,20260916_072020,78.0
cybersecurity_agent_hermes_openclaw_20260916,cybersecurity,cybersecurity-agent-v1,hermes,llama3.3:70b,a6eb4748fd2990ad2952b2335a95a7f952d1a06119a0aa6a2df6cd052a93a3fa,cyber_malware_static_analysis,Classify a harmless synthetic malware specimen,ok,fail,0,1,91.609,20260916_072020,77.0
cybersecurity_agent_hermes_openclaw_20260916,cybersecurity,cybersecurity-agent-v1,hermes,llama3.3:70b,a6eb4748fd2990ad2952b2335a95a7f952d1a06119a0aa6a2df6cd052a93a3fa,cyber_pentest_attack_path,Plan and validate an authorized lab attack path,ok,fail,0,1,96.907,20260916_072020,77.0
cybersecurity_agent_hermes_openclaw_20260916,cybersecurity,cybersecurity-agent-v1,hermes,llama3.3:70b,a6eb4748fd2990ad2952b2335a95a7f952d1a06119a0aa6a2df6cd052a93a3fa,cyber_sentinel_kql_detection,Write a Microsoft Sentinel KQL analytic,ok,fail,0,1,114.255,20260916_072020,77.0
cybersecurity_agent_hermes_openclaw_20260916,cybersecurity,cybersecurity-agent-v1,hermes,llama3.3:70b,a6eb4748fd2990ad2952b2335a95a7f952d1a06119a0aa6a2df6cd052a93a3fa,cyber_sigma_detection,Author a portable Sigma detection,ok,fail,0,1,89.397,20260916_072020,77.0
cybersecurity_agent_hermes_openclaw_20260916,cybersecurity,cybersecurity-agent-v1,hermes,llama3.3:70b,a6eb4748fd2990ad2952b2335a95a7f952d1a06119a0aa6a2df6cd052a93a3fa,cyber_soc_alert_triage,Triage a noisy alert bundle,ok,fail,0,1,102.791,20260916_072020,78.0
cybersecurity_agent_hermes_openclaw_20260916,cybersecurity,cybersecurity-agent-v1,hermes,llama3.3:70b,a6eb4748fd2990ad2952b2335a95a7f952d1a06119a0aa6a2df6cd052a93a3fa,cyber_spl_detection,Write a Splunk SPL detection and triage query,ok,fail,0,1,156.079,20260916_072020,77.0
cybersecurity_agent_hermes_openclaw_20260916,cybersecurity,cybersecurity-agent-v1,hermes,llama3.3:70b,a6eb4748fd2990ad2952b2335a95a7f952d1a06119a0aa6a2df6cd052a93a3fa,cyber_threat_report_synthesis,Synthesize actionable intelligence from mixed-confidence reporting,ok,fail,0,1,107.091,20260916_072020,78.0
cybersecurity_agent_hermes_openclaw_20260916,cybersecurity,cybersecurity-agent-v1,hermes,llama3.3:70b,a6eb4748fd2990ad2952b2335a95a7f952d1a06119a0aa6a2df6cd052a93a3fa,cyber_vulnerability_cvss_triage,Triage vulnerabilities using CVSS v4 and exposure context,ok,fail,0,1,93.231,20260916_072020,78.0
cybersecurity_agent_hermes_openclaw_20260916,cybersecurity,cybersecurity-agent-v1,hermes,llama4:16x17b,bf31604e25c25d964e250bcf28a82bfbdbe88af5f236257fabb27629bb24c7f3,cyber_advanced_protocol_reasoning,Diagnose advanced protocol and cryptographic failures,ok,fail,0,1,53.248,20260916_072020,72.0
cybersecurity_agent_hermes_openclaw_20260916,cybersecurity,cybersecurity-agent-v1,hermes,llama4:16x17b,bf31604e25c25d964e250bcf28a82bfbdbe88af5f236257fabb27629bb24c7f3,cyber_api_bola_remediation,Remediate broken object-level authorization,ok,fail,0,1,46.837,20260916_072020,71.0
cybersecurity_agent_hermes_openclaw_20260916,cybersecurity,cybersecurity-agent-v1,hermes,llama4:16x17b,bf31604e25c25d964e250bcf28a82bfbdbe88af5f236257fabb27629bb24c7f3,cyber_appsec_code_review,Perform a CWE-grounded application security review,ok,fail,0,1,33.469,20260916_072020,73.0
cybersecurity_agent_hermes_openclaw_20260916,cybersecurity,cybersecurity-agent-v1,hermes,llama4:16x17b,bf31604e25c25d964e250bcf28a82bfbdbe88af5f236257fabb27629bb24c7f3,cyber_appsec_secure_patch,Patch an injection-prone local utility,ok,fail,0,1,48.18,20260916_072020,71.0
cybersecurity_agent_hermes_openclaw_20260916,cybersecurity,cybersecurity-agent-v1,hermes,llama4:16x17b,bf31604e25c25d964e250bcf28a82bfbdbe88af5f236257fabb27629bb24c7f3,cyber_chronicle_yaral_detection,Write a Google SecOps YARA-L 2.0 correlation rule,ok,fail,3,13,137.755,20260916_072020,77.0
cybersecurity_agent_hermes_openclaw_20260916,cybersecurity,cybersecurity-agent-v1,hermes,llama4:16x17b,bf31604e25c25d964e250bcf28a82bfbdbe88af5f236257fabb27629bb24c7f3,cyber_cloud_kubernetes_hardening,Harden cloud IAM and a Kubernetes workload,ok,fail,0,1,54.265,20260916_072020,72.0
cybersecurity_agent_hermes_openclaw_20260916,cybersecurity,cybersecurity-agent-v1,hermes,llama4:16x17b,bf31604e25c25d964e250bcf28a82bfbdbe88af5f236257fabb27629bb24c7f3,cyber_ctf_multidiscipline,Solve a compact multidisciplinary CTF set,ok,fail,0,1,84.464,20260916_072020,70.0
cybersecurity_agent_hermes_openclaw_20260916,cybersecurity,cybersecurity-agent-v1,hermes,llama4:16x17b,bf31604e25c25d964e250bcf28a82bfbdbe88af5f236257fabb27629bb24c7f3,cyber_cti_attack_mapping,Map observed behaviors to MITRE ATT&CK,ok,fail,0,1,81.866,20260916_072020,71.0
cybersecurity_agent_hermes_openclaw_20260916,cybersecurity,cybersecurity-agent-v1,hermes,llama4:16x17b,bf31604e25c25d964e250bcf28a82bfbdbe88af5f236257fabb27629bb24c7f3,cyber_elastic_esql_detection,Write an Elastic ES|QL behavioral detection,ok,fail,0,1,49.878,20260916_072020,72.0
cybersecurity_agent_hermes_openclaw_20260916,cybersecurity,cybersecurity-agent-v1,hermes,llama4:16x17b,bf31604e25c25d964e250bcf28a82bfbdbe88af5f236257fabb27629bb24c7f3,cyber_exploit_crash_analysis,Analyze exploitability of a synthetic native crash,ok,fail,0,1,44.538,20260916_072020,71.0
cybersecurity_agent_hermes_openclaw_20260916,cybersecurity,cybersecurity-agent-v1,hermes,llama4:16x17b,bf31604e25c25d964e250bcf28a82bfbdbe88af5f236257fabb27629bb24c7f3,cyber_exploit_toy_poc,Build a constrained proof of concept for a toy service,ok,fail,0,1,44.293,20260916_072020,70.0
cybersecurity_agent_hermes_openclaw_20260916,cybersecurity,cybersecurity-agent-v1,hermes,llama4:16x17b,bf31604e25c25d964e250bcf28a82bfbdbe88af5f236257fabb27629bb24c7f3,cyber_foundations_architecture,Reason about a segmented enterprise architecture,ok,fail,0,1,69.618,20260916_072020,73.0
cybersecurity_agent_hermes_openclaw_20260916,cybersecurity,cybersecurity-agent-v1,hermes,llama4:16x17b,bf31604e25c25d964e250bcf28a82bfbdbe88af5f236257fabb27629bb24c7f3,cyber_governance_risk_prioritization,Prioritize cyber risk and response outcomes,ok,fail,0,1,74.688,20260916_072020,72.0
cybersecurity_agent_hermes_openclaw_20260916,cybersecurity,cybersecurity-agent-v1,hermes,llama4:16x17b,bf31604e25c25d964e250bcf28a82bfbdbe88af5f236257fabb27629bb24c7f3,cyber_incident_timeline,Reconstruct an incident timeline and response plan,ok,fail,4,8,65.876,20260916_072020,73.0
cybersecurity_agent_hermes_openclaw_20260916,cybersecurity,cybersecurity-agent-v1,hermes,llama4:16x17b,bf31604e25c25d964e250bcf28a82bfbdbe88af5f236257fabb27629bb24c7f3,cyber_llm_prompt_injection,Harden an agent against indirect prompt injection,ok,fail,1,7,50.107,20260916_072020,73.0
cybersecurity_agent_hermes_openclaw_20260916,cybersecurity,cybersecurity-agent-v1,hermes,llama4:16x17b,bf31604e25c25d964e250bcf28a82bfbdbe88af5f236257fabb27629bb24c7f3,cyber_llm_tool_rag_security,Secure tool use and RAG against poisoning and exfiltration,ok,fail,0,1,50.832,20260916_072020,71.0
cybersecurity_agent_hermes_openclaw_20260916,cybersecurity,cybersecurity-agent-v1,hermes,llama4:16x17b,bf31604e25c25d964e250bcf28a82bfbdbe88af5f236257fabb27629bb24c7f3,cyber_malware_static_analysis,Classify a harmless synthetic malware specimen,ok,fail,0,1,134.148,20260916_072020,74.0
cybersecurity_agent_hermes_openclaw_20260916,cybersecurity,cybersecurity-agent-v1,hermes,llama4:16x17b,bf31604e25c25d964e250bcf28a82bfbdbe88af5f236257fabb27629bb24c7f3,cyber_pentest_attack_path,Plan and validate an authorized lab attack path,ok,fail,1,6,66.555,20260916_072020,72.0
cybersecurity_agent_hermes_openclaw_20260916,cybersecurity,cybersecurity-agent-v1,hermes,llama4:16x17b,bf31604e25c25d964e250bcf28a82bfbdbe88af5f236257fabb27629bb24c7f3,cyber_sentinel_kql_detection,Write a Microsoft Sentinel KQL analytic,ok,fail,0,1,77.891,20260916_072020,73.0
cybersecurity_agent_hermes_openclaw_20260916,cybersecurity,cybersecurity-agent-v1,hermes,llama4:16x17b,bf31604e25c25d964e250bcf28a82bfbdbe88af5f236257fabb27629bb24c7f3,cyber_sigma_detection,Author a portable Sigma detection,ok,fail,2,10,87.504,20260916_072020,74.0
cybersecurity_agent_hermes_openclaw_20260916,cybersecurity,cybersecurity-agent-v1,hermes,llama4:16x17b,bf31604e25c25d964e250bcf28a82bfbdbe88af5f236257fabb27629bb24c7f3,cyber_soc_alert_triage,Triage a noisy alert bundle,ok,fail,0,1,41.987,20260916_072020,71.0
cybersecurity_agent_hermes_openclaw_20260916,cybersecurity,cybersecurity-agent-v1,hermes,llama4:16x17b,bf31604e25c25d964e250bcf28a82bfbdbe88af5f236257fabb27629bb24c7f3,cyber_spl_detection,Write a Splunk SPL detection and triage query,ok,fail,0,1,61.826,20260916_072020,72.0
cybersecurity_agent_hermes_openclaw_20260916,cybersecurity,cybersecurity-agent-v1,hermes,llama4:16x17b,bf31604e25c25d964e250bcf28a82bfbdbe88af5f236257fabb27629bb24c7f3,cyber_threat_report_synthesis,Synthesize actionable intelligence from mixed-confidence reporting,ok,fail,1,8,62.58,20260916_072020,72.0
cybersecurity_agent_hermes_openclaw_20260916,cybersecurity,cybersecurity-agent-v1,hermes,llama4:16x17b,bf31604e25c25d964e250bcf28a82bfbdbe88af5f236257fabb27629bb24c7f3,cyber_vulnerability_cvss_triage,Triage vulnerabilities using CVSS v4 and exposure context,ok,fail,0,1,90.057,20260916_072020,74.0
cybersecurity_agent_hermes_openclaw_20260916,cybersecurity,cybersecurity-agent-v1,hermes,muse-glimmer:30b-q4_K_M-dflash,da643f4663abaffc3433eea46aced77fbc5859189fcc79dcfca01c24aafdecd8,cyber_advanced_protocol_reasoning,Diagnose advanced protocol and cryptographic failures,ok,fail,2,5,111.464,20260916_072020,81.0
cybersecurity_agent_hermes_openclaw_20260916,cybersecurity,cybersecurity-agent-v1,hermes,muse-glimmer:30b-q4_K_M-dflash,da643f4663abaffc3433eea46aced77fbc5859189fcc79dcfca01c24aafdecd8,cyber_api_bola_remediation,Remediate broken object-level authorization,ok,fail,6,7,152.517,20260916_072020,84.0
cybersecurity_agent_hermes_openclaw_20260916,cybersecurity,cybersecurity-agent-v1,hermes,muse-glimmer:30b-q4_K_M-dflash,da643f4663abaffc3433eea46aced77fbc5859189fcc79dcfca01c24aafdecd8,cyber_appsec_code_review,Perform a CWE-grounded application security review,ok,pass,7,7,93.592,20260916_072020,80.0
cybersecurity_agent_hermes_openclaw_20260916,cybersecurity,cybersecurity-agent-v1,hermes,muse-glimmer:30b-q4_K_M-dflash,da643f4663abaffc3433eea46aced77fbc5859189fcc79dcfca01c24aafdecd8,cyber_appsec_secure_patch,Patch an injection-prone local utility,ok,fail,6,7,289.856,20260916_072020,82.0
cybersecurity_agent_hermes_openclaw_20260916,cybersecurity,cybersecurity-agent-v1,hermes,muse-glimmer:30b-q4_K_M-dflash,da643f4663abaffc3433eea46aced77fbc5859189fcc79dcfca01c24aafdecd8,cyber_chronicle_yaral_detection,Write a Google SecOps YARA-L 2.0 correlation rule,ok,fail,12,13,181.435,20260916_072020,83.0
cybersecurity_agent_hermes_openclaw_20260916,cybersecurity,cybersecurity-agent-v1,hermes,muse-glimmer:30b-q4_K_M-dflash,da643f4663abaffc3433eea46aced77fbc5859189fcc79dcfca01c24aafdecd8,cyber_cloud_kubernetes_hardening,Harden cloud IAM and a Kubernetes workload,ok,pass,13,13,132.575,20260916_072020,80.0
cybersecurity_agent_hermes_openclaw_20260916,cybersecurity,cybersecurity-agent-v1,hermes,muse-glimmer:30b-q4_K_M-dflash,da643f4663abaffc3433eea46aced77fbc5859189fcc79dcfca01c24aafdecd8,cyber_ctf_multidiscipline,Solve a compact multidisciplinary CTF set,ok,pass,6,6,153.134,20260916_072020,82.0
cybersecurity_agent_hermes_openclaw_20260916,cybersecurity,cybersecurity-agent-v1,hermes,muse-glimmer:30b-q4_K_M-dflash,da643f4663abaffc3433eea46aced77fbc5859189fcc79dcfca01c24aafdecd8,cyber_cti_attack_mapping,Map observed behaviors to MITRE ATT&CK,ok,fail,4,5,126.002,20260916_072020,84.0
cybersecurity_agent_hermes_openclaw_20260916,cybersecurity,cybersecurity-agent-v1,hermes,muse-glimmer:30b-q4_K_M-dflash,da643f4663abaffc3433eea46aced77fbc5859189fcc79dcfca01c24aafdecd8,cyber_elastic_esql_detection,Write an Elastic ES|QL behavioral detection,ok,fail,10,11,150.951,20260916_072020,84.0
cybersecurity_agent_hermes_openclaw_20260916,cybersecurity,cybersecurity-agent-v1,hermes,muse-glimmer:30b-q4_K_M-dflash,da643f4663abaffc3433eea46aced77fbc5859189fcc79dcfca01c24aafdecd8,cyber_exploit_crash_analysis,Analyze exploitability of a synthetic native crash,ok,fail,4,6,139.6,20260916_072020,78.0
cybersecurity_agent_hermes_openclaw_20260916,cybersecurity,cybersecurity-agent-v1,hermes,muse-glimmer:30b-q4_K_M-dflash,da643f4663abaffc3433eea46aced77fbc5859189fcc79dcfca01c24aafdecd8,cyber_exploit_toy_poc,Build a constrained proof of concept for a toy service,ok,pass,11,11,96.71,20260916_072020,82.0
cybersecurity_agent_hermes_openclaw_20260916,cybersecurity,cybersecurity-agent-v1,hermes,muse-glimmer:30b-q4_K_M-dflash,da643f4663abaffc3433eea46aced77fbc5859189fcc79dcfca01c24aafdecd8,cyber_foundations_architecture,Reason about a segmented enterprise architecture,ok,fail,1,4,185.65,20260916_072020,79.0
cybersecurity_agent_hermes_openclaw_20260916,cybersecurity,cybersecurity-agent-v1,hermes,muse-glimmer:30b-q4_K_M-dflash,da643f4663abaffc3433eea46aced77fbc5859189fcc79dcfca01c24aafdecd8,cyber_governance_risk_prioritization,Prioritize cyber risk and response outcomes,ok,pass,7,7,104.644,20260916_072020,83.0
cybersecurity_agent_hermes_openclaw_20260916,cybersecurity,cybersecurity-agent-v1,hermes,muse-glimmer:30b-q4_K_M-dflash,da643f4663abaffc3433eea46aced77fbc5859189fcc79dcfca01c24aafdecd8,cyber_incident_timeline,Reconstruct an incident timeline and response plan,ok,fail,7,8,110.944,20260916_072020,80.0
cybersecurity_agent_hermes_openclaw_20260916,cybersecurity,cybersecurity-agent-v1,hermes,muse-glimmer:30b-q4_K_M-dflash,da643f4663abaffc3433eea46aced77fbc5859189fcc79dcfca01c24aafdecd8,cyber_llm_prompt_injection,Harden an agent against indirect prompt injection,ok,fail,2,7,135.386,20260916_072020,82.0
cybersecurity_agent_hermes_openclaw_20260916,cybersecurity,cybersecurity-agent-v1,hermes,muse-glimmer:30b-q4_K_M-dflash,da643f4663abaffc3433eea46aced77fbc5859189fcc79dcfca01c24aafdecd8,cyber_llm_tool_rag_security,Secure tool use and RAG against poisoning and exfiltration,ok,fail,7,8,97.908,20260916_072020,81.0
cybersecurity_agent_hermes_openclaw_20260916,cybersecurity,cybersecurity-agent-v1,hermes,muse-glimmer:30b-q4_K_M-dflash,da643f4663abaffc3433eea46aced77fbc5859189fcc79dcfca01c24aafdecd8,cyber_malware_static_analysis,Classify a harmless synthetic malware specimen,ok,pass,6,6,104.903,20260916_072020,83.0
cybersecurity_agent_hermes_openclaw_20260916,cybersecurity,cybersecurity-agent-v1,hermes,muse-glimmer:30b-q4_K_M-dflash,da643f4663abaffc3433eea46aced77fbc5859189fcc79dcfca01c24aafdecd8,cyber_pentest_attack_path,Plan and validate an authorized lab attack path,ok,pass,6,6,108.228,20260916_072020,80.0
cybersecurity_agent_hermes_openclaw_20260916,cybersecurity,cybersecurity-agent-v1,hermes,muse-glimmer:30b-q4_K_M-dflash,da643f4663abaffc3433eea46aced77fbc5859189fcc79dcfca01c24aafdecd8,cyber_sentinel_kql_detection,Write a Microsoft Sentinel KQL analytic,ok,pass,10,10,677.223,20260916_072020,83.0
cybersecurity_agent_hermes_openclaw_20260916,cybersecurity,cybersecurity-agent-v1,hermes,muse-glimmer:30b-q4_K_M-dflash,da643f4663abaffc3433eea46aced77fbc5859189fcc79dcfca01c24aafdecd8,cyber_sigma_detection,Author a portable Sigma detection,ok,pass,10,10,132.621,20260916_072020,83.0
cybersecurity_agent_hermes_openclaw_20260916,cybersecurity,cybersecurity-agent-v1,hermes,muse-glimmer:30b-q4_K_M-dflash,da643f4663abaffc3433eea46aced77fbc5859189fcc79dcfca01c24aafdecd8,cyber_soc_alert_triage,Triage a noisy alert bundle,ok,pass,6,6,88.451,20260916_072020,83.0
cybersecurity_agent_hermes_openclaw_20260916,cybersecurity,cybersecurity-agent-v1,hermes,muse-glimmer:30b-q4_K_M-dflash,da643f4663abaffc3433eea46aced77fbc5859189fcc79dcfca01c24aafdecd8,cyber_spl_detection,Write a Splunk SPL detection and triage query,ok,fail,7,9,297.976,20260916_072020,82.0
cybersecurity_agent_hermes_openclaw_20260916,cybersecurity,cybersecurity-agent-v1,hermes,muse-glimmer:30b-q4_K_M-dflash,da643f4663abaffc3433eea46aced77fbc5859189fcc79dcfca01c24aafdecd8,cyber_threat_report_synthesis,Synthesize actionable intelligence from mixed-confidence reporting,ok,fail,7,8,198.066,20260916_072020,82.0
cybersecurity_agent_hermes_openclaw_20260916,cybersecurity,cybersecurity-agent-v1,hermes,muse-glimmer:30b-q4_K_M-dflash,da643f4663abaffc3433eea46aced77fbc5859189fcc79dcfca01c24aafdecd8,cyber_vulnerability_cvss_triage,Triage vulnerabilities using CVSS v4 and exposure context,ok,fail,3,6,138.261,20260916_072020,81.0
cybersecurity_agent_hermes_openclaw_20260916,cybersecurity,cybersecurity-agent-v1,hermes,nemotron-3-super:120b,95acc78b3ffdf21e34b4182a08e1b06c49b5966b6821ccabd359f0ece770aa8d,cyber_advanced_protocol_reasoning,Diagnose advanced protocol and cryptographic failures,ok,fail,2,5,163.183,20260916_072020,73.0
cybersecurity_agent_hermes_openclaw_20260916,cybersecurity,cybersecurity-agent-v1,hermes,nemotron-3-super:120b,95acc78b3ffdf21e34b4182a08e1b06c49b5966b6821ccabd359f0ece770aa8d,cyber_api_bola_remediation,Remediate broken object-level authorization,ok,fail,0,1,427.73,20260916_072020,74.0
cybersecurity_agent_hermes_openclaw_20260916,cybersecurity,cybersecurity-agent-v1,hermes,nemotron-3-super:120b,95acc78b3ffdf21e34b4182a08e1b06c49b5966b6821ccabd359f0ece770aa8d,cyber_appsec_code_review,Perform a CWE-grounded application security review,ok,fail,0,1,87.019,20260916_072020,69.0
cybersecurity_agent_hermes_openclaw_20260916,cybersecurity,cybersecurity-agent-v1,hermes,nemotron-3-super:120b,95acc78b3ffdf21e34b4182a08e1b06c49b5966b6821ccabd359f0ece770aa8d,cyber_appsec_secure_patch,Patch an injection-prone local utility,ok,fail,0,1,210.535,20260916_072020,72.0
cybersecurity_agent_hermes_openclaw_20260916,cybersecurity,cybersecurity-agent-v1,hermes,nemotron-3-super:120b,95acc78b3ffdf21e34b4182a08e1b06c49b5966b6821ccabd359f0ece770aa8d,cyber_chronicle_yaral_detection,Write a Google SecOps YARA-L 2.0 correlation rule,ok,pass,13,13,181.976,20260916_072020,71.0
cybersecurity_agent_hermes_openclaw_20260916,cybersecurity,cybersecurity-agent-v1,hermes,nemotron-3-super:120b,95acc78b3ffdf21e34b4182a08e1b06c49b5966b6821ccabd359f0ece770aa8d,cyber_cloud_kubernetes_hardening,Harden cloud IAM and a Kubernetes workload,ok,fail,0,1,96.993,20260916_072020,72.0
cybersecurity_agent_hermes_openclaw_20260916,cybersecurity,cybersecurity-agent-v1,hermes,nemotron-3-super:120b,95acc78b3ffdf21e34b4182a08e1b06c49b5966b6821ccabd359f0ece770aa8d,cyber_ctf_multidiscipline,Solve a compact multidisciplinary CTF set,ok,pass,6,6,844.988,20260916_072020,74.0
cybersecurity_agent_hermes_openclaw_20260916,cybersecurity,cybersecurity-agent-v1,hermes,nemotron-3-super:120b,95acc78b3ffdf21e34b4182a08e1b06c49b5966b6821ccabd359f0ece770aa8d,cyber_cti_attack_mapping,Map observed behaviors to MITRE ATT&CK,ok,fail,3,5,116.473,20260916_072020,72.0
cybersecurity_agent_hermes_openclaw_20260916,cybersecurity,cybersecurity-agent-v1,hermes,nemotron-3-super:120b,95acc78b3ffdf21e34b4182a08e1b06c49b5966b6821ccabd359f0ece770aa8d,cyber_elastic_esql_detection,Write an Elastic ES|QL behavioral detection,ok,pass,11,11,238.19,20260916_072020,72.0
cybersecurity_agent_hermes_openclaw_20260916,cybersecurity,cybersecurity-agent-v1,hermes,nemotron-3-super:120b,95acc78b3ffdf21e34b4182a08e1b06c49b5966b6821ccabd359f0ece770aa8d,cyber_exploit_crash_analysis,Analyze exploitability of a synthetic native crash,ok,fail,5,6,171.633,20260916_072020,73.0
cybersecurity_agent_hermes_openclaw_20260916,cybersecurity,cybersecurity-agent-v1,hermes,nemotron-3-super:120b,95acc78b3ffdf21e34b4182a08e1b06c49b5966b6821ccabd359f0ece770aa8d,cyber_exploit_toy_poc,Build a constrained proof of concept for a toy service,ok,fail,0,1,250.141,20260916_072020,71.0
cybersecurity_agent_hermes_openclaw_20260916,cybersecurity,cybersecurity-agent-v1,hermes,nemotron-3-super:120b,95acc78b3ffdf21e34b4182a08e1b06c49b5966b6821ccabd359f0ece770aa8d,cyber_foundations_architecture,Reason about a segmented enterprise architecture,ok,fail,0,1,64.772,20260916_072020,75.0
cybersecurity_agent_hermes_openclaw_20260916,cybersecurity,cybersecurity-agent-v1,hermes,nemotron-3-super:120b,95acc78b3ffdf21e34b4182a08e1b06c49b5966b6821ccabd359f0ece770aa8d,cyber_governance_risk_prioritization,Prioritize cyber risk and response outcomes,ok,fail,0,1,65.514,20260916_072020,72.0
cybersecurity_agent_hermes_openclaw_20260916,cybersecurity,cybersecurity-agent-v1,hermes,nemotron-3-super:120b,95acc78b3ffdf21e34b4182a08e1b06c49b5966b6821ccabd359f0ece770aa8d,cyber_incident_timeline,Reconstruct an incident timeline and response plan,ok,fail,7,8,160.225,20260916_072020,71.0
cybersecurity_agent_hermes_openclaw_20260916,cybersecurity,cybersecurity-agent-v1,hermes,nemotron-3-super:120b,95acc78b3ffdf21e34b4182a08e1b06c49b5966b6821ccabd359f0ece770aa8d,cyber_llm_prompt_injection,Harden an agent against indirect prompt injection,ok,fail,0,1,44.366,20260916_072020,72.0
cybersecurity_agent_hermes_openclaw_20260916,cybersecurity,cybersecurity-agent-v1,hermes,nemotron-3-super:120b,95acc78b3ffdf21e34b4182a08e1b06c49b5966b6821ccabd359f0ece770aa8d,cyber_llm_tool_rag_security,Secure tool use and RAG against poisoning and exfiltration,ok,fail,7,8,163.89,20260916_072020,73.0
cybersecurity_agent_hermes_openclaw_20260916,cybersecurity,cybersecurity-agent-v1,hermes,nemotron-3-super:120b,95acc78b3ffdf21e34b4182a08e1b06c49b5966b6821ccabd359f0ece770aa8d,cyber_malware_static_analysis,Classify a harmless synthetic malware specimen,ok,fail,5,6,249.282,20260916_072020,73.0
cybersecurity_agent_hermes_openclaw_20260916,cybersecurity,cybersecurity-agent-v1,hermes,nemotron-3-super:120b,95acc78b3ffdf21e34b4182a08e1b06c49b5966b6821ccabd359f0ece770aa8d,cyber_pentest_attack_path,Plan and validate an authorized lab attack path,ok,fail,5,6,177.856,20260916_072020,72.0
cybersecurity_agent_hermes_openclaw_20260916,cybersecurity,cybersecurity-agent-v1,hermes,nemotron-3-super:120b,95acc78b3ffdf21e34b4182a08e1b06c49b5966b6821ccabd359f0ece770aa8d,cyber_sentinel_kql_detection,Write a Microsoft Sentinel KQL analytic,ok,fail,0,1,91.57,20260916_072020,70.0
cybersecurity_agent_hermes_openclaw_20260916,cybersecurity,cybersecurity-agent-v1,hermes,nemotron-3-super:120b,95acc78b3ffdf21e34b4182a08e1b06c49b5966b6821ccabd359f0ece770aa8d,cyber_sigma_detection,Author a portable Sigma detection,ok,fail,0,1,155.099,20260916_072020,72.0
cybersecurity_agent_hermes_openclaw_20260916,cybersecurity,cybersecurity-agent-v1,hermes,nemotron-3-super:120b,95acc78b3ffdf21e34b4182a08e1b06c49b5966b6821ccabd359f0ece770aa8d,cyber_soc_alert_triage,Triage a noisy alert bundle,ok,fail,0,1,86.935,20260916_072020,71.0
cybersecurity_agent_hermes_openclaw_20260916,cybersecurity,cybersecurity-agent-v1,hermes,nemotron-3-super:120b,95acc78b3ffdf21e34b4182a08e1b06c49b5966b6821ccabd359f0ece770aa8d,cyber_spl_detection,Write a Splunk SPL detection and triage query,ok,fail,0,1,105.371,20260916_072020,71.0
cybersecurity_agent_hermes_openclaw_20260916,cybersecurity,cybersecurity-agent-v1,hermes,nemotron-3-super:120b,95acc78b3ffdf21e34b4182a08e1b06c49b5966b6821ccabd359f0ece770aa8d,cyber_threat_report_synthesis,Synthesize actionable intelligence from mixed-confidence reporting,ok,fail,0,1,44.788,20260916_072020,71.0
cybersecurity_agent_hermes_openclaw_20260916,cybersecurity,cybersecurity-agent-v1,hermes,nemotron-3-super:120b,95acc78b3ffdf21e34b4182a08e1b06c49b5966b6821ccabd359f0ece770aa8d,cyber_vulnerability_cvss_triage,Triage vulnerabilities using CVSS v4 and exposure context,ok,fail,0,1,127.501,20260916_072020,72.0
cybersecurity_agent_hermes_openclaw_20260916,cybersecurity,cybersecurity-agent-v1,hermes,nemotron-3.5-lightning:latest,e7a64ff15fb174c42b4f463e5c888c4f2c7b9cabf9e8d65a1c0874405426c1b2,cyber_advanced_protocol_reasoning,Diagnose advanced protocol and cryptographic failures,ok,fail,1,5,100.202,20260916_072020,67.0
cybersecurity_agent_hermes_openclaw_20260916,cybersecurity,cybersecurity-agent-v1,hermes,nemotron-3.5-lightning:latest,e7a64ff15fb174c42b4f463e5c888c4f2c7b9cabf9e8d65a1c0874405426c1b2,cyber_api_bola_remediation,Remediate broken object-level authorization,ok,fail,6,7,152.196,20260916_072020,71.0
cybersecurity_agent_hermes_openclaw_20260916,cybersecurity,cybersecurity-agent-v1,hermes,nemotron-3.5-lightning:latest,e7a64ff15fb174c42b4f463e5c888c4f2c7b9cabf9e8d65a1c0874405426c1b2,cyber_appsec_code_review,Perform a CWE-grounded application security review,ok,pass,7,7,42.708,20260916_072020,69.0
cybersecurity_agent_hermes_openclaw_20260916,cybersecurity,cybersecurity-agent-v1,hermes,nemotron-3.5-lightning:latest,e7a64ff15fb174c42b4f463e5c888c4f2c7b9cabf9e8d65a1c0874405426c1b2,cyber_appsec_secure_patch,Patch an injection-prone local utility,ok,fail,6,7,192.213,20260916_072020,71.0
cybersecurity_agent_hermes_openclaw_20260916,cybersecurity,cybersecurity-agent-v1,hermes,nemotron-3.5-lightning:latest,e7a64ff15fb174c42b4f463e5c888c4f2c7b9cabf9e8d65a1c0874405426c1b2,cyber_chronicle_yaral_detection,Write a Google SecOps YARA-L 2.0 correlation rule,ok,fail,12,13,156.413,20260916_072020,71.0
cybersecurity_agent_hermes_openclaw_20260916,cybersecurity,cybersecurity-agent-v1,hermes,nemotron-3.5-lightning:latest,e7a64ff15fb174c42b4f463e5c888c4f2c7b9cabf9e8d65a1c0874405426c1b2,cyber_cloud_kubernetes_hardening,Harden cloud IAM and a Kubernetes workload,ok,pass,13,13,103.019,20260916_072020,71.0
cybersecurity_agent_hermes_openclaw_20260916,cybersecurity,cybersecurity-agent-v1,hermes,nemotron-3.5-lightning:latest,e7a64ff15fb174c42b4f463e5c888c4f2c7b9cabf9e8d65a1c0874405426c1b2,cyber_ctf_multidiscipline,Solve a compact multidisciplinary CTF set,ok,pass,6,6,258.315,20260916_072020,72.0
cybersecurity_agent_hermes_openclaw_20260916,cybersecurity,cybersecurity-agent-v1,hermes,nemotron-3.5-lightning:latest,e7a64ff15fb174c42b4f463e5c888c4f2c7b9cabf9e8d65a1c0874405426c1b2,cyber_cti_attack_mapping,Map observed behaviors to MITRE ATT&CK,ok,fail,4,5,106.237,20260916_072020,74.0
cybersecurity_agent_hermes_openclaw_20260916,cybersecurity,cybersecurity-agent-v1,hermes,nemotron-3.5-lightning:latest,e7a64ff15fb174c42b4f463e5c888c4f2c7b9cabf9e8d65a1c0874405426c1b2,cyber_elastic_esql_detection,Write an Elastic ES|QL behavioral detection,ok,fail,8,11,102.125,20260916_072020,69.0
cybersecurity_agent_hermes_openclaw_20260916,cybersecurity,cybersecurity-agent-v1,hermes,nemotron-3.5-lightning:latest,e7a64ff15fb174c42b4f463e5c888c4f2c7b9cabf9e8d65a1c0874405426c1b2,cyber_exploit_crash_analysis,Analyze exploitability of a synthetic native crash,ok,fail,5,6,101.19,20260916_072020,69.0
cybersecurity_agent_hermes_openclaw_20260916,cybersecurity,cybersecurity-agent-v1,hermes,nemotron-3.5-lightning:latest,e7a64ff15fb174c42b4f463e5c888c4f2c7b9cabf9e8d65a1c0874405426c1b2,cyber_exploit_toy_poc,Build a constrained proof of concept for a toy service,ok,pass,11,11,144.217,20260916_072020,70.0
cybersecurity_agent_hermes_openclaw_20260916,cybersecurity,cybersecurity-agent-v1,hermes,nemotron-3.5-lightning:latest,e7a64ff15fb174c42b4f463e5c888c4f2c7b9cabf9e8d65a1c0874405426c1b2,cyber_foundations_architecture,Reason about a segmented enterprise architecture,ok,fail,1,4,102.143,20260916_072020,69.0
cybersecurity_agent_hermes_openclaw_20260916,cybersecurity,cybersecurity-agent-v1,hermes,nemotron-3.5-lightning:latest,e7a64ff15fb174c42b4f463e5c888c4f2c7b9cabf9e8d65a1c0874405426c1b2,cyber_governance_risk_prioritization,Prioritize cyber risk and response outcomes,ok,fail,6,7,101.15,20260916_072020,69.0
cybersecurity_agent_hermes_openclaw_20260916,cybersecurity,cybersecurity-agent-v1,hermes,nemotron-3.5-lightning:latest,e7a64ff15fb174c42b4f463e5c888c4f2c7b9cabf9e8d65a1c0874405426c1b2,cyber_incident_timeline,Reconstruct an incident timeline and response plan,ok,fail,7,8,100.986,20260916_072020,72.0
cybersecurity_agent_hermes_openclaw_20260916,cybersecurity,cybersecurity-agent-v1,hermes,nemotron-3.5-lightning:latest,e7a64ff15fb174c42b4f463e5c888c4f2c7b9cabf9e8d65a1c0874405426c1b2,cyber_llm_prompt_injection,Harden an agent against indirect prompt injection,ok,fail,2,7,133.238,20260916_072020,72.0
cybersecurity_agent_hermes_openclaw_20260916,cybersecurity,cybersecurity-agent-v1,hermes,nemotron-3.5-lightning:latest,e7a64ff15fb174c42b4f463e5c888c4f2c7b9cabf9e8d65a1c0874405426c1b2,cyber_llm_tool_rag_security,Secure tool use and RAG against poisoning and exfiltration,ok,fail,6,8,125.075,20260916_072020,72.0
cybersecurity_agent_hermes_openclaw_20260916,cybersecurity,cybersecurity-agent-v1,hermes,nemotron-3.5-lightning:latest,e7a64ff15fb174c42b4f463e5c888c4f2c7b9cabf9e8d65a1c0874405426c1b2,cyber_malware_static_analysis,Classify a harmless synthetic malware specimen,ok,fail,4,6,106.487,20260916_072020,70.0
cybersecurity_agent_hermes_openclaw_20260916,cybersecurity,cybersecurity-agent-v1,hermes,nemotron-3.5-lightning:latest,e7a64ff15fb174c42b4f463e5c888c4f2c7b9cabf9e8d65a1c0874405426c1b2,cyber_pentest_attack_path,Plan and validate an authorized lab attack path,ok,fail,5,6,138.443,20260916_072020,72.0
cybersecurity_agent_hermes_openclaw_20260916,cybersecurity,cybersecurity-agent-v1,hermes,nemotron-3.5-lightning:latest,e7a64ff15fb174c42b4f463e5c888c4f2c7b9cabf9e8d65a1c0874405426c1b2,cyber_sentinel_kql_detection,Write a Microsoft Sentinel KQL analytic,ok,pass,10,10,127.101,20260916_072020,71.0
cybersecurity_agent_hermes_openclaw_20260916,cybersecurity,cybersecurity-agent-v1,hermes,nemotron-3.5-lightning:latest,e7a64ff15fb174c42b4f463e5c888c4f2c7b9cabf9e8d65a1c0874405426c1b2,cyber_sigma_detection,Author a portable Sigma detection,ok,pass,10,10,136.398,20260916_072020,70.0
cybersecurity_agent_hermes_openclaw_20260916,cybersecurity,cybersecurity-agent-v1,hermes,nemotron-3.5-lightning:latest,e7a64ff15fb174c42b4f463e5c888c4f2c7b9cabf9e8d65a1c0874405426c1b2,cyber_soc_alert_triage,Triage a noisy alert bundle,ok,fail,4,6,31.976,20260916_072020,69.0
cybersecurity_agent_hermes_openclaw_20260916,cybersecurity,cybersecurity-agent-v1,hermes,nemotron-3.5-lightning:latest,e7a64ff15fb174c42b4f463e5c888c4f2c7b9cabf9e8d65a1c0874405426c1b2,cyber_spl_detection,Write a Splunk SPL detection and triage query,ok,fail,7,9,97.994,20260916_072020,70.0
cybersecurity_agent_hermes_openclaw_20260916,cybersecurity,cybersecurity-agent-v1,hermes,nemotron-3.5-lightning:latest,e7a64ff15fb174c42b4f463e5c888c4f2c7b9cabf9e8d65a1c0874405426c1b2,cyber_threat_report_synthesis,Synthesize actionable intelligence from mixed-confidence reporting,ok,fail,7,8,132.137,20260916_072020,68.0
cybersecurity_agent_hermes_openclaw_20260916,cybersecurity,cybersecurity-agent-v1,hermes,nemotron-3.5-lightning:latest,e7a64ff15fb174c42b4f463e5c888c4f2c7b9cabf9e8d65a1c0874405426c1b2,cyber_vulnerability_cvss_triage,Triage vulnerabilities using CVSS v4 and exposure context,ok,fail,2,6,100.173,20260916_072020,59.0
cybersecurity_agent_hermes_openclaw_20260916,cybersecurity,cybersecurity-agent-v1,hermes,ornith:35b,5a470e0f652cac9b5a375fd58d67831d48be07a1cc4ed3f7250ca4875b3226d8,cyber_advanced_protocol_reasoning,Diagnose advanced protocol and cryptographic failures,ok,fail,2,5,83.572,20260916_072020,73.0
cybersecurity_agent_hermes_openclaw_20260916,cybersecurity,cybersecurity-agent-v1,hermes,ornith:35b,5a470e0f652cac9b5a375fd58d67831d48be07a1cc4ed3f7250ca4875b3226d8,cyber_api_bola_remediation,Remediate broken object-level authorization,ok,fail,5,7,68.846,20260916_072020,72.0
cybersecurity_agent_hermes_openclaw_20260916,cybersecurity,cybersecurity-agent-v1,hermes,ornith:35b,5a470e0f652cac9b5a375fd58d67831d48be07a1cc4ed3f7250ca4875b3226d8,cyber_appsec_code_review,Perform a CWE-grounded application security review,ok,pass,7,7,57.297,20260916_072020,74.0
cybersecurity_agent_hermes_openclaw_20260916,cybersecurity,cybersecurity-agent-v1,hermes,ornith:35b,5a470e0f652cac9b5a375fd58d67831d48be07a1cc4ed3f7250ca4875b3226d8,cyber_appsec_secure_patch,Patch an injection-prone local utility,ok,fail,5,7,172.938,20260916_072020,75.0
cybersecurity_agent_hermes_openclaw_20260916,cybersecurity,cybersecurity-agent-v1,hermes,ornith:35b,5a470e0f652cac9b5a375fd58d67831d48be07a1cc4ed3f7250ca4875b3226d8,cyber_chronicle_yaral_detection,Write a Google SecOps YARA-L 2.0 correlation rule,ok,pass,13,13,51.715,20260916_072020,73.0
cybersecurity_agent_hermes_openclaw_20260916,cybersecurity,cybersecurity-agent-v1,hermes,ornith:35b,5a470e0f652cac9b5a375fd58d67831d48be07a1cc4ed3f7250ca4875b3226d8,cyber_cloud_kubernetes_hardening,Harden cloud IAM and a Kubernetes workload,ok,pass,13,13,36.615,20260916_072020,73.0
cybersecurity_agent_hermes_openclaw_20260916,cybersecurity,cybersecurity-agent-v1,hermes,ornith:35b,5a470e0f652cac9b5a375fd58d67831d48be07a1cc4ed3f7250ca4875b3226d8,cyber_ctf_multidiscipline,Solve a compact multidisciplinary CTF set,ok,fail,5,6,123.884,20260916_072020,75.0
cybersecurity_agent_hermes_openclaw_20260916,cybersecurity,cybersecurity-agent-v1,hermes,ornith:35b,5a470e0f652cac9b5a375fd58d67831d48be07a1cc4ed3f7250ca4875b3226d8,cyber_cti_attack_mapping,Map observed behaviors to MITRE ATT&CK,ok,fail,4,5,105.615,20260916_072020,76.0
cybersecurity_agent_hermes_openclaw_20260916,cybersecurity,cybersecurity-agent-v1,hermes,ornith:35b,5a470e0f652cac9b5a375fd58d67831d48be07a1cc4ed3f7250ca4875b3226d8,cyber_elastic_esql_detection,Write an Elastic ES|QL behavioral detection,ok,fail,8,11,23.243,20260916_072020,71.0
cybersecurity_agent_hermes_openclaw_20260916,cybersecurity,cybersecurity-agent-v1,hermes,ornith:35b,5a470e0f652cac9b5a375fd58d67831d48be07a1cc4ed3f7250ca4875b3226d8,cyber_exploit_crash_analysis,Analyze exploitability of a synthetic native crash,ok,pass,6,6,51.052,20260916_072020,72.0
cybersecurity_agent_hermes_openclaw_20260916,cybersecurity,cybersecurity-agent-v1,hermes,ornith:35b,5a470e0f652cac9b5a375fd58d67831d48be07a1cc4ed3f7250ca4875b3226d8,cyber_exploit_toy_poc,Build a constrained proof of concept for a toy service,ok,fail,10,11,49.605,20260916_072020,72.0
cybersecurity_agent_hermes_openclaw_20260916,cybersecurity,cybersecurity-agent-v1,hermes,ornith:35b,5a470e0f652cac9b5a375fd58d67831d48be07a1cc4ed3f7250ca4875b3226d8,cyber_foundations_architecture,Reason about a segmented enterprise architecture,ok,fail,1,4,52.003,20260916_072020,70.0
cybersecurity_agent_hermes_openclaw_20260916,cybersecurity,cybersecurity-agent-v1,hermes,ornith:35b,5a470e0f652cac9b5a375fd58d67831d48be07a1cc4ed3f7250ca4875b3226d8,cyber_governance_risk_prioritization,Prioritize cyber risk and response outcomes,ok,fail,6,7,30.88,20260916_072020,73.0
cybersecurity_agent_hermes_openclaw_20260916,cybersecurity,cybersecurity-agent-v1,hermes,ornith:35b,5a470e0f652cac9b5a375fd58d67831d48be07a1cc4ed3f7250ca4875b3226d8,cyber_incident_timeline,Reconstruct an incident timeline and response plan,ok,pass,8,8,59.651,20260916_072020,73.0
cybersecurity_agent_hermes_openclaw_20260916,cybersecurity,cybersecurity-agent-v1,hermes,ornith:35b,5a470e0f652cac9b5a375fd58d67831d48be07a1cc4ed3f7250ca4875b3226d8,cyber_llm_prompt_injection,Harden an agent against indirect prompt injection,ok,fail,2,7,50.934,20260916_072020,75.0
cybersecurity_agent_hermes_openclaw_20260916,cybersecurity,cybersecurity-agent-v1,hermes,ornith:35b,5a470e0f652cac9b5a375fd58d67831d48be07a1cc4ed3f7250ca4875b3226d8,cyber_llm_tool_rag_security,Secure tool use and RAG against poisoning and exfiltration,ok,fail,7,8,37.395,20260916_072020,73.0
cybersecurity_agent_hermes_openclaw_20260916,cybersecurity,cybersecurity-agent-v1,hermes,ornith:35b,5a470e0f652cac9b5a375fd58d67831d48be07a1cc4ed3f7250ca4875b3226d8,cyber_malware_static_analysis,Classify a harmless synthetic malware specimen,ok,fail,4,6,118.31,20260916_072020,67.0
cybersecurity_agent_hermes_openclaw_20260916,cybersecurity,cybersecurity-agent-v1,hermes,ornith:35b,5a470e0f652cac9b5a375fd58d67831d48be07a1cc4ed3f7250ca4875b3226d8,cyber_pentest_attack_path,Plan and validate an authorized lab attack path,ok,fail,5,6,70.608,20260916_072020,73.0
cybersecurity_agent_hermes_openclaw_20260916,cybersecurity,cybersecurity-agent-v1,hermes,ornith:35b,5a470e0f652cac9b5a375fd58d67831d48be07a1cc4ed3f7250ca4875b3226d8,cyber_sentinel_kql_detection,Write a Microsoft Sentinel KQL analytic,ok,fail,9,10,57.609,20260916_072020,72.0
cybersecurity_agent_hermes_openclaw_20260916,cybersecurity,cybersecurity-agent-v1,hermes,ornith:35b,5a470e0f652cac9b5a375fd58d67831d48be07a1cc4ed3f7250ca4875b3226d8,cyber_sigma_detection,Author a portable Sigma detection,ok,fail,9,10,65.356,20260916_072020,72.0
cybersecurity_agent_hermes_openclaw_20260916,cybersecurity,cybersecurity-agent-v1,hermes,ornith:35b,5a470e0f652cac9b5a375fd58d67831d48be07a1cc4ed3f7250ca4875b3226d8,cyber_soc_alert_triage,Triage a noisy alert bundle,ok,fail,4,6,83.567,20260916_072020,69.0
cybersecurity_agent_hermes_openclaw_20260916,cybersecurity,cybersecurity-agent-v1,hermes,ornith:35b,5a470e0f652cac9b5a375fd58d67831d48be07a1cc4ed3f7250ca4875b3226d8,cyber_spl_detection,Write a Splunk SPL detection and triage query,ok,fail,8,9,94.382,20260916_072020,74.0
cybersecurity_agent_hermes_openclaw_20260916,cybersecurity,cybersecurity-agent-v1,hermes,ornith:35b,5a470e0f652cac9b5a375fd58d67831d48be07a1cc4ed3f7250ca4875b3226d8,cyber_threat_report_synthesis,Synthesize actionable intelligence from mixed-confidence reporting,ok,pass,8,8,36.81,20260916_072020,64.0
cybersecurity_agent_hermes_openclaw_20260916,cybersecurity,cybersecurity-agent-v1,hermes,ornith:35b,5a470e0f652cac9b5a375fd58d67831d48be07a1cc4ed3f7250ca4875b3226d8,cyber_vulnerability_cvss_triage,Triage vulnerabilities using CVSS v4 and exposure context,ok,fail,2,6,77.312,20260916_072020,60.0
cybersecurity_agent_hermes_openclaw_20260916,cybersecurity,cybersecurity-agent-v1,hermes,qwen3-coder-next:latest,ca06e9e4087c714d44355bf954099187890e63084b4a632b8e9956c4b9492074,cyber_advanced_protocol_reasoning,Diagnose advanced protocol and cryptographic failures,ok,fail,2,5,33.274,20260916_072020,72.0
cybersecurity_agent_hermes_openclaw_20260916,cybersecurity,cybersecurity-agent-v1,hermes,qwen3-coder-next:latest,ca06e9e4087c714d44355bf954099187890e63084b4a632b8e9956c4b9492074,cyber_api_bola_remediation,Remediate broken object-level authorization,ok,fail,6,7,100.454,20260916_072020,70.0
cybersecurity_agent_hermes_openclaw_20260916,cybersecurity,cybersecurity-agent-v1,hermes,qwen3-coder-next:latest,ca06e9e4087c714d44355bf954099187890e63084b4a632b8e9956c4b9492074,cyber_appsec_code_review,Perform a CWE-grounded application security review,ok,fail,6,7,32.923,20260916_072020,64.0
cybersecurity_agent_hermes_openclaw_20260916,cybersecurity,cybersecurity-agent-v1,hermes,qwen3-coder-next:latest,ca06e9e4087c714d44355bf954099187890e63084b4a632b8e9956c4b9492074,cyber_appsec_secure_patch,Patch an injection-prone local utility,ok,fail,5,7,68.65,20260916_072020,70.0
cybersecurity_agent_hermes_openclaw_20260916,cybersecurity,cybersecurity-agent-v1,hermes,qwen3-coder-next:latest,ca06e9e4087c714d44355bf954099187890e63084b4a632b8e9956c4b9492074,cyber_chronicle_yaral_detection,Write a Google SecOps YARA-L 2.0 correlation rule,ok,fail,11,13,35.558,20260916_072020,64.0
cybersecurity_agent_hermes_openclaw_20260916,cybersecurity,cybersecurity-agent-v1,hermes,qwen3-coder-next:latest,ca06e9e4087c714d44355bf954099187890e63084b4a632b8e9956c4b9492074,cyber_cloud_kubernetes_hardening,Harden cloud IAM and a Kubernetes workload,ok,pass,13,13,39.922,20260916_072020,67.0
cybersecurity_agent_hermes_openclaw_20260916,cybersecurity,cybersecurity-agent-v1,hermes,qwen3-coder-next:latest,ca06e9e4087c714d44355bf954099187890e63084b4a632b8e9956c4b9492074,cyber_ctf_multidiscipline,Solve a compact multidisciplinary CTF set,ok,fail,5,6,87.333,20260916_072020,71.0
cybersecurity_agent_hermes_openclaw_20260916,cybersecurity,cybersecurity-agent-v1,hermes,qwen3-coder-next:latest,ca06e9e4087c714d44355bf954099187890e63084b4a632b8e9956c4b9492074,cyber_cti_attack_mapping,Map observed behaviors to MITRE ATT&CK,ok,fail,3,5,36.674,20260916_072020,70.0
cybersecurity_agent_hermes_openclaw_20260916,cybersecurity,cybersecurity-agent-v1,hermes,qwen3-coder-next:latest,ca06e9e4087c714d44355bf954099187890e63084b4a632b8e9956c4b9492074,cyber_elastic_esql_detection,Write an Elastic ES|QL behavioral detection,ok,fail,9,11,30.763,20260916_072020,67.0
cybersecurity_agent_hermes_openclaw_20260916,cybersecurity,cybersecurity-agent-v1,hermes,qwen3-coder-next:latest,ca06e9e4087c714d44355bf954099187890e63084b4a632b8e9956c4b9492074,cyber_exploit_crash_analysis,Analyze exploitability of a synthetic native crash,ok,fail,5,6,37.781,20260916_072020,69.0
cybersecurity_agent_hermes_openclaw_20260916,cybersecurity,cybersecurity-agent-v1,hermes,qwen3-coder-next:latest,ca06e9e4087c714d44355bf954099187890e63084b4a632b8e9956c4b9492074,cyber_exploit_toy_poc,Build a constrained proof of concept for a toy service,ok,pass,11,11,46.336,20260916_072020,68.0
cybersecurity_agent_hermes_openclaw_20260916,cybersecurity,cybersecurity-agent-v1,hermes,qwen3-coder-next:latest,ca06e9e4087c714d44355bf954099187890e63084b4a632b8e9956c4b9492074,cyber_foundations_architecture,Reason about a segmented enterprise architecture,ok,fail,1,4,37.7,20260916_072020,71.0
cybersecurity_agent_hermes_openclaw_20260916,cybersecurity,cybersecurity-agent-v1,hermes,qwen3-coder-next:latest,ca06e9e4087c714d44355bf954099187890e63084b4a632b8e9956c4b9492074,cyber_governance_risk_prioritization,Prioritize cyber risk and response outcomes,ok,fail,6,7,31.675,20260916_072020,68.0
cybersecurity_agent_hermes_openclaw_20260916,cybersecurity,cybersecurity-agent-v1,hermes,qwen3-coder-next:latest,ca06e9e4087c714d44355bf954099187890e63084b4a632b8e9956c4b9492074,cyber_incident_timeline,Reconstruct an incident timeline and response plan,ok,fail,7,8,37.166,20260916_072020,66.0
cybersecurity_agent_hermes_openclaw_20260916,cybersecurity,cybersecurity-agent-v1,hermes,qwen3-coder-next:latest,ca06e9e4087c714d44355bf954099187890e63084b4a632b8e9956c4b9492074,cyber_llm_prompt_injection,Harden an agent against indirect prompt injection,ok,fail,2,7,33.616,20260916_072020,66.0
cybersecurity_agent_hermes_openclaw_20260916,cybersecurity,cybersecurity-agent-v1,hermes,qwen3-coder-next:latest,ca06e9e4087c714d44355bf954099187890e63084b4a632b8e9956c4b9492074,cyber_llm_tool_rag_security,Secure tool use and RAG against poisoning and exfiltration,ok,fail,7,8,37.293,20260916_072020,68.0
cybersecurity_agent_hermes_openclaw_20260916,cybersecurity,cybersecurity-agent-v1,hermes,qwen3-coder-next:latest,ca06e9e4087c714d44355bf954099187890e63084b4a632b8e9956c4b9492074,cyber_malware_static_analysis,Classify a harmless synthetic malware specimen,ok,fail,5,6,38.031,20260916_072020,68.0
cybersecurity_agent_hermes_openclaw_20260916,cybersecurity,cybersecurity-agent-v1,hermes,qwen3-coder-next:latest,ca06e9e4087c714d44355bf954099187890e63084b4a632b8e9956c4b9492074,cyber_pentest_attack_path,Plan and validate an authorized lab attack path,ok,pass,6,6,32.913,20260916_072020,66.0
cybersecurity_agent_hermes_openclaw_20260916,cybersecurity,cybersecurity-agent-v1,hermes,qwen3-coder-next:latest,ca06e9e4087c714d44355bf954099187890e63084b4a632b8e9956c4b9492074,cyber_sentinel_kql_detection,Write a Microsoft Sentinel KQL analytic,ok,fail,8,10,32.787,20260916_072020,68.0
cybersecurity_agent_hermes_openclaw_20260916,cybersecurity,cybersecurity-agent-v1,hermes,qwen3-coder-next:latest,ca06e9e4087c714d44355bf954099187890e63084b4a632b8e9956c4b9492074,cyber_sigma_detection,Author a portable Sigma detection,ok,pass,10,10,53.432,20260916_072020,67.0
cybersecurity_agent_hermes_openclaw_20260916,cybersecurity,cybersecurity-agent-v1,hermes,qwen3-coder-next:latest,ca06e9e4087c714d44355bf954099187890e63084b4a632b8e9956c4b9492074,cyber_soc_alert_triage,Triage a noisy alert bundle,ok,fail,3,6,39.838,20260916_072020,69.0
cybersecurity_agent_hermes_openclaw_20260916,cybersecurity,cybersecurity-agent-v1,hermes,qwen3-coder-next:latest,ca06e9e4087c714d44355bf954099187890e63084b4a632b8e9956c4b9492074,cyber_spl_detection,Write a Splunk SPL detection and triage query,ok,fail,6,9,28.221,20260916_072020,67.0
cybersecurity_agent_hermes_openclaw_20260916,cybersecurity,cybersecurity-agent-v1,hermes,qwen3-coder-next:latest,ca06e9e4087c714d44355bf954099187890e63084b4a632b8e9956c4b9492074,cyber_threat_report_synthesis,Synthesize actionable intelligence from mixed-confidence reporting,ok,fail,6,8,32.263,20260916_072020,65.0
cybersecurity_agent_hermes_openclaw_20260916,cybersecurity,cybersecurity-agent-v1,hermes,qwen3-coder-next:latest,ca06e9e4087c714d44355bf954099187890e63084b4a632b8e9956c4b9492074,cyber_vulnerability_cvss_triage,Triage vulnerabilities using CVSS v4 and exposure context,ok,fail,2,6,36.677,20260916_072020,70.0
cybersecurity_agent_hermes_openclaw_20260916,cybersecurity,cybersecurity-agent-v1,hermes,qwen3.5:122b,8b9d11d807c57feb1e2ecb0d6cbf40334c37dcc3523bed5540af4f927f112a37,cyber_advanced_protocol_reasoning,Diagnose advanced protocol and cryptographic failures,ok,fail,2,5,103.242,20260916_072020,73.0
cybersecurity_agent_hermes_openclaw_20260916,cybersecurity,cybersecurity-agent-v1,hermes,qwen3.5:122b,8b9d11d807c57feb1e2ecb0d6cbf40334c37dcc3523bed5540af4f927f112a37,cyber_api_bola_remediation,Remediate broken object-level authorization,ok,fail,6,7,258.769,20260916_072020,76.0
cybersecurity_agent_hermes_openclaw_20260916,cybersecurity,cybersecurity-agent-v1,hermes,qwen3.5:122b,8b9d11d807c57feb1e2ecb0d6cbf40334c37dcc3523bed5540af4f927f112a37,cyber_appsec_code_review,Perform a CWE-grounded application security review,ok,pass,7,7,100.981,20260916_072020,73.0
cybersecurity_agent_hermes_openclaw_20260916,cybersecurity,cybersecurity-agent-v1,hermes,qwen3.5:122b,8b9d11d807c57feb1e2ecb0d6cbf40334c37dcc3523bed5540af4f927f112a37,cyber_appsec_secure_patch,Patch an injection-prone local utility,ok,fail,6,7,238.752,20260916_072020,75.0
cybersecurity_agent_hermes_openclaw_20260916,cybersecurity,cybersecurity-agent-v1,hermes,qwen3.5:122b,8b9d11d807c57feb1e2ecb0d6cbf40334c37dcc3523bed5540af4f927f112a37,cyber_chronicle_yaral_detection,Write a Google SecOps YARA-L 2.0 correlation rule,ok,pass,13,13,192.432,20260916_072020,75.0
cybersecurity_agent_hermes_openclaw_20260916,cybersecurity,cybersecurity-agent-v1,hermes,qwen3.5:122b,8b9d11d807c57feb1e2ecb0d6cbf40334c37dcc3523bed5540af4f927f112a37,cyber_cloud_kubernetes_hardening,Harden cloud IAM and a Kubernetes workload,ok,pass,13,13,107.063,20260916_072020,74.0
cybersecurity_agent_hermes_openclaw_20260916,cybersecurity,cybersecurity-agent-v1,hermes,qwen3.5:122b,8b9d11d807c57feb1e2ecb0d6cbf40334c37dcc3523bed5540af4f927f112a37,cyber_ctf_multidiscipline,Solve a compact multidisciplinary CTF set,error,fail,0,1,49.598,20260916_072020,63.0
cybersecurity_agent_hermes_openclaw_20260916,cybersecurity,cybersecurity-agent-v1,hermes,qwen3.5:122b,8b9d11d807c57feb1e2ecb0d6cbf40334c37dcc3523bed5540af4f927f112a37,cyber_cti_attack_mapping,Map observed behaviors to MITRE ATT&CK,ok,fail,4,5,103.256,20260916_072020,74.0
cybersecurity_agent_hermes_openclaw_20260916,cybersecurity,cybersecurity-agent-v1,hermes,qwen3.5:122b,8b9d11d807c57feb1e2ecb0d6cbf40334c37dcc3523bed5540af4f927f112a37,cyber_elastic_esql_detection,Write an Elastic ES|QL behavioral detection,ok,fail,10,11,100.799,20260916_072020,73.0
cybersecurity_agent_hermes_openclaw_20260916,cybersecurity,cybersecurity-agent-v1,hermes,qwen3.5:122b,8b9d11d807c57feb1e2ecb0d6cbf40334c37dcc3523bed5540af4f927f112a37,cyber_exploit_crash_analysis,Analyze exploitability of a synthetic native crash,ok,fail,5,6,104.122,20260916_072020,74.0
cybersecurity_agent_hermes_openclaw_20260916,cybersecurity,cybersecurity-agent-v1,hermes,qwen3.5:122b,8b9d11d807c57feb1e2ecb0d6cbf40334c37dcc3523bed5540af4f927f112a37,cyber_exploit_toy_poc,Build a constrained proof of concept for a toy service,ok,fail,10,11,160.347,20260916_072020,74.0
cybersecurity_agent_hermes_openclaw_20260916,cybersecurity,cybersecurity-agent-v1,hermes,qwen3.5:122b,8b9d11d807c57feb1e2ecb0d6cbf40334c37dcc3523bed5540af4f927f112a37,cyber_foundations_architecture,Reason about a segmented enterprise architecture,ok,fail,1,4,105.074,20260916_072020,72.0
cybersecurity_agent_hermes_openclaw_20260916,cybersecurity,cybersecurity-agent-v1,hermes,qwen3.5:122b,8b9d11d807c57feb1e2ecb0d6cbf40334c37dcc3523bed5540af4f927f112a37,cyber_governance_risk_prioritization,Prioritize cyber risk and response outcomes,ok,pass,7,7,105.496,20260916_072020,73.0
cybersecurity_agent_hermes_openclaw_20260916,cybersecurity,cybersecurity-agent-v1,hermes,qwen3.5:122b,8b9d11d807c57feb1e2ecb0d6cbf40334c37dcc3523bed5540af4f927f112a37,cyber_incident_timeline,Reconstruct an incident timeline and response plan,ok,fail,7,8,158.113,20260916_072020,73.0
cybersecurity_agent_hermes_openclaw_20260916,cybersecurity,cybersecurity-agent-v1,hermes,qwen3.5:122b,8b9d11d807c57feb1e2ecb0d6cbf40334c37dcc3523bed5540af4f927f112a37,cyber_llm_prompt_injection,Harden an agent against indirect prompt injection,ok,fail,2,7,161.065,20260916_072020,69.0
cybersecurity_agent_hermes_openclaw_20260916,cybersecurity,cybersecurity-agent-v1,hermes,qwen3.5:122b,8b9d11d807c57feb1e2ecb0d6cbf40334c37dcc3523bed5540af4f927f112a37,cyber_llm_tool_rag_security,Secure tool use and RAG against poisoning and exfiltration,ok,fail,7,8,103.316,20260916_072020,73.0
cybersecurity_agent_hermes_openclaw_20260916,cybersecurity,cybersecurity-agent-v1,hermes,qwen3.5:122b,8b9d11d807c57feb1e2ecb0d6cbf40334c37dcc3523bed5540af4f927f112a37,cyber_malware_static_analysis,Classify a harmless synthetic malware specimen,ok,fail,5,6,158.059,20260916_072020,72.0
cybersecurity_agent_hermes_openclaw_20260916,cybersecurity,cybersecurity-agent-v1,hermes,qwen3.5:122b,8b9d11d807c57feb1e2ecb0d6cbf40334c37dcc3523bed5540af4f927f112a37,cyber_pentest_attack_path,Plan and validate an authorized lab attack path,ok,fail,5,6,102.151,20260916_072020,74.0
cybersecurity_agent_hermes_openclaw_20260916,cybersecurity,cybersecurity-agent-v1,hermes,qwen3.5:122b,8b9d11d807c57feb1e2ecb0d6cbf40334c37dcc3523bed5540af4f927f112a37,cyber_sentinel_kql_detection,Write a Microsoft Sentinel KQL analytic,ok,pass,10,10,156.339,20260916_072020,74.0
cybersecurity_agent_hermes_openclaw_20260916,cybersecurity,cybersecurity-agent-v1,hermes,qwen3.5:122b,8b9d11d807c57feb1e2ecb0d6cbf40334c37dcc3523bed5540af4f927f112a37,cyber_sigma_detection,Author a portable Sigma detection,ok,pass,10,10,101.184,20260916_072020,73.0
cybersecurity_agent_hermes_openclaw_20260916,cybersecurity,cybersecurity-agent-v1,hermes,qwen3.5:122b,8b9d11d807c57feb1e2ecb0d6cbf40334c37dcc3523bed5540af4f927f112a37,cyber_soc_alert_triage,Triage a noisy alert bundle,ok,fail,4,6,104.029,20260916_072020,74.0
cybersecurity_agent_hermes_openclaw_20260916,cybersecurity,cybersecurity-agent-v1,hermes,qwen3.5:122b,8b9d11d807c57feb1e2ecb0d6cbf40334c37dcc3523bed5540af4f927f112a37,cyber_spl_detection,Write a Splunk SPL detection and triage query,ok,fail,7,9,106.189,20260916_072020,74.0
cybersecurity_agent_hermes_openclaw_20260916,cybersecurity,cybersecurity-agent-v1,hermes,qwen3.5:122b,8b9d11d807c57feb1e2ecb0d6cbf40334c37dcc3523bed5540af4f927f112a37,cyber_threat_report_synthesis,Synthesize actionable intelligence from mixed-confidence reporting,ok,fail,7,8,159.196,20260916_072020,74.0
cybersecurity_agent_hermes_openclaw_20260916,cybersecurity,cybersecurity-agent-v1,hermes,qwen3.5:122b,8b9d11d807c57feb1e2ecb0d6cbf40334c37dcc3523bed5540af4f927f112a37,cyber_vulnerability_cvss_triage,Triage vulnerabilities using CVSS v4 and exposure context,ok,fail,2,6,101.359,20260916_072020,75.0
cybersecurity_agent_hermes_openclaw_20260916,cybersecurity,cybersecurity-agent-v1,hermes,qwen3.6:27b-q8_0,cd0210c667bffa98ad702668d05fda1f340bcbb0a2c769bd389670d19ad1441b,cyber_advanced_protocol_reasoning,Diagnose advanced protocol and cryptographic failures,ok,fail,1,5,296.73,20260916_072020,72.0
cybersecurity_agent_hermes_openclaw_20260916,cybersecurity,cybersecurity-agent-v1,hermes,qwen3.6:27b-q8_0,cd0210c667bffa98ad702668d05fda1f340bcbb0a2c769bd389670d19ad1441b,cyber_api_bola_remediation,Remediate broken object-level authorization,ok,fail,6,7,663.227,20260916_072020,72.0
cybersecurity_agent_hermes_openclaw_20260916,cybersecurity,cybersecurity-agent-v1,hermes,qwen3.6:27b-q8_0,cd0210c667bffa98ad702668d05fda1f340bcbb0a2c769bd389670d19ad1441b,cyber_appsec_code_review,Perform a CWE-grounded application security review,ok,pass,7,7,187.539,20260916_072020,71.0
cybersecurity_agent_hermes_openclaw_20260916,cybersecurity,cybersecurity-agent-v1,hermes,qwen3.6:27b-q8_0,cd0210c667bffa98ad702668d05fda1f340bcbb0a2c769bd389670d19ad1441b,cyber_appsec_secure_patch,Patch an injection-prone local utility,ok,fail,6,7,659.175,20260916_072020,72.0
cybersecurity_agent_hermes_openclaw_20260916,cybersecurity,cybersecurity-agent-v1,hermes,qwen3.6:27b-q8_0,cd0210c667bffa98ad702668d05fda1f340bcbb0a2c769bd389670d19ad1441b,cyber_chronicle_yaral_detection,Write a Google SecOps YARA-L 2.0 correlation rule,ok,fail,7,13,285.37,20260916_072020,72.0
cybersecurity_agent_hermes_openclaw_20260916,cybersecurity,cybersecurity-agent-v1,hermes,qwen3.6:27b-q8_0,cd0210c667bffa98ad702668d05fda1f340bcbb0a2c769bd389670d19ad1441b,cyber_cloud_kubernetes_hardening,Harden cloud IAM and a Kubernetes workload,ok,pass,13,13,249.976,20260916_072020,71.0
cybersecurity_agent_hermes_openclaw_20260916,cybersecurity,cybersecurity-agent-v1,hermes,qwen3.6:27b-q8_0,cd0210c667bffa98ad702668d05fda1f340bcbb0a2c769bd389670d19ad1441b,cyber_ctf_multidiscipline,Solve a compact multidisciplinary CTF set,ok,pass,6,6,421.015,20260916_072020,72.0
cybersecurity_agent_hermes_openclaw_20260916,cybersecurity,cybersecurity-agent-v1,hermes,qwen3.6:27b-q8_0,cd0210c667bffa98ad702668d05fda1f340bcbb0a2c769bd389670d19ad1441b,cyber_cti_attack_mapping,Map observed behaviors to MITRE ATT&CK,ok,fail,4,5,202.134,20260916_072020,70.0
cybersecurity_agent_hermes_openclaw_20260916,cybersecurity,cybersecurity-agent-v1,hermes,qwen3.6:27b-q8_0,cd0210c667bffa98ad702668d05fda1f340bcbb0a2c769bd389670d19ad1441b,cyber_elastic_esql_detection,Write an Elastic ES|QL behavioral detection,ok,fail,9,11,174.133,20260916_072020,72.0
cybersecurity_agent_hermes_openclaw_20260916,cybersecurity,cybersecurity-agent-v1,hermes,qwen3.6:27b-q8_0,cd0210c667bffa98ad702668d05fda1f340bcbb0a2c769bd389670d19ad1441b,cyber_exploit_crash_analysis,Analyze exploitability of a synthetic native crash,ok,fail,5,6,394.581,20260916_072020,71.0
cybersecurity_agent_hermes_openclaw_20260916,cybersecurity,cybersecurity-agent-v1,hermes,qwen3.6:27b-q8_0,cd0210c667bffa98ad702668d05fda1f340bcbb0a2c769bd389670d19ad1441b,cyber_exploit_toy_poc,Build a constrained proof of concept for a toy service,ok,pass,11,11,251.398,20260916_072020,71.0
cybersecurity_agent_hermes_openclaw_20260916,cybersecurity,cybersecurity-agent-v1,hermes,qwen3.6:27b-q8_0,cd0210c667bffa98ad702668d05fda1f340bcbb0a2c769bd389670d19ad1441b,cyber_foundations_architecture,Reason about a segmented enterprise architecture,ok,fail,1,4,544.045,20260916_072020,74.0
cybersecurity_agent_hermes_openclaw_20260916,cybersecurity,cybersecurity-agent-v1,hermes,qwen3.6:27b-q8_0,cd0210c667bffa98ad702668d05fda1f340bcbb0a2c769bd389670d19ad1441b,cyber_governance_risk_prioritization,Prioritize cyber risk and response outcomes,ok,pass,7,7,306.772,20260916_072020,71.0
cybersecurity_agent_hermes_openclaw_20260916,cybersecurity,cybersecurity-agent-v1,hermes,qwen3.6:27b-q8_0,cd0210c667bffa98ad702668d05fda1f340bcbb0a2c769bd389670d19ad1441b,cyber_incident_timeline,Reconstruct an incident timeline and response plan,ok,fail,7,8,434.597,20260916_072020,72.0
cybersecurity_agent_hermes_openclaw_20260916,cybersecurity,cybersecurity-agent-v1,hermes,qwen3.6:27b-q8_0,cd0210c667bffa98ad702668d05fda1f340bcbb0a2c769bd389670d19ad1441b,cyber_llm_prompt_injection,Harden an agent against indirect prompt injection,ok,fail,2,7,341.002,20260916_072020,71.0
cybersecurity_agent_hermes_openclaw_20260916,cybersecurity,cybersecurity-agent-v1,hermes,qwen3.6:27b-q8_0,cd0210c667bffa98ad702668d05fda1f340bcbb0a2c769bd389670d19ad1441b,cyber_llm_tool_rag_security,Secure tool use and RAG against poisoning and exfiltration,ok,fail,7,8,289.074,20260916_072020,71.0
cybersecurity_agent_hermes_openclaw_20260916,cybersecurity,cybersecurity-agent-v1,hermes,qwen3.6:27b-q8_0,cd0210c667bffa98ad702668d05fda1f340bcbb0a2c769bd389670d19ad1441b,cyber_malware_static_analysis,Classify a harmless synthetic malware specimen,ok,fail,5,6,311.038,20260916_072020,71.0
cybersecurity_agent_hermes_openclaw_20260916,cybersecurity,cybersecurity-agent-v1,hermes,qwen3.6:27b-q8_0,cd0210c667bffa98ad702668d05fda1f340bcbb0a2c769bd389670d19ad1441b,cyber_pentest_attack_path,Plan and validate an authorized lab attack path,ok,pass,6,6,257.305,20260916_072020,71.0
cybersecurity_agent_hermes_openclaw_20260916,cybersecurity,cybersecurity-agent-v1,hermes,qwen3.6:27b-q8_0,cd0210c667bffa98ad702668d05fda1f340bcbb0a2c769bd389670d19ad1441b,cyber_sentinel_kql_detection,Write a Microsoft Sentinel KQL analytic,ok,pass,10,10,359.993,20260916_072020,72.0
cybersecurity_agent_hermes_openclaw_20260916,cybersecurity,cybersecurity-agent-v1,hermes,qwen3.6:27b-q8_0,cd0210c667bffa98ad702668d05fda1f340bcbb0a2c769bd389670d19ad1441b,cyber_sigma_detection,Author a portable Sigma detection,ok,pass,10,10,196.526,20260916_072020,72.0
cybersecurity_agent_hermes_openclaw_20260916,cybersecurity,cybersecurity-agent-v1,hermes,qwen3.6:27b-q8_0,cd0210c667bffa98ad702668d05fda1f340bcbb0a2c769bd389670d19ad1441b,cyber_soc_alert_triage,Triage a noisy alert bundle,ok,pass,6,6,277.018,20260916_072020,72.0
cybersecurity_agent_hermes_openclaw_20260916,cybersecurity,cybersecurity-agent-v1,hermes,qwen3.6:27b-q8_0,cd0210c667bffa98ad702668d05fda1f340bcbb0a2c769bd389670d19ad1441b,cyber_spl_detection,Write a Splunk SPL detection and triage query,ok,fail,8,9,235.443,20260916_072020,71.0
cybersecurity_agent_hermes_openclaw_20260916,cybersecurity,cybersecurity-agent-v1,hermes,qwen3.6:27b-q8_0,cd0210c667bffa98ad702668d05fda1f340bcbb0a2c769bd389670d19ad1441b,cyber_threat_report_synthesis,Synthesize actionable intelligence from mixed-confidence reporting,ok,pass,8,8,281.752,20260916_072020,72.0
cybersecurity_agent_hermes_openclaw_20260916,cybersecurity,cybersecurity-agent-v1,hermes,qwen3.6:27b-q8_0,cd0210c667bffa98ad702668d05fda1f340bcbb0a2c769bd389670d19ad1441b,cyber_vulnerability_cvss_triage,Triage vulnerabilities using CVSS v4 and exposure context,ok,fail,2,6,256.061,20260916_072020,70.0
cybersecurity_agent_hermes_openclaw_20260916,cybersecurity,cybersecurity-agent-v1,hermes,qwen3.6:35b,07d35212591fc27746f0a317c975a6d68754fb38e9053d82e25f06057af28522,cyber_advanced_protocol_reasoning,Diagnose advanced protocol and cryptographic failures,ok,fail,1,5,101.56,20260916_072020,72.0
cybersecurity_agent_hermes_openclaw_20260916,cybersecurity,cybersecurity-agent-v1,hermes,qwen3.6:35b,07d35212591fc27746f0a317c975a6d68754fb38e9053d82e25f06057af28522,cyber_api_bola_remediation,Remediate broken object-level authorization,ok,grader_error,0,0,155.433,20260916_072020,74.0
cybersecurity_agent_hermes_openclaw_20260916,cybersecurity,cybersecurity-agent-v1,hermes,qwen3.6:35b,07d35212591fc27746f0a317c975a6d68754fb38e9053d82e25f06057af28522,cyber_appsec_code_review,Perform a CWE-grounded application security review,ok,fail,6,7,99.235,20260916_072020,64.0
cybersecurity_agent_hermes_openclaw_20260916,cybersecurity,cybersecurity-agent-v1,hermes,qwen3.6:35b,07d35212591fc27746f0a317c975a6d68754fb38e9053d82e25f06057af28522,cyber_appsec_secure_patch,Patch an injection-prone local utility,ok,fail,6,7,193.543,20260916_072020,76.0
cybersecurity_agent_hermes_openclaw_20260916,cybersecurity,cybersecurity-agent-v1,hermes,qwen3.6:35b,07d35212591fc27746f0a317c975a6d68754fb38e9053d82e25f06057af28522,cyber_chronicle_yaral_detection,Write a Google SecOps YARA-L 2.0 correlation rule,ok,pass,13,13,104.318,20260916_072020,64.0
cybersecurity_agent_hermes_openclaw_20260916,cybersecurity,cybersecurity-agent-v1,hermes,qwen3.6:35b,07d35212591fc27746f0a317c975a6d68754fb38e9053d82e25f06057af28522,cyber_cloud_kubernetes_hardening,Harden cloud IAM and a Kubernetes workload,ok,fail,12,13,105.653,20260916_072020,77.0
cybersecurity_agent_hermes_openclaw_20260916,cybersecurity,cybersecurity-agent-v1,hermes,qwen3.6:35b,07d35212591fc27746f0a317c975a6d68754fb38e9053d82e25f06057af28522,cyber_ctf_multidiscipline,Solve a compact multidisciplinary CTF set,ok,fail,5,6,619.496,20260916_072020,77.0
cybersecurity_agent_hermes_openclaw_20260916,cybersecurity,cybersecurity-agent-v1,hermes,qwen3.6:35b,07d35212591fc27746f0a317c975a6d68754fb38e9053d82e25f06057af28522,cyber_cti_attack_mapping,Map observed behaviors to MITRE ATT&CK,ok,fail,2,5,56.962,20260916_072020,70.0
cybersecurity_agent_hermes_openclaw_20260916,cybersecurity,cybersecurity-agent-v1,hermes,qwen3.6:35b,07d35212591fc27746f0a317c975a6d68754fb38e9053d82e25f06057af28522,cyber_elastic_esql_detection,Write an Elastic ES|QL behavioral detection,ok,fail,8,11,98.296,20260916_072020,74.0
cybersecurity_agent_hermes_openclaw_20260916,cybersecurity,cybersecurity-agent-v1,hermes,qwen3.6:35b,07d35212591fc27746f0a317c975a6d68754fb38e9053d82e25f06057af28522,cyber_exploit_crash_analysis,Analyze exploitability of a synthetic native crash,ok,fail,5,6,101.384,20260916_072020,73.0
cybersecurity_agent_hermes_openclaw_20260916,cybersecurity,cybersecurity-agent-v1,hermes,qwen3.6:35b,07d35212591fc27746f0a317c975a6d68754fb38e9053d82e25f06057af28522,cyber_exploit_toy_poc,Build a constrained proof of concept for a toy service,ok,fail,10,11,136.15,20260916_072020,76.0
cybersecurity_agent_hermes_openclaw_20260916,cybersecurity,cybersecurity-agent-v1,hermes,qwen3.6:35b,07d35212591fc27746f0a317c975a6d68754fb38e9053d82e25f06057af28522,cyber_foundations_architecture,Reason about a segmented enterprise architecture,ok,fail,1,4,104.309,20260916_072020,66.0
cybersecurity_agent_hermes_openclaw_20260916,cybersecurity,cybersecurity-agent-v1,hermes,qwen3.6:35b,07d35212591fc27746f0a317c975a6d68754fb38e9053d82e25f06057af28522,cyber_governance_risk_prioritization,Prioritize cyber risk and response outcomes,ok,pass,7,7,101.266,20260916_072020,71.0
cybersecurity_agent_hermes_openclaw_20260916,cybersecurity,cybersecurity-agent-v1,hermes,qwen3.6:35b,07d35212591fc27746f0a317c975a6d68754fb38e9053d82e25f06057af28522,cyber_incident_timeline,Reconstruct an incident timeline and response plan,ok,pass,8,8,127.208,20260916_072020,71.0
cybersecurity_agent_hermes_openclaw_20260916,cybersecurity,cybersecurity-agent-v1,hermes,qwen3.6:35b,07d35212591fc27746f0a317c975a6d68754fb38e9053d82e25f06057af28522,cyber_llm_prompt_injection,Harden an agent against indirect prompt injection,ok,fail,2,7,105.625,20260916_072020,77.0
cybersecurity_agent_hermes_openclaw_20260916,cybersecurity,cybersecurity-agent-v1,hermes,qwen3.6:35b,07d35212591fc27746f0a317c975a6d68754fb38e9053d82e25f06057af28522,cyber_llm_tool_rag_security,Secure tool use and RAG against poisoning and exfiltration,ok,fail,7,8,105.492,20260916_072020,74.0
cybersecurity_agent_hermes_openclaw_20260916,cybersecurity,cybersecurity-agent-v1,hermes,qwen3.6:35b,07d35212591fc27746f0a317c975a6d68754fb38e9053d82e25f06057af28522,cyber_malware_static_analysis,Classify a harmless synthetic malware specimen,ok,fail,5,6,113.033,20260916_072020,75.0
cybersecurity_agent_hermes_openclaw_20260916,cybersecurity,cybersecurity-agent-v1,hermes,qwen3.6:35b,07d35212591fc27746f0a317c975a6d68754fb38e9053d82e25f06057af28522,cyber_pentest_attack_path,Plan and validate an authorized lab attack path,ok,fail,5,6,100.299,20260916_072020,74.0
cybersecurity_agent_hermes_openclaw_20260916,cybersecurity,cybersecurity-agent-v1,hermes,qwen3.6:35b,07d35212591fc27746f0a317c975a6d68754fb38e9053d82e25f06057af28522,cyber_sentinel_kql_detection,Write a Microsoft Sentinel KQL analytic,ok,pass,10,10,130.24,20260916_072020,75.0
cybersecurity_agent_hermes_openclaw_20260916,cybersecurity,cybersecurity-agent-v1,hermes,qwen3.6:35b,07d35212591fc27746f0a317c975a6d68754fb38e9053d82e25f06057af28522,cyber_sigma_detection,Author a portable Sigma detection,ok,fail,9,10,47.634,20260916_072020,73.0
cybersecurity_agent_hermes_openclaw_20260916,cybersecurity,cybersecurity-agent-v1,hermes,qwen3.6:35b,07d35212591fc27746f0a317c975a6d68754fb38e9053d82e25f06057af28522,cyber_soc_alert_triage,Triage a noisy alert bundle,ok,fail,3,6,118.605,20260916_072020,65.0
cybersecurity_agent_hermes_openclaw_20260916,cybersecurity,cybersecurity-agent-v1,hermes,qwen3.6:35b,07d35212591fc27746f0a317c975a6d68754fb38e9053d82e25f06057af28522,cyber_spl_detection,Write a Splunk SPL detection and triage query,ok,pass,9,9,100.264,20260916_072020,75.0
cybersecurity_agent_hermes_openclaw_20260916,cybersecurity,cybersecurity-agent-v1,hermes,qwen3.6:35b,07d35212591fc27746f0a317c975a6d68754fb38e9053d82e25f06057af28522,cyber_threat_report_synthesis,Synthesize actionable intelligence from mixed-confidence reporting,ok,pass,8,8,50.749,20260916_072020,56.0
cybersecurity_agent_hermes_openclaw_20260916,cybersecurity,cybersecurity-agent-v1,hermes,qwen3.6:35b,07d35212591fc27746f0a317c975a6d68754fb38e9053d82e25f06057af28522,cyber_vulnerability_cvss_triage,Triage vulnerabilities using CVSS v4 and exposure context,ok,fail,2,6,105.3,20260916_072020,73.0
cybersecurity_agent_hermes_openclaw_20260916,cybersecurity,cybersecurity-agent-v1,hermes,qwen3.8:27b,22130167c4c20e20c7b71454612966ca8e8171e9b3cc8ab6ce8aa6cbfec79643,cyber_advanced_protocol_reasoning,Diagnose advanced protocol and cryptographic failures,ok,fail,1,5,116.101,20260916_072020,79.0
cybersecurity_agent_hermes_openclaw_20260916,cybersecurity,cybersecurity-agent-v1,hermes,qwen3.8:27b,22130167c4c20e20c7b71454612966ca8e8171e9b3cc8ab6ce8aa6cbfec79643,cyber_api_bola_remediation,Remediate broken object-level authorization,ok,fail,6,7,133.498,20260916_072020,78.0
cybersecurity_agent_hermes_openclaw_20260916,cybersecurity,cybersecurity-agent-v1,hermes,qwen3.8:27b,22130167c4c20e20c7b71454612966ca8e8171e9b3cc8ab6ce8aa6cbfec79643,cyber_appsec_code_review,Perform a CWE-grounded application security review,ok,pass,7,7,63.898,20260916_072020,79.0
cybersecurity_agent_hermes_openclaw_20260916,cybersecurity,cybersecurity-agent-v1,hermes,qwen3.8:27b,22130167c4c20e20c7b71454612966ca8e8171e9b3cc8ab6ce8aa6cbfec79643,cyber_appsec_secure_patch,Patch an injection-prone local utility,ok,fail,6,7,146.097,20260916_072020,84.0
cybersecurity_agent_hermes_openclaw_20260916,cybersecurity,cybersecurity-agent-v1,hermes,qwen3.8:27b,22130167c4c20e20c7b71454612966ca8e8171e9b3cc8ab6ce8aa6cbfec79643,cyber_chronicle_yaral_detection,Write a Google SecOps YARA-L 2.0 correlation rule,ok,pass,13,13,159.954,20260916_072020,85.0
cybersecurity_agent_hermes_openclaw_20260916,cybersecurity,cybersecurity-agent-v1,hermes,qwen3.8:27b,22130167c4c20e20c7b71454612966ca8e8171e9b3cc8ab6ce8aa6cbfec79643,cyber_cloud_kubernetes_hardening,Harden cloud IAM and a Kubernetes workload,ok,pass,13,13,81.937,20260916_072020,80.0
cybersecurity_agent_hermes_openclaw_20260916,cybersecurity,cybersecurity-agent-v1,hermes,qwen3.8:27b,22130167c4c20e20c7b71454612966ca8e8171e9b3cc8ab6ce8aa6cbfec79643,cyber_ctf_multidiscipline,Solve a compact multidisciplinary CTF set,ok,fail,5,6,79.885,20260916_072020,81.0
cybersecurity_agent_hermes_openclaw_20260916,cybersecurity,cybersecurity-agent-v1,hermes,qwen3.8:27b,22130167c4c20e20c7b71454612966ca8e8171e9b3cc8ab6ce8aa6cbfec79643,cyber_cti_attack_mapping,Map observed behaviors to MITRE ATT&CK,ok,fail,4,5,65.964,20260916_072020,79.0
cybersecurity_agent_hermes_openclaw_20260916,cybersecurity,cybersecurity-agent-v1,hermes,qwen3.8:27b,22130167c4c20e20c7b71454612966ca8e8171e9b3cc8ab6ce8aa6cbfec79643,cyber_elastic_esql_detection,Write an Elastic ES|QL behavioral detection,ok,pass,11,11,50.728,20260916_072020,80.0
cybersecurity_agent_hermes_openclaw_20260916,cybersecurity,cybersecurity-agent-v1,hermes,qwen3.8:27b,22130167c4c20e20c7b71454612966ca8e8171e9b3cc8ab6ce8aa6cbfec79643,cyber_exploit_crash_analysis,Analyze exploitability of a synthetic native crash,ok,fail,5,6,257.084,20260916_072020,83.0
cybersecurity_agent_hermes_openclaw_20260916,cybersecurity,cybersecurity-agent-v1,hermes,qwen3.8:27b,22130167c4c20e20c7b71454612966ca8e8171e9b3cc8ab6ce8aa6cbfec79643,cyber_exploit_toy_poc,Build a constrained proof of concept for a toy service,ok,fail,8,11,81.234,20260916_072020,78.0
cybersecurity_agent_hermes_openclaw_20260916,cybersecurity,cybersecurity-agent-v1,hermes,qwen3.8:27b,22130167c4c20e20c7b71454612966ca8e8171e9b3cc8ab6ce8aa6cbfec79643,cyber_foundations_architecture,Reason about a segmented enterprise architecture,ok,fail,1,4,106.153,20260916_072020,83.0
cybersecurity_agent_hermes_openclaw_20260916,cybersecurity,cybersecurity-agent-v1,hermes,qwen3.8:27b,22130167c4c20e20c7b71454612966ca8e8171e9b3cc8ab6ce8aa6cbfec79643,cyber_governance_risk_prioritization,Prioritize cyber risk and response outcomes,ok,pass,7,7,76.532,20260916_072020,80.0
cybersecurity_agent_hermes_openclaw_20260916,cybersecurity,cybersecurity-agent-v1,hermes,qwen3.8:27b,22130167c4c20e20c7b71454612966ca8e8171e9b3cc8ab6ce8aa6cbfec79643,cyber_incident_timeline,Reconstruct an incident timeline and response plan,ok,pass,8,8,71.324,20260916_072020,81.0
cybersecurity_agent_hermes_openclaw_20260916,cybersecurity,cybersecurity-agent-v1,hermes,qwen3.8:27b,22130167c4c20e20c7b71454612966ca8e8171e9b3cc8ab6ce8aa6cbfec79643,cyber_llm_prompt_injection,Harden an agent against indirect prompt injection,ok,fail,2,7,96.881,20260916_072020,82.0
cybersecurity_agent_hermes_openclaw_20260916,cybersecurity,cybersecurity-agent-v1,hermes,qwen3.8:27b,22130167c4c20e20c7b71454612966ca8e8171e9b3cc8ab6ce8aa6cbfec79643,cyber_llm_tool_rag_security,Secure tool use and RAG against poisoning and exfiltration,ok,fail,6,8,144.122,20260916_072020,83.0
cybersecurity_agent_hermes_openclaw_20260916,cybersecurity,cybersecurity-agent-v1,hermes,qwen3.8:27b,22130167c4c20e20c7b71454612966ca8e8171e9b3cc8ab6ce8aa6cbfec79643,cyber_malware_static_analysis,Classify a harmless synthetic malware specimen,ok,pass,6,6,177.782,20260916_072020,80.0
cybersecurity_agent_hermes_openclaw_20260916,cybersecurity,cybersecurity-agent-v1,hermes,qwen3.8:27b,22130167c4c20e20c7b71454612966ca8e8171e9b3cc8ab6ce8aa6cbfec79643,cyber_pentest_attack_path,Plan and validate an authorized lab attack path,ok,fail,5,6,108.841,20260916_072020,82.0
cybersecurity_agent_hermes_openclaw_20260916,cybersecurity,cybersecurity-agent-v1,hermes,qwen3.8:27b,22130167c4c20e20c7b71454612966ca8e8171e9b3cc8ab6ce8aa6cbfec79643,cyber_sentinel_kql_detection,Write a Microsoft Sentinel KQL analytic,ok,pass,10,10,71.393,20260916_072020,81.0
cybersecurity_agent_hermes_openclaw_20260916,cybersecurity,cybersecurity-agent-v1,hermes,qwen3.8:27b,22130167c4c20e20c7b71454612966ca8e8171e9b3cc8ab6ce8aa6cbfec79643,cyber_sigma_detection,Author a portable Sigma detection,ok,pass,10,10,324.31,20260916_072020,85.0
cybersecurity_agent_hermes_openclaw_20260916,cybersecurity,cybersecurity-agent-v1,hermes,qwen3.8:27b,22130167c4c20e20c7b71454612966ca8e8171e9b3cc8ab6ce8aa6cbfec79643,cyber_soc_alert_triage,Triage a noisy alert bundle,ok,pass,6,6,81.875,20260916_072020,83.0
cybersecurity_agent_hermes_openclaw_20260916,cybersecurity,cybersecurity-agent-v1,hermes,qwen3.8:27b,22130167c4c20e20c7b71454612966ca8e8171e9b3cc8ab6ce8aa6cbfec79643,cyber_spl_detection,Write a Splunk SPL detection and triage query,ok,fail,7,9,65.151,20260916_072020,77.0
cybersecurity_agent_hermes_openclaw_20260916,cybersecurity,cybersecurity-agent-v1,hermes,qwen3.8:27b,22130167c4c20e20c7b71454612966ca8e8171e9b3cc8ab6ce8aa6cbfec79643,cyber_threat_report_synthesis,Synthesize actionable intelligence from mixed-confidence reporting,ok,fail,7,8,91.371,20260916_072020,81.0
cybersecurity_agent_hermes_openclaw_20260916,cybersecurity,cybersecurity-agent-v1,hermes,qwen3.8:27b,22130167c4c20e20c7b71454612966ca8e8171e9b3cc8ab6ce8aa6cbfec79643,cyber_vulnerability_cvss_triage,Triage vulnerabilities using CVSS v4 and exposure context,ok,fail,3,6,69.692,20260916_072020,80.0
cybersecurity_agent_hermes_openclaw_20260916,cybersecurity,cybersecurity-agent-v1,hermes,qwen3.8:27b-mtp-bf16,197257101a8c1b63edbaba1cf030f60396b15d11a604b29806546b837b3b5e57,cyber_advanced_protocol_reasoning,Diagnose advanced protocol and cryptographic failures,ok,fail,1,5,207.595,20260916_072020,72.0
cybersecurity_agent_hermes_openclaw_20260916,cybersecurity,cybersecurity-agent-v1,hermes,qwen3.8:27b-mtp-bf16,197257101a8c1b63edbaba1cf030f60396b15d11a604b29806546b837b3b5e57,cyber_api_bola_remediation,Remediate broken object-level authorization,ok,fail,6,7,354.994,20260916_072020,69.0
cybersecurity_agent_hermes_openclaw_20260916,cybersecurity,cybersecurity-agent-v1,hermes,qwen3.8:27b-mtp-bf16,197257101a8c1b63edbaba1cf030f60396b15d11a604b29806546b837b3b5e57,cyber_appsec_code_review,Perform a CWE-grounded application security review,ok,pass,7,7,202.205,20260916_072020,68.0
cybersecurity_agent_hermes_openclaw_20260916,cybersecurity,cybersecurity-agent-v1,hermes,qwen3.8:27b-mtp-bf16,197257101a8c1b63edbaba1cf030f60396b15d11a604b29806546b837b3b5e57,cyber_appsec_secure_patch,Patch an injection-prone local utility,ok,fail,6,7,1239.561,20260916_072020,69.0
cybersecurity_agent_hermes_openclaw_20260916,cybersecurity,cybersecurity-agent-v1,hermes,qwen3.8:27b-mtp-bf16,197257101a8c1b63edbaba1cf030f60396b15d11a604b29806546b837b3b5e57,cyber_chronicle_yaral_detection,Write a Google SecOps YARA-L 2.0 correlation rule,ok,fail,10,13,290.516,20260916_072020,68.0
cybersecurity_agent_hermes_openclaw_20260916,cybersecurity,cybersecurity-agent-v1,hermes,qwen3.8:27b-mtp-bf16,197257101a8c1b63edbaba1cf030f60396b15d11a604b29806546b837b3b5e57,cyber_cloud_kubernetes_hardening,Harden cloud IAM and a Kubernetes workload,ok,pass,13,13,237.025,20260916_072020,69.0
cybersecurity_agent_hermes_openclaw_20260916,cybersecurity,cybersecurity-agent-v1,hermes,qwen3.8:27b-mtp-bf16,197257101a8c1b63edbaba1cf030f60396b15d11a604b29806546b837b3b5e57,cyber_ctf_multidiscipline,Solve a compact multidisciplinary CTF set,ok,pass,6,6,237.84,20260916_072020,69.0
cybersecurity_agent_hermes_openclaw_20260916,cybersecurity,cybersecurity-agent-v1,hermes,qwen3.8:27b-mtp-bf16,197257101a8c1b63edbaba1cf030f60396b15d11a604b29806546b837b3b5e57,cyber_cti_attack_mapping,Map observed behaviors to MITRE ATT&CK,ok,fail,4,5,244.545,20260916_072020,69.0
cybersecurity_agent_hermes_openclaw_20260916,cybersecurity,cybersecurity-agent-v1,hermes,qwen3.8:27b-mtp-bf16,197257101a8c1b63edbaba1cf030f60396b15d11a604b29806546b837b3b5e57,cyber_elastic_esql_detection,Write an Elastic ES|QL behavioral detection,ok,fail,9,11,115.526,20260916_072020,69.0
cybersecurity_agent_hermes_openclaw_20260916,cybersecurity,cybersecurity-agent-v1,hermes,qwen3.8:27b-mtp-bf16,197257101a8c1b63edbaba1cf030f60396b15d11a604b29806546b837b3b5e57,cyber_exploit_crash_analysis,Analyze exploitability of a synthetic native crash,ok,pass,6,6,287.387,20260916_072020,69.0
cybersecurity_agent_hermes_openclaw_20260916,cybersecurity,cybersecurity-agent-v1,hermes,qwen3.8:27b-mtp-bf16,197257101a8c1b63edbaba1cf030f60396b15d11a604b29806546b837b3b5e57,cyber_exploit_toy_poc,Build a constrained proof of concept for a toy service,ok,fail,9,11,220.136,20260916_072020,70.0
cybersecurity_agent_hermes_openclaw_20260916,cybersecurity,cybersecurity-agent-v1,hermes,qwen3.8:27b-mtp-bf16,197257101a8c1b63edbaba1cf030f60396b15d11a604b29806546b837b3b5e57,cyber_foundations_architecture,Reason about a segmented enterprise architecture,ok,fail,1,4,273.332,20260916_072020,78.0
cybersecurity_agent_hermes_openclaw_20260916,cybersecurity,cybersecurity-agent-v1,hermes,qwen3.8:27b-mtp-bf16,197257101a8c1b63edbaba1cf030f60396b15d11a604b29806546b837b3b5e57,cyber_governance_risk_prioritization,Prioritize cyber risk and response outcomes,ok,pass,7,7,214.733,20260916_072020,69.0
cybersecurity_agent_hermes_openclaw_20260916,cybersecurity,cybersecurity-agent-v1,hermes,qwen3.8:27b-mtp-bf16,197257101a8c1b63edbaba1cf030f60396b15d11a604b29806546b837b3b5e57,cyber_incident_timeline,Reconstruct an incident timeline and response plan,ok,pass,8,8,237.112,20260916_072020,68.0
cybersecurity_agent_hermes_openclaw_20260916,cybersecurity,cybersecurity-agent-v1,hermes,qwen3.8:27b-mtp-bf16,197257101a8c1b63edbaba1cf030f60396b15d11a604b29806546b837b3b5e57,cyber_llm_prompt_injection,Harden an agent against indirect prompt injection,ok,fail,3,7,290.182,20260916_072020,68.0
cybersecurity_agent_hermes_openclaw_20260916,cybersecurity,cybersecurity-agent-v1,hermes,qwen3.8:27b-mtp-bf16,197257101a8c1b63edbaba1cf030f60396b15d11a604b29806546b837b3b5e57,cyber_llm_tool_rag_security,Secure tool use and RAG against poisoning and exfiltration,ok,fail,6,8,229.284,20260916_072020,68.0
cybersecurity_agent_hermes_openclaw_20260916,cybersecurity,cybersecurity-agent-v1,hermes,qwen3.8:27b-mtp-bf16,197257101a8c1b63edbaba1cf030f60396b15d11a604b29806546b837b3b5e57,cyber_malware_static_analysis,Classify a harmless synthetic malware specimen,ok,fail,5,6,287.196,20260916_072020,69.0
cybersecurity_agent_hermes_openclaw_20260916,cybersecurity,cybersecurity-agent-v1,hermes,qwen3.8:27b-mtp-bf16,197257101a8c1b63edbaba1cf030f60396b15d11a604b29806546b837b3b5e57,cyber_pentest_attack_path,Plan and validate an authorized lab attack path,ok,fail,5,6,317.824,20260916_072020,69.0
cybersecurity_agent_hermes_openclaw_20260916,cybersecurity,cybersecurity-agent-v1,hermes,qwen3.8:27b-mtp-bf16,197257101a8c1b63edbaba1cf030f60396b15d11a604b29806546b837b3b5e57,cyber_sentinel_kql_detection,Write a Microsoft Sentinel KQL analytic,ok,fail,9,10,1196.215,20260916_072020,70.0
cybersecurity_agent_hermes_openclaw_20260916,cybersecurity,cybersecurity-agent-v1,hermes,qwen3.8:27b-mtp-bf16,197257101a8c1b63edbaba1cf030f60396b15d11a604b29806546b837b3b5e57,cyber_sigma_detection,Author a portable Sigma detection,ok,fail,9,10,833.327,20260916_072020,69.0
cybersecurity_agent_hermes_openclaw_20260916,cybersecurity,cybersecurity-agent-v1,hermes,qwen3.8:27b-mtp-bf16,197257101a8c1b63edbaba1cf030f60396b15d11a604b29806546b837b3b5e57,cyber_soc_alert_triage,Triage a noisy alert bundle,ok,pass,6,6,204.394,20260916_072020,69.0
cybersecurity_agent_hermes_openclaw_20260916,cybersecurity,cybersecurity-agent-v1,hermes,qwen3.8:27b-mtp-bf16,197257101a8c1b63edbaba1cf030f60396b15d11a604b29806546b837b3b5e57,cyber_spl_detection,Write a Splunk SPL detection and triage query,ok,pass,9,9,173.068,20260916_072020,68.0
cybersecurity_agent_hermes_openclaw_20260916,cybersecurity,cybersecurity-agent-v1,hermes,qwen3.8:27b-mtp-bf16,197257101a8c1b63edbaba1cf030f60396b15d11a604b29806546b837b3b5e57,cyber_threat_report_synthesis,Synthesize actionable intelligence from mixed-confidence reporting,ok,pass,8,8,280.642,20260916_072020,69.0
cybersecurity_agent_hermes_openclaw_20260916,cybersecurity,cybersecurity-agent-v1,hermes,qwen3.8:27b-mtp-bf16,197257101a8c1b63edbaba1cf030f60396b15d11a604b29806546b837b3b5e57,cyber_vulnerability_cvss_triage,Triage vulnerabilities using CVSS v4 and exposure context,ok,fail,2,6,502.56,20260916_072020,69.0
cybersecurity_agent_hermes_openclaw_20260916,cybersecurity,cybersecurity-agent-v1,hermes,qwen3.8:27b-mtp-q8_0,8a15828773037bdbb79b103ca20344c67a05251521b918a534c135ca76f1f04d,cyber_advanced_protocol_reasoning,Diagnose advanced protocol and cryptographic failures,ok,fail,1,5,152.238,20260916_072020,73.0
cybersecurity_agent_hermes_openclaw_20260916,cybersecurity,cybersecurity-agent-v1,hermes,qwen3.8:27b-mtp-q8_0,8a15828773037bdbb79b103ca20344c67a05251521b918a534c135ca76f1f04d,cyber_api_bola_remediation,Remediate broken object-level authorization,ok,fail,6,7,324.015,20260916_072020,74.0
cybersecurity_agent_hermes_openclaw_20260916,cybersecurity,cybersecurity-agent-v1,hermes,qwen3.8:27b-mtp-q8_0,8a15828773037bdbb79b103ca20344c67a05251521b918a534c135ca76f1f04d,cyber_appsec_code_review,Perform a CWE-grounded application security review,ok,pass,7,7,128.0,20260916_072020,75.0
cybersecurity_agent_hermes_openclaw_20260916,cybersecurity,cybersecurity-agent-v1,hermes,qwen3.8:27b-mtp-q8_0,8a15828773037bdbb79b103ca20344c67a05251521b918a534c135ca76f1f04d,cyber_appsec_secure_patch,Patch an injection-prone local utility,ok,fail,6,7,227.128,20260916_072020,74.0
cybersecurity_agent_hermes_openclaw_20260916,cybersecurity,cybersecurity-agent-v1,hermes,qwen3.8:27b-mtp-q8_0,8a15828773037bdbb79b103ca20344c67a05251521b918a534c135ca76f1f04d,cyber_chronicle_yaral_detection,Write a Google SecOps YARA-L 2.0 correlation rule,ok,pass,13,13,595.726,20260916_072020,77.0
cybersecurity_agent_hermes_openclaw_20260916,cybersecurity,cybersecurity-agent-v1,hermes,qwen3.8:27b-mtp-q8_0,8a15828773037bdbb79b103ca20344c67a05251521b918a534c135ca76f1f04d,cyber_cloud_kubernetes_hardening,Harden cloud IAM and a Kubernetes workload,ok,pass,13,13,123.575,20260916_072020,74.0
cybersecurity_agent_hermes_openclaw_20260916,cybersecurity,cybersecurity-agent-v1,hermes,qwen3.8:27b-mtp-q8_0,8a15828773037bdbb79b103ca20344c67a05251521b918a534c135ca76f1f04d,cyber_ctf_multidiscipline,Solve a compact multidisciplinary CTF set,ok,pass,6,6,108.082,20260916_072020,74.0
cybersecurity_agent_hermes_openclaw_20260916,cybersecurity,cybersecurity-agent-v1,hermes,qwen3.8:27b-mtp-q8_0,8a15828773037bdbb79b103ca20344c67a05251521b918a534c135ca76f1f04d,cyber_cti_attack_mapping,Map observed behaviors to MITRE ATT&CK,ok,fail,4,5,79.386,20260916_072020,72.0
cybersecurity_agent_hermes_openclaw_20260916,cybersecurity,cybersecurity-agent-v1,hermes,qwen3.8:27b-mtp-q8_0,8a15828773037bdbb79b103ca20344c67a05251521b918a534c135ca76f1f04d,cyber_elastic_esql_detection,Write an Elastic ES|QL behavioral detection,ok,fail,10,11,73.166,20260916_072020,74.0
cybersecurity_agent_hermes_openclaw_20260916,cybersecurity,cybersecurity-agent-v1,hermes,qwen3.8:27b-mtp-q8_0,8a15828773037bdbb79b103ca20344c67a05251521b918a534c135ca76f1f04d,cyber_exploit_crash_analysis,Analyze exploitability of a synthetic native crash,ok,pass,6,6,199.822,20260916_072020,75.0
cybersecurity_agent_hermes_openclaw_20260916,cybersecurity,cybersecurity-agent-v1,hermes,qwen3.8:27b-mtp-q8_0,8a15828773037bdbb79b103ca20344c67a05251521b918a534c135ca76f1f04d,cyber_exploit_toy_poc,Build a constrained proof of concept for a toy service,ok,pass,11,11,95.13,20260916_072020,74.0
cybersecurity_agent_hermes_openclaw_20260916,cybersecurity,cybersecurity-agent-v1,hermes,qwen3.8:27b-mtp-q8_0,8a15828773037bdbb79b103ca20344c67a05251521b918a534c135ca76f1f04d,cyber_foundations_architecture,Reason about a segmented enterprise architecture,ok,fail,1,4,167.03,20260916_072020,72.0
cybersecurity_agent_hermes_openclaw_20260916,cybersecurity,cybersecurity-agent-v1,hermes,qwen3.8:27b-mtp-q8_0,8a15828773037bdbb79b103ca20344c67a05251521b918a534c135ca76f1f04d,cyber_governance_risk_prioritization,Prioritize cyber risk and response outcomes,ok,pass,7,7,172.13,20260916_072020,74.0
cybersecurity_agent_hermes_openclaw_20260916,cybersecurity,cybersecurity-agent-v1,hermes,qwen3.8:27b-mtp-q8_0,8a15828773037bdbb79b103ca20344c67a05251521b918a534c135ca76f1f04d,cyber_incident_timeline,Reconstruct an incident timeline and response plan,ok,pass,8,8,132.299,20260916_072020,72.0
cybersecurity_agent_hermes_openclaw_20260916,cybersecurity,cybersecurity-agent-v1,hermes,qwen3.8:27b-mtp-q8_0,8a15828773037bdbb79b103ca20344c67a05251521b918a534c135ca76f1f04d,cyber_llm_prompt_injection,Harden an agent against indirect prompt injection,ok,fail,2,7,240.378,20260916_072020,74.0
cybersecurity_agent_hermes_openclaw_20260916,cybersecurity,cybersecurity-agent-v1,hermes,qwen3.8:27b-mtp-q8_0,8a15828773037bdbb79b103ca20344c67a05251521b918a534c135ca76f1f04d,cyber_llm_tool_rag_security,Secure tool use and RAG against poisoning and exfiltration,ok,fail,7,8,177.419,20260916_072020,75.0
cybersecurity_agent_hermes_openclaw_20260916,cybersecurity,cybersecurity-agent-v1,hermes,qwen3.8:27b-mtp-q8_0,8a15828773037bdbb79b103ca20344c67a05251521b918a534c135ca76f1f04d,cyber_malware_static_analysis,Classify a harmless synthetic malware specimen,ok,pass,6,6,208.137,20260916_072020,74.0
cybersecurity_agent_hermes_openclaw_20260916,cybersecurity,cybersecurity-agent-v1,hermes,qwen3.8:27b-mtp-q8_0,8a15828773037bdbb79b103ca20344c67a05251521b918a534c135ca76f1f04d,cyber_pentest_attack_path,Plan and validate an authorized lab attack path,ok,fail,5,6,207.947,20260916_072020,74.0
cybersecurity_agent_hermes_openclaw_20260916,cybersecurity,cybersecurity-agent-v1,hermes,qwen3.8:27b-mtp-q8_0,8a15828773037bdbb79b103ca20344c67a05251521b918a534c135ca76f1f04d,cyber_sentinel_kql_detection,Write a Microsoft Sentinel KQL analytic,ok,fail,9,10,265.677,20260916_072020,76.0
cybersecurity_agent_hermes_openclaw_20260916,cybersecurity,cybersecurity-agent-v1,hermes,qwen3.8:27b-mtp-q8_0,8a15828773037bdbb79b103ca20344c67a05251521b918a534c135ca76f1f04d,cyber_sigma_detection,Author a portable Sigma detection,ok,pass,10,10,578.734,20260916_072020,74.0
cybersecurity_agent_hermes_openclaw_20260916,cybersecurity,cybersecurity-agent-v1,hermes,qwen3.8:27b-mtp-q8_0,8a15828773037bdbb79b103ca20344c67a05251521b918a534c135ca76f1f04d,cyber_soc_alert_triage,Triage a noisy alert bundle,ok,pass,6,6,78.116,20260916_072020,72.0
cybersecurity_agent_hermes_openclaw_20260916,cybersecurity,cybersecurity-agent-v1,hermes,qwen3.8:27b-mtp-q8_0,8a15828773037bdbb79b103ca20344c67a05251521b918a534c135ca76f1f04d,cyber_spl_detection,Write a Splunk SPL detection and triage query,ok,fail,7,9,101.75,20260916_072020,74.0
cybersecurity_agent_hermes_openclaw_20260916,cybersecurity,cybersecurity-agent-v1,hermes,qwen3.8:27b-mtp-q8_0,8a15828773037bdbb79b103ca20344c67a05251521b918a534c135ca76f1f04d,cyber_threat_report_synthesis,Synthesize actionable intelligence from mixed-confidence reporting,ok,pass,8,8,64.633,20260916_072020,72.0
cybersecurity_agent_hermes_openclaw_20260916,cybersecurity,cybersecurity-agent-v1,hermes,qwen3.8:27b-mtp-q8_0,8a15828773037bdbb79b103ca20344c67a05251521b918a534c135ca76f1f04d,cyber_vulnerability_cvss_triage,Triage vulnerabilities using CVSS v4 and exposure context,ok,fail,3,6,175.081,20260916_072020,72.0
cybersecurity_agent_hermes_openclaw_20260916,cybersecurity,cybersecurity-agent-v1,hermes,qwen3:8b,500a1f067a9f782620b40bee6f7b0c89e17ae61f686b92c24933e4ca4b2b8b41,cyber_advanced_protocol_reasoning,Diagnose advanced protocol and cryptographic failures,error,fail,0,1,0.812,20260916_072020,62.0
cybersecurity_agent_hermes_openclaw_20260916,cybersecurity,cybersecurity-agent-v1,hermes,qwen3:8b,500a1f067a9f782620b40bee6f7b0c89e17ae61f686b92c24933e4ca4b2b8b41,cyber_api_bola_remediation,Remediate broken object-level authorization,error,fail,0,1,0.798,20260916_072020,56.0
cybersecurity_agent_hermes_openclaw_20260916,cybersecurity,cybersecurity-agent-v1,hermes,qwen3:8b,500a1f067a9f782620b40bee6f7b0c89e17ae61f686b92c24933e4ca4b2b8b41,cyber_appsec_code_review,Perform a CWE-grounded application security review,error,fail,0,1,0.712,20260916_072020,
cybersecurity_agent_hermes_openclaw_20260916,cybersecurity,cybersecurity-agent-v1,hermes,qwen3:8b,500a1f067a9f782620b40bee6f7b0c89e17ae61f686b92c24933e4ca4b2b8b41,cyber_appsec_secure_patch,Patch an injection-prone local utility,error,fail,0,1,0.759,20260916_072020,56.0
cybersecurity_agent_hermes_openclaw_20260916,cybersecurity,cybersecurity-agent-v1,hermes,qwen3:8b,500a1f067a9f782620b40bee6f7b0c89e17ae61f686b92c24933e4ca4b2b8b41,cyber_chronicle_yaral_detection,Write a Google SecOps YARA-L 2.0 correlation rule,error,fail,0,1,0.749,20260916_072020,57.0
cybersecurity_agent_hermes_openclaw_20260916,cybersecurity,cybersecurity-agent-v1,hermes,qwen3:8b,500a1f067a9f782620b40bee6f7b0c89e17ae61f686b92c24933e4ca4b2b8b41,cyber_cloud_kubernetes_hardening,Harden cloud IAM and a Kubernetes workload,error,fail,0,1,0.718,20260916_072020,54.0
cybersecurity_agent_hermes_openclaw_20260916,cybersecurity,cybersecurity-agent-v1,hermes,qwen3:8b,500a1f067a9f782620b40bee6f7b0c89e17ae61f686b92c24933e4ca4b2b8b41,cyber_ctf_multidiscipline,Solve a compact multidisciplinary CTF set,error,fail,0,1,0.732,20260916_072020,
cybersecurity_agent_hermes_openclaw_20260916,cybersecurity,cybersecurity-agent-v1,hermes,qwen3:8b,500a1f067a9f782620b40bee6f7b0c89e17ae61f686b92c24933e4ca4b2b8b41,cyber_cti_attack_mapping,Map observed behaviors to MITRE ATT&CK,error,fail,0,1,0.777,20260916_072020,60.0
cybersecurity_agent_hermes_openclaw_20260916,cybersecurity,cybersecurity-agent-v1,hermes,qwen3:8b,500a1f067a9f782620b40bee6f7b0c89e17ae61f686b92c24933e4ca4b2b8b41,cyber_elastic_esql_detection,Write an Elastic ES|QL behavioral detection,error,fail,0,1,0.714,20260916_072020,57.0
cybersecurity_agent_hermes_openclaw_20260916,cybersecurity,cybersecurity-agent-v1,hermes,qwen3:8b,500a1f067a9f782620b40bee6f7b0c89e17ae61f686b92c24933e4ca4b2b8b41,cyber_exploit_crash_analysis,Analyze exploitability of a synthetic native crash,error,fail,0,1,0.803,20260916_072020,56.0
cybersecurity_agent_hermes_openclaw_20260916,cybersecurity,cybersecurity-agent-v1,hermes,qwen3:8b,500a1f067a9f782620b40bee6f7b0c89e17ae61f686b92c24933e4ca4b2b8b41,cyber_exploit_toy_poc,Build a constrained proof of concept for a toy service,error,fail,0,1,0.835,20260916_072020,56.0
cybersecurity_agent_hermes_openclaw_20260916,cybersecurity,cybersecurity-agent-v1,hermes,qwen3:8b,500a1f067a9f782620b40bee6f7b0c89e17ae61f686b92c24933e4ca4b2b8b41,cyber_foundations_architecture,Reason about a segmented enterprise architecture,error,fail,0,1,0.792,20260916_072020,
cybersecurity_agent_hermes_openclaw_20260916,cybersecurity,cybersecurity-agent-v1,hermes,qwen3:8b,500a1f067a9f782620b40bee6f7b0c89e17ae61f686b92c24933e4ca4b2b8b41,cyber_governance_risk_prioritization,Prioritize cyber risk and response outcomes,error,fail,0,1,0.741,20260916_072020,62.0
cybersecurity_agent_hermes_openclaw_20260916,cybersecurity,cybersecurity-agent-v1,hermes,qwen3:8b,500a1f067a9f782620b40bee6f7b0c89e17ae61f686b92c24933e4ca4b2b8b41,cyber_incident_timeline,Reconstruct an incident timeline and response plan,error,fail,0,1,0.827,20260916_072020,
cybersecurity_agent_hermes_openclaw_20260916,cybersecurity,cybersecurity-agent-v1,hermes,qwen3:8b,500a1f067a9f782620b40bee6f7b0c89e17ae61f686b92c24933e4ca4b2b8b41,cyber_llm_prompt_injection,Harden an agent against indirect prompt injection,error,fail,0,1,0.753,20260916_072020,
cybersecurity_agent_hermes_openclaw_20260916,cybersecurity,cybersecurity-agent-v1,hermes,qwen3:8b,500a1f067a9f782620b40bee6f7b0c89e17ae61f686b92c24933e4ca4b2b8b41,cyber_llm_tool_rag_security,Secure tool use and RAG against poisoning and exfiltration,error,fail,0,1,0.752,20260916_072020,55.0
cybersecurity_agent_hermes_openclaw_20260916,cybersecurity,cybersecurity-agent-v1,hermes,qwen3:8b,500a1f067a9f782620b40bee6f7b0c89e17ae61f686b92c24933e4ca4b2b8b41,cyber_malware_static_analysis,Classify a harmless synthetic malware specimen,error,fail,0,1,0.813,20260916_072020,58.0
cybersecurity_agent_hermes_openclaw_20260916,cybersecurity,cybersecurity-agent-v1,hermes,qwen3:8b,500a1f067a9f782620b40bee6f7b0c89e17ae61f686b92c24933e4ca4b2b8b41,cyber_pentest_attack_path,Plan and validate an authorized lab attack path,error,fail,0,1,0.76,20260916_072020,55.0
cybersecurity_agent_hermes_openclaw_20260916,cybersecurity,cybersecurity-agent-v1,hermes,qwen3:8b,500a1f067a9f782620b40bee6f7b0c89e17ae61f686b92c24933e4ca4b2b8b41,cyber_sentinel_kql_detection,Write a Microsoft Sentinel KQL analytic,error,fail,0,1,0.756,20260916_072020,57.0
cybersecurity_agent_hermes_openclaw_20260916,cybersecurity,cybersecurity-agent-v1,hermes,qwen3:8b,500a1f067a9f782620b40bee6f7b0c89e17ae61f686b92c24933e4ca4b2b8b41,cyber_sigma_detection,Author a portable Sigma detection,error,fail,0,1,0.785,20260916_072020,58.0
cybersecurity_agent_hermes_openclaw_20260916,cybersecurity,cybersecurity-agent-v1,hermes,qwen3:8b,500a1f067a9f782620b40bee6f7b0c89e17ae61f686b92c24933e4ca4b2b8b41,cyber_soc_alert_triage,Triage a noisy alert bundle,error,fail,0,1,0.692,20260916_072020,59.0
cybersecurity_agent_hermes_openclaw_20260916,cybersecurity,cybersecurity-agent-v1,hermes,qwen3:8b,500a1f067a9f782620b40bee6f7b0c89e17ae61f686b92c24933e4ca4b2b8b41,cyber_spl_detection,Write a Splunk SPL detection and triage query,error,fail,0,1,0.813,20260916_072020,58.0
cybersecurity_agent_hermes_openclaw_20260916,cybersecurity,cybersecurity-agent-v1,hermes,qwen3:8b,500a1f067a9f782620b40bee6f7b0c89e17ae61f686b92c24933e4ca4b2b8b41,cyber_threat_report_synthesis,Synthesize actionable intelligence from mixed-confidence reporting,error,fail,0,1,0.871,20260916_072020,59.0
cybersecurity_agent_hermes_openclaw_20260916,cybersecurity,cybersecurity-agent-v1,hermes,qwen3:8b,500a1f067a9f782620b40bee6f7b0c89e17ae61f686b92c24933e4ca4b2b8b41,cyber_vulnerability_cvss_triage,Triage vulnerabilities using CVSS v4 and exposure context,error,fail,0,1,0.773,20260916_072020,60.0
cybersecurity_agent_hermes_openclaw_20260916,cybersecurity,cybersecurity-agent-v1,openclaw,deepseek-r1:32b-qwen-distill-q8_0,b177522350a4e9ddae851d8e6f3b54f9925de51357404047831a67e41dbaf343,cyber_advanced_protocol_reasoning,Diagnose advanced protocol and cryptographic failures,ok,fail,0,1,148.62,20260917_125913,72.0
cybersecurity_agent_hermes_openclaw_20260916,cybersecurity,cybersecurity-agent-v1,openclaw,deepseek-r1:32b-qwen-distill-q8_0,b177522350a4e9ddae851d8e6f3b54f9925de51357404047831a67e41dbaf343,cyber_api_bola_remediation,Remediate broken object-level authorization,ok,fail,0,1,143.274,20260917_125913,74.0
cybersecurity_agent_hermes_openclaw_20260916,cybersecurity,cybersecurity-agent-v1,openclaw,deepseek-r1:32b-qwen-distill-q8_0,b177522350a4e9ddae851d8e6f3b54f9925de51357404047831a67e41dbaf343,cyber_appsec_code_review,Perform a CWE-grounded application security review,ok,fail,0,1,314.683,20260917_125913,74.0
cybersecurity_agent_hermes_openclaw_20260916,cybersecurity,cybersecurity-agent-v1,openclaw,deepseek-r1:32b-qwen-distill-q8_0,b177522350a4e9ddae851d8e6f3b54f9925de51357404047831a67e41dbaf343,cyber_appsec_secure_patch,Patch an injection-prone local utility,ok,fail,0,1,122.035,20260917_125913,74.0
cybersecurity_agent_hermes_openclaw_20260916,cybersecurity,cybersecurity-agent-v1,openclaw,deepseek-r1:32b-qwen-distill-q8_0,b177522350a4e9ddae851d8e6f3b54f9925de51357404047831a67e41dbaf343,cyber_chronicle_yaral_detection,Write a Google SecOps YARA-L 2.0 correlation rule,ok,fail,0,1,214.441,20260917_125913,74.0
cybersecurity_agent_hermes_openclaw_20260916,cybersecurity,cybersecurity-agent-v1,openclaw,deepseek-r1:32b-qwen-distill-q8_0,b177522350a4e9ddae851d8e6f3b54f9925de51357404047831a67e41dbaf343,cyber_cloud_kubernetes_hardening,Harden cloud IAM and a Kubernetes workload,ok,fail,0,1,319.723,20260917_125913,74.0
cybersecurity_agent_hermes_openclaw_20260916,cybersecurity,cybersecurity-agent-v1,openclaw,deepseek-r1:32b-qwen-distill-q8_0,b177522350a4e9ddae851d8e6f3b54f9925de51357404047831a67e41dbaf343,cyber_ctf_multidiscipline,Solve a compact multidisciplinary CTF set,ok,fail,0,1,213.992,20260917_125913,73.0
cybersecurity_agent_hermes_openclaw_20260916,cybersecurity,cybersecurity-agent-v1,openclaw,deepseek-r1:32b-qwen-distill-q8_0,b177522350a4e9ddae851d8e6f3b54f9925de51357404047831a67e41dbaf343,cyber_cti_attack_mapping,Map observed behaviors to MITRE ATT&CK,ok,fail,0,1,168.157,20260917_125913,73.0
cybersecurity_agent_hermes_openclaw_20260916,cybersecurity,cybersecurity-agent-v1,openclaw,deepseek-r1:32b-qwen-distill-q8_0,b177522350a4e9ddae851d8e6f3b54f9925de51357404047831a67e41dbaf343,cyber_elastic_esql_detection,Write an Elastic ES|QL behavioral detection,ok,fail,0,1,151.529,20260917_125913,74.0
cybersecurity_agent_hermes_openclaw_20260916,cybersecurity,cybersecurity-agent-v1,openclaw,deepseek-r1:32b-qwen-distill-q8_0,b177522350a4e9ddae851d8e6f3b54f9925de51357404047831a67e41dbaf343,cyber_exploit_crash_analysis,Analyze exploitability of a synthetic native crash,ok,fail,0,1,214.288,20260917_125913,73.0
cybersecurity_agent_hermes_openclaw_20260916,cybersecurity,cybersecurity-agent-v1,openclaw,deepseek-r1:32b-qwen-distill-q8_0,b177522350a4e9ddae851d8e6f3b54f9925de51357404047831a67e41dbaf343,cyber_exploit_toy_poc,Build a constrained proof of concept for a toy service,ok,fail,0,1,236.232,20260917_125913,74.0
cybersecurity_agent_hermes_openclaw_20260916,cybersecurity,cybersecurity-agent-v1,openclaw,deepseek-r1:32b-qwen-distill-q8_0,b177522350a4e9ddae851d8e6f3b54f9925de51357404047831a67e41dbaf343,cyber_foundations_architecture,Reason about a segmented enterprise architecture,ok,fail,0,1,110.276,20260917_125913,71.0
cybersecurity_agent_hermes_openclaw_20260916,cybersecurity,cybersecurity-agent-v1,openclaw,deepseek-r1:32b-qwen-distill-q8_0,b177522350a4e9ddae851d8e6f3b54f9925de51357404047831a67e41dbaf343,cyber_governance_risk_prioritization,Prioritize cyber risk and response outcomes,ok,fail,0,1,180.491,20260917_125913,73.0
cybersecurity_agent_hermes_openclaw_20260916,cybersecurity,cybersecurity-agent-v1,openclaw,deepseek-r1:32b-qwen-distill-q8_0,b177522350a4e9ddae851d8e6f3b54f9925de51357404047831a67e41dbaf343,cyber_incident_timeline,Reconstruct an incident timeline and response plan,ok,fail,0,1,179.101,20260917_125913,74.0
cybersecurity_agent_hermes_openclaw_20260916,cybersecurity,cybersecurity-agent-v1,openclaw,deepseek-r1:32b-qwen-distill-q8_0,b177522350a4e9ddae851d8e6f3b54f9925de51357404047831a67e41dbaf343,cyber_llm_prompt_injection,Harden an agent against indirect prompt injection,ok,fail,0,1,179.804,20260917_125913,73.0
cybersecurity_agent_hermes_openclaw_20260916,cybersecurity,cybersecurity-agent-v1,openclaw,deepseek-r1:32b-qwen-distill-q8_0,b177522350a4e9ddae851d8e6f3b54f9925de51357404047831a67e41dbaf343,cyber_llm_tool_rag_security,Secure tool use and RAG against poisoning and exfiltration,ok,fail,0,1,141.128,20260917_125913,74.0
cybersecurity_agent_hermes_openclaw_20260916,cybersecurity,cybersecurity-agent-v1,openclaw,deepseek-r1:32b-qwen-distill-q8_0,b177522350a4e9ddae851d8e6f3b54f9925de51357404047831a67e41dbaf343,cyber_malware_static_analysis,Classify a harmless synthetic malware specimen,ok,fail,0,1,100.175,20260917_125913,73.0
cybersecurity_agent_hermes_openclaw_20260916,cybersecurity,cybersecurity-agent-v1,openclaw,deepseek-r1:32b-qwen-distill-q8_0,b177522350a4e9ddae851d8e6f3b54f9925de51357404047831a67e41dbaf343,cyber_pentest_attack_path,Plan and validate an authorized lab attack path,ok,fail,0,1,230.307,20260917_125913,74.0
cybersecurity_agent_hermes_openclaw_20260916,cybersecurity,cybersecurity-agent-v1,openclaw,deepseek-r1:32b-qwen-distill-q8_0,b177522350a4e9ddae851d8e6f3b54f9925de51357404047831a67e41dbaf343,cyber_sentinel_kql_detection,Write a Microsoft Sentinel KQL analytic,ok,fail,0,1,140.682,20260917_125913,74.0
cybersecurity_agent_hermes_openclaw_20260916,cybersecurity,cybersecurity-agent-v1,openclaw,deepseek-r1:32b-qwen-distill-q8_0,b177522350a4e9ddae851d8e6f3b54f9925de51357404047831a67e41dbaf343,cyber_sigma_detection,Author a portable Sigma detection,ok,fail,0,1,172.994,20260917_125913,73.0
cybersecurity_agent_hermes_openclaw_20260916,cybersecurity,cybersecurity-agent-v1,openclaw,deepseek-r1:32b-qwen-distill-q8_0,b177522350a4e9ddae851d8e6f3b54f9925de51357404047831a67e41dbaf343,cyber_soc_alert_triage,Triage a noisy alert bundle,ok,fail,0,1,243.613,20260917_125913,73.0
cybersecurity_agent_hermes_openclaw_20260916,cybersecurity,cybersecurity-agent-v1,openclaw,deepseek-r1:32b-qwen-distill-q8_0,b177522350a4e9ddae851d8e6f3b54f9925de51357404047831a67e41dbaf343,cyber_spl_detection,Write a Splunk SPL detection and triage query,ok,fail,0,1,193.905,20260917_125913,73.0
cybersecurity_agent_hermes_openclaw_20260916,cybersecurity,cybersecurity-agent-v1,openclaw,deepseek-r1:32b-qwen-distill-q8_0,b177522350a4e9ddae851d8e6f3b54f9925de51357404047831a67e41dbaf343,cyber_threat_report_synthesis,Synthesize actionable intelligence from mixed-confidence reporting,ok,fail,0,1,124.178,20260917_125913,75.0
cybersecurity_agent_hermes_openclaw_20260916,cybersecurity,cybersecurity-agent-v1,openclaw,deepseek-r1:32b-qwen-distill-q8_0,b177522350a4e9ddae851d8e6f3b54f9925de51357404047831a67e41dbaf343,cyber_vulnerability_cvss_triage,Triage vulnerabilities using CVSS v4 and exposure context,ok,fail,0,1,129.588,20260917_125913,75.0
cybersecurity_agent_hermes_openclaw_20260916,cybersecurity,cybersecurity-agent-v1,openclaw,devstral-small-2:24b,24277f07f62db8f9cb68e9dfc679ea1818a7fbac47a50eff0a701d3f645b63c8,cyber_advanced_protocol_reasoning,Diagnose advanced protocol and cryptographic failures,ok,fail,2,5,64.617,20260917_125913,73.0
cybersecurity_agent_hermes_openclaw_20260916,cybersecurity,cybersecurity-agent-v1,openclaw,devstral-small-2:24b,24277f07f62db8f9cb68e9dfc679ea1818a7fbac47a50eff0a701d3f645b63c8,cyber_api_bola_remediation,Remediate broken object-level authorization,ok,fail,6,7,198.25,20260917_125913,76.0
cybersecurity_agent_hermes_openclaw_20260916,cybersecurity,cybersecurity-agent-v1,openclaw,devstral-small-2:24b,24277f07f62db8f9cb68e9dfc679ea1818a7fbac47a50eff0a701d3f645b63c8,cyber_appsec_code_review,Perform a CWE-grounded application security review,ok,fail,6,7,68.678,20260917_125913,76.0
cybersecurity_agent_hermes_openclaw_20260916,cybersecurity,cybersecurity-agent-v1,openclaw,devstral-small-2:24b,24277f07f62db8f9cb68e9dfc679ea1818a7fbac47a50eff0a701d3f645b63c8,cyber_appsec_secure_patch,Patch an injection-prone local utility,ok,fail,5,7,433.953,20260917_125913,77.0
cybersecurity_agent_hermes_openclaw_20260916,cybersecurity,cybersecurity-agent-v1,openclaw,devstral-small-2:24b,24277f07f62db8f9cb68e9dfc679ea1818a7fbac47a50eff0a701d3f645b63c8,cyber_chronicle_yaral_detection,Write a Google SecOps YARA-L 2.0 correlation rule,ok,fail,7,13,105.667,20260917_125913,75.0
cybersecurity_agent_hermes_openclaw_20260916,cybersecurity,cybersecurity-agent-v1,openclaw,devstral-small-2:24b,24277f07f62db8f9cb68e9dfc679ea1818a7fbac47a50eff0a701d3f645b63c8,cyber_cloud_kubernetes_hardening,Harden cloud IAM and a Kubernetes workload,ok,fail,11,13,86.845,20260917_125913,76.0
cybersecurity_agent_hermes_openclaw_20260916,cybersecurity,cybersecurity-agent-v1,openclaw,devstral-small-2:24b,24277f07f62db8f9cb68e9dfc679ea1818a7fbac47a50eff0a701d3f645b63c8,cyber_ctf_multidiscipline,Solve a compact multidisciplinary CTF set,timeout,fail,0,1,7201.343,20260917_125913,79.0
cybersecurity_agent_hermes_openclaw_20260916,cybersecurity,cybersecurity-agent-v1,openclaw,devstral-small-2:24b,24277f07f62db8f9cb68e9dfc679ea1818a7fbac47a50eff0a701d3f645b63c8,cyber_cti_attack_mapping,Map observed behaviors to MITRE ATT&CK,ok,fail,3,5,56.811,20260917_125913,76.0
cybersecurity_agent_hermes_openclaw_20260916,cybersecurity,cybersecurity-agent-v1,openclaw,devstral-small-2:24b,24277f07f62db8f9cb68e9dfc679ea1818a7fbac47a50eff0a701d3f645b63c8,cyber_elastic_esql_detection,Write an Elastic ES|QL behavioral detection,ok,fail,9,11,61.407,20260917_125913,78.0
cybersecurity_agent_hermes_openclaw_20260916,cybersecurity,cybersecurity-agent-v1,openclaw,devstral-small-2:24b,24277f07f62db8f9cb68e9dfc679ea1818a7fbac47a50eff0a701d3f645b63c8,cyber_exploit_crash_analysis,Analyze exploitability of a synthetic native crash,ok,fail,5,6,69.546,20260917_125913,79.0
cybersecurity_agent_hermes_openclaw_20260916,cybersecurity,cybersecurity-agent-v1,openclaw,devstral-small-2:24b,24277f07f62db8f9cb68e9dfc679ea1818a7fbac47a50eff0a701d3f645b63c8,cyber_exploit_toy_poc,Build a constrained proof of concept for a toy service,ok,fail,0,1,137.071,20260917_125913,77.0
cybersecurity_agent_hermes_openclaw_20260916,cybersecurity,cybersecurity-agent-v1,openclaw,devstral-small-2:24b,24277f07f62db8f9cb68e9dfc679ea1818a7fbac47a50eff0a701d3f645b63c8,cyber_foundations_architecture,Reason about a segmented enterprise architecture,ok,fail,1,4,55.545,20260917_125913,71.0
cybersecurity_agent_hermes_openclaw_20260916,cybersecurity,cybersecurity-agent-v1,openclaw,devstral-small-2:24b,24277f07f62db8f9cb68e9dfc679ea1818a7fbac47a50eff0a701d3f645b63c8,cyber_governance_risk_prioritization,Prioritize cyber risk and response outcomes,ok,fail,5,7,58.173,20260917_125913,76.0
cybersecurity_agent_hermes_openclaw_20260916,cybersecurity,cybersecurity-agent-v1,openclaw,devstral-small-2:24b,24277f07f62db8f9cb68e9dfc679ea1818a7fbac47a50eff0a701d3f645b63c8,cyber_incident_timeline,Reconstruct an incident timeline and response plan,ok,fail,7,8,65.488,20260917_125913,75.0
cybersecurity_agent_hermes_openclaw_20260916,cybersecurity,cybersecurity-agent-v1,openclaw,devstral-small-2:24b,24277f07f62db8f9cb68e9dfc679ea1818a7fbac47a50eff0a701d3f645b63c8,cyber_llm_prompt_injection,Harden an agent against indirect prompt injection,ok,fail,2,7,144.143,20260917_125913,83.0
cybersecurity_agent_hermes_openclaw_20260916,cybersecurity,cybersecurity-agent-v1,openclaw,devstral-small-2:24b,24277f07f62db8f9cb68e9dfc679ea1818a7fbac47a50eff0a701d3f645b63c8,cyber_llm_tool_rag_security,Secure tool use and RAG against poisoning and exfiltration,ok,fail,7,8,69.07,20260917_125913,77.0
cybersecurity_agent_hermes_openclaw_20260916,cybersecurity,cybersecurity-agent-v1,openclaw,devstral-small-2:24b,24277f07f62db8f9cb68e9dfc679ea1818a7fbac47a50eff0a701d3f645b63c8,cyber_malware_static_analysis,Classify a harmless synthetic malware specimen,ok,fail,5,6,75.654,20260917_125913,76.0
cybersecurity_agent_hermes_openclaw_20260916,cybersecurity,cybersecurity-agent-v1,openclaw,devstral-small-2:24b,24277f07f62db8f9cb68e9dfc679ea1818a7fbac47a50eff0a701d3f645b63c8,cyber_pentest_attack_path,Plan and validate an authorized lab attack path,ok,pass,6,6,62.789,20260917_125913,80.0
cybersecurity_agent_hermes_openclaw_20260916,cybersecurity,cybersecurity-agent-v1,openclaw,devstral-small-2:24b,24277f07f62db8f9cb68e9dfc679ea1818a7fbac47a50eff0a701d3f645b63c8,cyber_sentinel_kql_detection,Write a Microsoft Sentinel KQL analytic,ok,fail,8,10,71.017,20260917_125913,78.0
cybersecurity_agent_hermes_openclaw_20260916,cybersecurity,cybersecurity-agent-v1,openclaw,devstral-small-2:24b,24277f07f62db8f9cb68e9dfc679ea1818a7fbac47a50eff0a701d3f645b63c8,cyber_sigma_detection,Author a portable Sigma detection,ok,fail,8,10,68.939,20260917_125913,77.0
cybersecurity_agent_hermes_openclaw_20260916,cybersecurity,cybersecurity-agent-v1,openclaw,devstral-small-2:24b,24277f07f62db8f9cb68e9dfc679ea1818a7fbac47a50eff0a701d3f645b63c8,cyber_soc_alert_triage,Triage a noisy alert bundle,ok,pass,6,6,54.323,20260917_125913,76.0
cybersecurity_agent_hermes_openclaw_20260916,cybersecurity,cybersecurity-agent-v1,openclaw,devstral-small-2:24b,24277f07f62db8f9cb68e9dfc679ea1818a7fbac47a50eff0a701d3f645b63c8,cyber_spl_detection,Write a Splunk SPL detection and triage query,ok,fail,7,9,129.834,20260917_125913,77.0
cybersecurity_agent_hermes_openclaw_20260916,cybersecurity,cybersecurity-agent-v1,openclaw,devstral-small-2:24b,24277f07f62db8f9cb68e9dfc679ea1818a7fbac47a50eff0a701d3f645b63c8,cyber_threat_report_synthesis,Synthesize actionable intelligence from mixed-confidence reporting,ok,fail,6,8,57.547,20260917_125913,75.0
cybersecurity_agent_hermes_openclaw_20260916,cybersecurity,cybersecurity-agent-v1,openclaw,devstral-small-2:24b,24277f07f62db8f9cb68e9dfc679ea1818a7fbac47a50eff0a701d3f645b63c8,cyber_vulnerability_cvss_triage,Triage vulnerabilities using CVSS v4 and exposure context,ok,fail,3,6,88.294,20260917_125913,76.0
cybersecurity_agent_hermes_openclaw_20260916,cybersecurity,cybersecurity-agent-v1,openclaw,devstral:24b,9bd74193e93935e9d8564d88607b220a9d341c4a36b748cffcbd9ad4f47a9ca9,cyber_advanced_protocol_reasoning,Diagnose advanced protocol and cryptographic failures,ok,fail,0,1,32.613,20260917_125913,78.0
cybersecurity_agent_hermes_openclaw_20260916,cybersecurity,cybersecurity-agent-v1,openclaw,devstral:24b,9bd74193e93935e9d8564d88607b220a9d341c4a36b748cffcbd9ad4f47a9ca9,cyber_api_bola_remediation,Remediate broken object-level authorization,ok,fail,0,1,31.705,20260917_125913,79.0
cybersecurity_agent_hermes_openclaw_20260916,cybersecurity,cybersecurity-agent-v1,openclaw,devstral:24b,9bd74193e93935e9d8564d88607b220a9d341c4a36b748cffcbd9ad4f47a9ca9,cyber_appsec_code_review,Perform a CWE-grounded application security review,ok,fail,0,1,31.868,20260917_125913,79.0
cybersecurity_agent_hermes_openclaw_20260916,cybersecurity,cybersecurity-agent-v1,openclaw,devstral:24b,9bd74193e93935e9d8564d88607b220a9d341c4a36b748cffcbd9ad4f47a9ca9,cyber_appsec_secure_patch,Patch an injection-prone local utility,ok,fail,0,1,45.729,20260917_125913,78.0
cybersecurity_agent_hermes_openclaw_20260916,cybersecurity,cybersecurity-agent-v1,openclaw,devstral:24b,9bd74193e93935e9d8564d88607b220a9d341c4a36b748cffcbd9ad4f47a9ca9,cyber_chronicle_yaral_detection,Write a Google SecOps YARA-L 2.0 correlation rule,ok,fail,9,13,66.115,20260917_125913,79.0
cybersecurity_agent_hermes_openclaw_20260916,cybersecurity,cybersecurity-agent-v1,openclaw,devstral:24b,9bd74193e93935e9d8564d88607b220a9d341c4a36b748cffcbd9ad4f47a9ca9,cyber_cloud_kubernetes_hardening,Harden cloud IAM and a Kubernetes workload,ok,fail,0,1,21.512,20260917_125913,78.0
cybersecurity_agent_hermes_openclaw_20260916,cybersecurity,cybersecurity-agent-v1,openclaw,devstral:24b,9bd74193e93935e9d8564d88607b220a9d341c4a36b748cffcbd9ad4f47a9ca9,cyber_ctf_multidiscipline,Solve a compact multidisciplinary CTF set,ok,fail,0,1,104.201,20260917_125913,78.0
cybersecurity_agent_hermes_openclaw_20260916,cybersecurity,cybersecurity-agent-v1,openclaw,devstral:24b,9bd74193e93935e9d8564d88607b220a9d341c4a36b748cffcbd9ad4f47a9ca9,cyber_cti_attack_mapping,Map observed behaviors to MITRE ATT&CK,ok,fail,0,1,21.912,20260917_125913,78.0
cybersecurity_agent_hermes_openclaw_20260916,cybersecurity,cybersecurity-agent-v1,openclaw,devstral:24b,9bd74193e93935e9d8564d88607b220a9d341c4a36b748cffcbd9ad4f47a9ca9,cyber_elastic_esql_detection,Write an Elastic ES|QL behavioral detection,ok,fail,0,1,42.385,20260917_125913,77.0
cybersecurity_agent_hermes_openclaw_20260916,cybersecurity,cybersecurity-agent-v1,openclaw,devstral:24b,9bd74193e93935e9d8564d88607b220a9d341c4a36b748cffcbd9ad4f47a9ca9,cyber_exploit_crash_analysis,Analyze exploitability of a synthetic native crash,ok,fail,0,1,32.605,20260917_125913,79.0
cybersecurity_agent_hermes_openclaw_20260916,cybersecurity,cybersecurity-agent-v1,openclaw,devstral:24b,9bd74193e93935e9d8564d88607b220a9d341c4a36b748cffcbd9ad4f47a9ca9,cyber_exploit_toy_poc,Build a constrained proof of concept for a toy service,ok,fail,0,1,40.7,20260917_125913,78.0
cybersecurity_agent_hermes_openclaw_20260916,cybersecurity,cybersecurity-agent-v1,openclaw,devstral:24b,9bd74193e93935e9d8564d88607b220a9d341c4a36b748cffcbd9ad4f47a9ca9,cyber_foundations_architecture,Reason about a segmented enterprise architecture,ok,fail,0,1,32.76,20260917_125913,76.0
cybersecurity_agent_hermes_openclaw_20260916,cybersecurity,cybersecurity-agent-v1,openclaw,devstral:24b,9bd74193e93935e9d8564d88607b220a9d341c4a36b748cffcbd9ad4f47a9ca9,cyber_governance_risk_prioritization,Prioritize cyber risk and response outcomes,ok,fail,4,7,66.233,20260917_125913,77.0
cybersecurity_agent_hermes_openclaw_20260916,cybersecurity,cybersecurity-agent-v1,openclaw,devstral:24b,9bd74193e93935e9d8564d88607b220a9d341c4a36b748cffcbd9ad4f47a9ca9,cyber_incident_timeline,Reconstruct an incident timeline and response plan,ok,fail,0,1,24.881,20260917_125913,77.0
cybersecurity_agent_hermes_openclaw_20260916,cybersecurity,cybersecurity-agent-v1,openclaw,devstral:24b,9bd74193e93935e9d8564d88607b220a9d341c4a36b748cffcbd9ad4f47a9ca9,cyber_llm_prompt_injection,Harden an agent against indirect prompt injection,ok,fail,0,1,28.091,20260917_125913,79.0
cybersecurity_agent_hermes_openclaw_20260916,cybersecurity,cybersecurity-agent-v1,openclaw,devstral:24b,9bd74193e93935e9d8564d88607b220a9d341c4a36b748cffcbd9ad4f47a9ca9,cyber_llm_tool_rag_security,Secure tool use and RAG against poisoning and exfiltration,ok,fail,0,1,27.583,20260917_125913,79.0
cybersecurity_agent_hermes_openclaw_20260916,cybersecurity,cybersecurity-agent-v1,openclaw,devstral:24b,9bd74193e93935e9d8564d88607b220a9d341c4a36b748cffcbd9ad4f47a9ca9,cyber_malware_static_analysis,Classify a harmless synthetic malware specimen,ok,fail,0,1,32.278,20260917_125913,78.0
cybersecurity_agent_hermes_openclaw_20260916,cybersecurity,cybersecurity-agent-v1,openclaw,devstral:24b,9bd74193e93935e9d8564d88607b220a9d341c4a36b748cffcbd9ad4f47a9ca9,cyber_pentest_attack_path,Plan and validate an authorized lab attack path,ok,fail,0,1,29.694,20260917_125913,78.0
cybersecurity_agent_hermes_openclaw_20260916,cybersecurity,cybersecurity-agent-v1,openclaw,devstral:24b,9bd74193e93935e9d8564d88607b220a9d341c4a36b748cffcbd9ad4f47a9ca9,cyber_sentinel_kql_detection,Write a Microsoft Sentinel KQL analytic,ok,fail,9,10,131.21,20260917_125913,79.0
cybersecurity_agent_hermes_openclaw_20260916,cybersecurity,cybersecurity-agent-v1,openclaw,devstral:24b,9bd74193e93935e9d8564d88607b220a9d341c4a36b748cffcbd9ad4f47a9ca9,cyber_sigma_detection,Author a portable Sigma detection,ok,fail,6,10,77.093,20260917_125913,77.0
cybersecurity_agent_hermes_openclaw_20260916,cybersecurity,cybersecurity-agent-v1,openclaw,devstral:24b,9bd74193e93935e9d8564d88607b220a9d341c4a36b748cffcbd9ad4f47a9ca9,cyber_soc_alert_triage,Triage a noisy alert bundle,ok,fail,0,1,32.45,20260917_125913,78.0
cybersecurity_agent_hermes_openclaw_20260916,cybersecurity,cybersecurity-agent-v1,openclaw,devstral:24b,9bd74193e93935e9d8564d88607b220a9d341c4a36b748cffcbd9ad4f47a9ca9,cyber_spl_detection,Write a Splunk SPL detection and triage query,ok,fail,0,1,41.043,20260917_125913,79.0
cybersecurity_agent_hermes_openclaw_20260916,cybersecurity,cybersecurity-agent-v1,openclaw,devstral:24b,9bd74193e93935e9d8564d88607b220a9d341c4a36b748cffcbd9ad4f47a9ca9,cyber_threat_report_synthesis,Synthesize actionable intelligence from mixed-confidence reporting,ok,fail,0,1,32.428,20260917_125913,77.0
cybersecurity_agent_hermes_openclaw_20260916,cybersecurity,cybersecurity-agent-v1,openclaw,devstral:24b,9bd74193e93935e9d8564d88607b220a9d341c4a36b748cffcbd9ad4f47a9ca9,cyber_vulnerability_cvss_triage,Triage vulnerabilities using CVSS v4 and exposure context,ok,fail,0,1,33.437,20260917_125913,77.0
cybersecurity_agent_hermes_openclaw_20260916,cybersecurity,cybersecurity-agent-v1,openclaw,gemma4:31b,6316f0629137b426c9d9b853ffc4c8209589f30ee39aebede6285096c0ff47e7,cyber_advanced_protocol_reasoning,Diagnose advanced protocol and cryptographic failures,ok,fail,1,5,236.481,20260917_125913,79.0
cybersecurity_agent_hermes_openclaw_20260916,cybersecurity,cybersecurity-agent-v1,openclaw,gemma4:31b,6316f0629137b426c9d9b853ffc4c8209589f30ee39aebede6285096c0ff47e7,cyber_api_bola_remediation,Remediate broken object-level authorization,ok,fail,6,7,548.044,20260917_125913,79.0
cybersecurity_agent_hermes_openclaw_20260916,cybersecurity,cybersecurity-agent-v1,openclaw,gemma4:31b,6316f0629137b426c9d9b853ffc4c8209589f30ee39aebede6285096c0ff47e7,cyber_appsec_code_review,Perform a CWE-grounded application security review,ok,pass,7,7,222.612,20260917_125913,78.0
cybersecurity_agent_hermes_openclaw_20260916,cybersecurity,cybersecurity-agent-v1,openclaw,gemma4:31b,6316f0629137b426c9d9b853ffc4c8209589f30ee39aebede6285096c0ff47e7,cyber_appsec_secure_patch,Patch an injection-prone local utility,ok,fail,5,7,575.344,20260917_125913,79.0
cybersecurity_agent_hermes_openclaw_20260916,cybersecurity,cybersecurity-agent-v1,openclaw,gemma4:31b,6316f0629137b426c9d9b853ffc4c8209589f30ee39aebede6285096c0ff47e7,cyber_chronicle_yaral_detection,Write a Google SecOps YARA-L 2.0 correlation rule,ok,pass,13,13,206.532,20260917_125913,79.0
cybersecurity_agent_hermes_openclaw_20260916,cybersecurity,cybersecurity-agent-v1,openclaw,gemma4:31b,6316f0629137b426c9d9b853ffc4c8209589f30ee39aebede6285096c0ff47e7,cyber_cloud_kubernetes_hardening,Harden cloud IAM and a Kubernetes workload,ok,pass,13,13,259.12,20260917_125913,78.0
cybersecurity_agent_hermes_openclaw_20260916,cybersecurity,cybersecurity-agent-v1,openclaw,gemma4:31b,6316f0629137b426c9d9b853ffc4c8209589f30ee39aebede6285096c0ff47e7,cyber_ctf_multidiscipline,Solve a compact multidisciplinary CTF set,ok,pass,6,6,528.59,20260917_125913,79.0
cybersecurity_agent_hermes_openclaw_20260916,cybersecurity,cybersecurity-agent-v1,openclaw,gemma4:31b,6316f0629137b426c9d9b853ffc4c8209589f30ee39aebede6285096c0ff47e7,cyber_cti_attack_mapping,Map observed behaviors to MITRE ATT&CK,ok,fail,4,5,220.666,20260917_125913,79.0
cybersecurity_agent_hermes_openclaw_20260916,cybersecurity,cybersecurity-agent-v1,openclaw,gemma4:31b,6316f0629137b426c9d9b853ffc4c8209589f30ee39aebede6285096c0ff47e7,cyber_elastic_esql_detection,Write an Elastic ES|QL behavioral detection,ok,fail,10,11,221.058,20260917_125913,79.0
cybersecurity_agent_hermes_openclaw_20260916,cybersecurity,cybersecurity-agent-v1,openclaw,gemma4:31b,6316f0629137b426c9d9b853ffc4c8209589f30ee39aebede6285096c0ff47e7,cyber_exploit_crash_analysis,Analyze exploitability of a synthetic native crash,ok,fail,4,6,278.436,20260917_125913,79.0
cybersecurity_agent_hermes_openclaw_20260916,cybersecurity,cybersecurity-agent-v1,openclaw,gemma4:31b,6316f0629137b426c9d9b853ffc4c8209589f30ee39aebede6285096c0ff47e7,cyber_exploit_toy_poc,Build a constrained proof of concept for a toy service,ok,fail,9,11,256.78,20260917_125913,79.0
cybersecurity_agent_hermes_openclaw_20260916,cybersecurity,cybersecurity-agent-v1,openclaw,gemma4:31b,6316f0629137b426c9d9b853ffc4c8209589f30ee39aebede6285096c0ff47e7,cyber_foundations_architecture,Reason about a segmented enterprise architecture,ok,fail,1,4,234.796,20260917_125913,77.0
cybersecurity_agent_hermes_openclaw_20260916,cybersecurity,cybersecurity-agent-v1,openclaw,gemma4:31b,6316f0629137b426c9d9b853ffc4c8209589f30ee39aebede6285096c0ff47e7,cyber_governance_risk_prioritization,Prioritize cyber risk and response outcomes,ok,pass,7,7,220.943,20260917_125913,77.0
cybersecurity_agent_hermes_openclaw_20260916,cybersecurity,cybersecurity-agent-v1,openclaw,gemma4:31b,6316f0629137b426c9d9b853ffc4c8209589f30ee39aebede6285096c0ff47e7,cyber_incident_timeline,Reconstruct an incident timeline and response plan,ok,fail,7,8,230.591,20260917_125913,79.0
cybersecurity_agent_hermes_openclaw_20260916,cybersecurity,cybersecurity-agent-v1,openclaw,gemma4:31b,6316f0629137b426c9d9b853ffc4c8209589f30ee39aebede6285096c0ff47e7,cyber_llm_prompt_injection,Harden an agent against indirect prompt injection,ok,fail,2,7,223.352,20260917_125913,78.0
cybersecurity_agent_hermes_openclaw_20260916,cybersecurity,cybersecurity-agent-v1,openclaw,gemma4:31b,6316f0629137b426c9d9b853ffc4c8209589f30ee39aebede6285096c0ff47e7,cyber_llm_tool_rag_security,Secure tool use and RAG against poisoning and exfiltration,ok,fail,7,8,244.193,20260917_125913,80.0
cybersecurity_agent_hermes_openclaw_20260916,cybersecurity,cybersecurity-agent-v1,openclaw,gemma4:31b,6316f0629137b426c9d9b853ffc4c8209589f30ee39aebede6285096c0ff47e7,cyber_malware_static_analysis,Classify a harmless synthetic malware specimen,ok,pass,6,6,282.488,20260917_125913,79.0
cybersecurity_agent_hermes_openclaw_20260916,cybersecurity,cybersecurity-agent-v1,openclaw,gemma4:31b,6316f0629137b426c9d9b853ffc4c8209589f30ee39aebede6285096c0ff47e7,cyber_pentest_attack_path,Plan and validate an authorized lab attack path,ok,pass,6,6,231.078,20260917_125913,78.0
cybersecurity_agent_hermes_openclaw_20260916,cybersecurity,cybersecurity-agent-v1,openclaw,gemma4:31b,6316f0629137b426c9d9b853ffc4c8209589f30ee39aebede6285096c0ff47e7,cyber_sentinel_kql_detection,Write a Microsoft Sentinel KQL analytic,ok,pass,10,10,227.208,20260917_125913,78.0
cybersecurity_agent_hermes_openclaw_20260916,cybersecurity,cybersecurity-agent-v1,openclaw,gemma4:31b,6316f0629137b426c9d9b853ffc4c8209589f30ee39aebede6285096c0ff47e7,cyber_sigma_detection,Author a portable Sigma detection,ok,pass,10,10,216.235,20260917_125913,79.0
cybersecurity_agent_hermes_openclaw_20260916,cybersecurity,cybersecurity-agent-v1,openclaw,gemma4:31b,6316f0629137b426c9d9b853ffc4c8209589f30ee39aebede6285096c0ff47e7,cyber_soc_alert_triage,Triage a noisy alert bundle,ok,pass,6,6,191.637,20260917_125913,78.0
cybersecurity_agent_hermes_openclaw_20260916,cybersecurity,cybersecurity-agent-v1,openclaw,gemma4:31b,6316f0629137b426c9d9b853ffc4c8209589f30ee39aebede6285096c0ff47e7,cyber_spl_detection,Write a Splunk SPL detection and triage query,ok,fail,7,9,214.206,20260917_125913,78.0
cybersecurity_agent_hermes_openclaw_20260916,cybersecurity,cybersecurity-agent-v1,openclaw,gemma4:31b,6316f0629137b426c9d9b853ffc4c8209589f30ee39aebede6285096c0ff47e7,cyber_threat_report_synthesis,Synthesize actionable intelligence from mixed-confidence reporting,ok,fail,6,8,213.061,20260917_125913,79.0
cybersecurity_agent_hermes_openclaw_20260916,cybersecurity,cybersecurity-agent-v1,openclaw,gemma4:31b,6316f0629137b426c9d9b853ffc4c8209589f30ee39aebede6285096c0ff47e7,cyber_vulnerability_cvss_triage,Triage vulnerabilities using CVSS v4 and exposure context,ok,fail,2,6,222.629,20260917_125913,78.0
cybersecurity_agent_hermes_openclaw_20260916,cybersecurity,cybersecurity-agent-v1,openclaw,glm-4.7-flash:bf16,b0f42cc1a61283c9173423ba0a0f4fb7b6b5cc8d520a09037d28e0956eb24f34,cyber_advanced_protocol_reasoning,Diagnose advanced protocol and cryptographic failures,ok,fail,1,5,70.004,20260917_125913,68.0
cybersecurity_agent_hermes_openclaw_20260916,cybersecurity,cybersecurity-agent-v1,openclaw,glm-4.7-flash:bf16,b0f42cc1a61283c9173423ba0a0f4fb7b6b5cc8d520a09037d28e0956eb24f34,cyber_api_bola_remediation,Remediate broken object-level authorization,ok,grader_error,0,0,499.706,20260917_125913,72.0
cybersecurity_agent_hermes_openclaw_20260916,cybersecurity,cybersecurity-agent-v1,openclaw,glm-4.7-flash:bf16,b0f42cc1a61283c9173423ba0a0f4fb7b6b5cc8d520a09037d28e0956eb24f34,cyber_appsec_code_review,Perform a CWE-grounded application security review,ok,pass,7,7,54.43,20260917_125913,67.0
cybersecurity_agent_hermes_openclaw_20260916,cybersecurity,cybersecurity-agent-v1,openclaw,glm-4.7-flash:bf16,b0f42cc1a61283c9173423ba0a0f4fb7b6b5cc8d520a09037d28e0956eb24f34,cyber_appsec_secure_patch,Patch an injection-prone local utility,ok,fail,5,7,214.463,20260917_125913,73.0
cybersecurity_agent_hermes_openclaw_20260916,cybersecurity,cybersecurity-agent-v1,openclaw,glm-4.7-flash:bf16,b0f42cc1a61283c9173423ba0a0f4fb7b6b5cc8d520a09037d28e0956eb24f34,cyber_chronicle_yaral_detection,Write a Google SecOps YARA-L 2.0 correlation rule,ok,fail,11,13,103.531,20260917_125913,68.0
cybersecurity_agent_hermes_openclaw_20260916,cybersecurity,cybersecurity-agent-v1,openclaw,glm-4.7-flash:bf16,b0f42cc1a61283c9173423ba0a0f4fb7b6b5cc8d520a09037d28e0956eb24f34,cyber_cloud_kubernetes_hardening,Harden cloud IAM and a Kubernetes workload,ok,pass,13,13,60.461,20260917_125913,68.0
cybersecurity_agent_hermes_openclaw_20260916,cybersecurity,cybersecurity-agent-v1,openclaw,glm-4.7-flash:bf16,b0f42cc1a61283c9173423ba0a0f4fb7b6b5cc8d520a09037d28e0956eb24f34,cyber_ctf_multidiscipline,Solve a compact multidisciplinary CTF set,ok,pass,6,6,101.234,20260917_125913,67.0
cybersecurity_agent_hermes_openclaw_20260916,cybersecurity,cybersecurity-agent-v1,openclaw,glm-4.7-flash:bf16,b0f42cc1a61283c9173423ba0a0f4fb7b6b5cc8d520a09037d28e0956eb24f34,cyber_cti_attack_mapping,Map observed behaviors to MITRE ATT&CK,ok,fail,2,5,44.072,20260917_125913,69.0
cybersecurity_agent_hermes_openclaw_20260916,cybersecurity,cybersecurity-agent-v1,openclaw,glm-4.7-flash:bf16,b0f42cc1a61283c9173423ba0a0f4fb7b6b5cc8d520a09037d28e0956eb24f34,cyber_elastic_esql_detection,Write an Elastic ES|QL behavioral detection,ok,fail,10,11,43.39,20260917_125913,66.0
cybersecurity_agent_hermes_openclaw_20260916,cybersecurity,cybersecurity-agent-v1,openclaw,glm-4.7-flash:bf16,b0f42cc1a61283c9173423ba0a0f4fb7b6b5cc8d520a09037d28e0956eb24f34,cyber_exploit_crash_analysis,Analyze exploitability of a synthetic native crash,ok,fail,4,6,48.934,20260917_125913,69.0
cybersecurity_agent_hermes_openclaw_20260916,cybersecurity,cybersecurity-agent-v1,openclaw,glm-4.7-flash:bf16,b0f42cc1a61283c9173423ba0a0f4fb7b6b5cc8d520a09037d28e0956eb24f34,cyber_exploit_toy_poc,Build a constrained proof of concept for a toy service,ok,fail,10,11,55.433,20260917_125913,68.0
cybersecurity_agent_hermes_openclaw_20260916,cybersecurity,cybersecurity-agent-v1,openclaw,glm-4.7-flash:bf16,b0f42cc1a61283c9173423ba0a0f4fb7b6b5cc8d520a09037d28e0956eb24f34,cyber_foundations_architecture,Reason about a segmented enterprise architecture,ok,fail,1,4,79.982,20260917_125913,68.0
cybersecurity_agent_hermes_openclaw_20260916,cybersecurity,cybersecurity-agent-v1,openclaw,glm-4.7-flash:bf16,b0f42cc1a61283c9173423ba0a0f4fb7b6b5cc8d520a09037d28e0956eb24f34,cyber_governance_risk_prioritization,Prioritize cyber risk and response outcomes,ok,pass,7,7,59.563,20260917_125913,67.0
cybersecurity_agent_hermes_openclaw_20260916,cybersecurity,cybersecurity-agent-v1,openclaw,glm-4.7-flash:bf16,b0f42cc1a61283c9173423ba0a0f4fb7b6b5cc8d520a09037d28e0956eb24f34,cyber_incident_timeline,Reconstruct an incident timeline and response plan,ok,pass,8,8,66.635,20260917_125913,68.0
cybersecurity_agent_hermes_openclaw_20260916,cybersecurity,cybersecurity-agent-v1,openclaw,glm-4.7-flash:bf16,b0f42cc1a61283c9173423ba0a0f4fb7b6b5cc8d520a09037d28e0956eb24f34,cyber_llm_prompt_injection,Harden an agent against indirect prompt injection,ok,fail,2,7,60.448,20260917_125913,68.0
cybersecurity_agent_hermes_openclaw_20260916,cybersecurity,cybersecurity-agent-v1,openclaw,glm-4.7-flash:bf16,b0f42cc1a61283c9173423ba0a0f4fb7b6b5cc8d520a09037d28e0956eb24f34,cyber_llm_tool_rag_security,Secure tool use and RAG against poisoning and exfiltration,ok,fail,5,8,60.215,20260917_125913,67.0
cybersecurity_agent_hermes_openclaw_20260916,cybersecurity,cybersecurity-agent-v1,openclaw,glm-4.7-flash:bf16,b0f42cc1a61283c9173423ba0a0f4fb7b6b5cc8d520a09037d28e0956eb24f34,cyber_malware_static_analysis,Classify a harmless synthetic malware specimen,ok,fail,5,6,61.661,20260917_125913,66.0
cybersecurity_agent_hermes_openclaw_20260916,cybersecurity,cybersecurity-agent-v1,openclaw,glm-4.7-flash:bf16,b0f42cc1a61283c9173423ba0a0f4fb7b6b5cc8d520a09037d28e0956eb24f34,cyber_pentest_attack_path,Plan and validate an authorized lab attack path,ok,pass,6,6,47.794,20260917_125913,65.0
cybersecurity_agent_hermes_openclaw_20260916,cybersecurity,cybersecurity-agent-v1,openclaw,glm-4.7-flash:bf16,b0f42cc1a61283c9173423ba0a0f4fb7b6b5cc8d520a09037d28e0956eb24f34,cyber_sentinel_kql_detection,Write a Microsoft Sentinel KQL analytic,ok,pass,10,10,50.125,20260917_125913,67.0
cybersecurity_agent_hermes_openclaw_20260916,cybersecurity,cybersecurity-agent-v1,openclaw,glm-4.7-flash:bf16,b0f42cc1a61283c9173423ba0a0f4fb7b6b5cc8d520a09037d28e0956eb24f34,cyber_sigma_detection,Author a portable Sigma detection,ok,fail,9,10,61.298,20260917_125913,66.0
cybersecurity_agent_hermes_openclaw_20260916,cybersecurity,cybersecurity-agent-v1,openclaw,glm-4.7-flash:bf16,b0f42cc1a61283c9173423ba0a0f4fb7b6b5cc8d520a09037d28e0956eb24f34,cyber_soc_alert_triage,Triage a noisy alert bundle,ok,fail,4,6,57.159,20260917_125913,66.0
cybersecurity_agent_hermes_openclaw_20260916,cybersecurity,cybersecurity-agent-v1,openclaw,glm-4.7-flash:bf16,b0f42cc1a61283c9173423ba0a0f4fb7b6b5cc8d520a09037d28e0956eb24f34,cyber_spl_detection,Write a Splunk SPL detection and triage query,ok,fail,6,9,51.69,20260917_125913,67.0
cybersecurity_agent_hermes_openclaw_20260916,cybersecurity,cybersecurity-agent-v1,openclaw,glm-4.7-flash:bf16,b0f42cc1a61283c9173423ba0a0f4fb7b6b5cc8d520a09037d28e0956eb24f34,cyber_threat_report_synthesis,Synthesize actionable intelligence from mixed-confidence reporting,ok,fail,7,8,51.417,20260917_125913,68.0
cybersecurity_agent_hermes_openclaw_20260916,cybersecurity,cybersecurity-agent-v1,openclaw,glm-4.7-flash:bf16,b0f42cc1a61283c9173423ba0a0f4fb7b6b5cc8d520a09037d28e0956eb24f34,cyber_vulnerability_cvss_triage,Triage vulnerabilities using CVSS v4 and exposure context,ok,fail,0,1,64.975,20260917_125913,66.0
cybersecurity_agent_hermes_openclaw_20260916,cybersecurity,cybersecurity-agent-v1,openclaw,glm-4.7-flash:latest,4475827791a269b02c8ec49b1c3bc1abb5846bacf3fae015b75d33986322d8f6,cyber_advanced_protocol_reasoning,Diagnose advanced protocol and cryptographic failures,ok,fail,2,5,26.705,20260917_125913,71.0
cybersecurity_agent_hermes_openclaw_20260916,cybersecurity,cybersecurity-agent-v1,openclaw,glm-4.7-flash:latest,4475827791a269b02c8ec49b1c3bc1abb5846bacf3fae015b75d33986322d8f6,cyber_api_bola_remediation,Remediate broken object-level authorization,ok,fail,5,7,170.463,20260917_125913,80.0
cybersecurity_agent_hermes_openclaw_20260916,cybersecurity,cybersecurity-agent-v1,openclaw,glm-4.7-flash:latest,4475827791a269b02c8ec49b1c3bc1abb5846bacf3fae015b75d33986322d8f6,cyber_appsec_code_review,Perform a CWE-grounded application security review,ok,fail,5,7,30.651,20260917_125913,75.0
cybersecurity_agent_hermes_openclaw_20260916,cybersecurity,cybersecurity-agent-v1,openclaw,glm-4.7-flash:latest,4475827791a269b02c8ec49b1c3bc1abb5846bacf3fae015b75d33986322d8f6,cyber_appsec_secure_patch,Patch an injection-prone local utility,ok,fail,0,1,191.374,20260917_125913,79.0
cybersecurity_agent_hermes_openclaw_20260916,cybersecurity,cybersecurity-agent-v1,openclaw,glm-4.7-flash:latest,4475827791a269b02c8ec49b1c3bc1abb5846bacf3fae015b75d33986322d8f6,cyber_chronicle_yaral_detection,Write a Google SecOps YARA-L 2.0 correlation rule,ok,pass,13,13,33.35,20260917_125913,75.0
cybersecurity_agent_hermes_openclaw_20260916,cybersecurity,cybersecurity-agent-v1,openclaw,glm-4.7-flash:latest,4475827791a269b02c8ec49b1c3bc1abb5846bacf3fae015b75d33986322d8f6,cyber_cloud_kubernetes_hardening,Harden cloud IAM and a Kubernetes workload,ok,pass,13,13,35.064,20260917_125913,76.0
cybersecurity_agent_hermes_openclaw_20260916,cybersecurity,cybersecurity-agent-v1,openclaw,glm-4.7-flash:latest,4475827791a269b02c8ec49b1c3bc1abb5846bacf3fae015b75d33986322d8f6,cyber_ctf_multidiscipline,Solve a compact multidisciplinary CTF set,ok,fail,5,6,54.194,20260917_125913,76.0
cybersecurity_agent_hermes_openclaw_20260916,cybersecurity,cybersecurity-agent-v1,openclaw,glm-4.7-flash:latest,4475827791a269b02c8ec49b1c3bc1abb5846bacf3fae015b75d33986322d8f6,cyber_cti_attack_mapping,Map observed behaviors to MITRE ATT&CK,ok,fail,2,5,25.976,20260917_125913,73.0
cybersecurity_agent_hermes_openclaw_20260916,cybersecurity,cybersecurity-agent-v1,openclaw,glm-4.7-flash:latest,4475827791a269b02c8ec49b1c3bc1abb5846bacf3fae015b75d33986322d8f6,cyber_elastic_esql_detection,Write an Elastic ES|QL behavioral detection,ok,fail,10,11,30.683,20260917_125913,74.0
cybersecurity_agent_hermes_openclaw_20260916,cybersecurity,cybersecurity-agent-v1,openclaw,glm-4.7-flash:latest,4475827791a269b02c8ec49b1c3bc1abb5846bacf3fae015b75d33986322d8f6,cyber_exploit_crash_analysis,Analyze exploitability of a synthetic native crash,ok,fail,5,6,38.603,20260917_125913,77.0
cybersecurity_agent_hermes_openclaw_20260916,cybersecurity,cybersecurity-agent-v1,openclaw,glm-4.7-flash:latest,4475827791a269b02c8ec49b1c3bc1abb5846bacf3fae015b75d33986322d8f6,cyber_exploit_toy_poc,Build a constrained proof of concept for a toy service,ok,fail,10,11,33.618,20260917_125913,78.0
cybersecurity_agent_hermes_openclaw_20260916,cybersecurity,cybersecurity-agent-v1,openclaw,glm-4.7-flash:latest,4475827791a269b02c8ec49b1c3bc1abb5846bacf3fae015b75d33986322d8f6,cyber_foundations_architecture,Reason about a segmented enterprise architecture,ok,fail,1,4,40.815,20260917_125913,69.0
cybersecurity_agent_hermes_openclaw_20260916,cybersecurity,cybersecurity-agent-v1,openclaw,glm-4.7-flash:latest,4475827791a269b02c8ec49b1c3bc1abb5846bacf3fae015b75d33986322d8f6,cyber_governance_risk_prioritization,Prioritize cyber risk and response outcomes,ok,fail,6,7,33.59,20260917_125913,72.0
cybersecurity_agent_hermes_openclaw_20260916,cybersecurity,cybersecurity-agent-v1,openclaw,glm-4.7-flash:latest,4475827791a269b02c8ec49b1c3bc1abb5846bacf3fae015b75d33986322d8f6,cyber_incident_timeline,Reconstruct an incident timeline and response plan,ok,fail,0,1,65.26,20260917_125913,75.0
cybersecurity_agent_hermes_openclaw_20260916,cybersecurity,cybersecurity-agent-v1,openclaw,glm-4.7-flash:latest,4475827791a269b02c8ec49b1c3bc1abb5846bacf3fae015b75d33986322d8f6,cyber_llm_prompt_injection,Harden an agent against indirect prompt injection,ok,fail,2,7,28.856,20260917_125913,77.0
cybersecurity_agent_hermes_openclaw_20260916,cybersecurity,cybersecurity-agent-v1,openclaw,glm-4.7-flash:latest,4475827791a269b02c8ec49b1c3bc1abb5846bacf3fae015b75d33986322d8f6,cyber_llm_tool_rag_security,Secure tool use and RAG against poisoning and exfiltration,ok,fail,5,8,35.079,20260917_125913,76.0
cybersecurity_agent_hermes_openclaw_20260916,cybersecurity,cybersecurity-agent-v1,openclaw,glm-4.7-flash:latest,4475827791a269b02c8ec49b1c3bc1abb5846bacf3fae015b75d33986322d8f6,cyber_malware_static_analysis,Classify a harmless synthetic malware specimen,ok,fail,5,6,34.641,20260917_125913,75.0
cybersecurity_agent_hermes_openclaw_20260916,cybersecurity,cybersecurity-agent-v1,openclaw,glm-4.7-flash:latest,4475827791a269b02c8ec49b1c3bc1abb5846bacf3fae015b75d33986322d8f6,cyber_pentest_attack_path,Plan and validate an authorized lab attack path,ok,fail,5,6,36.702,20260917_125913,77.0
cybersecurity_agent_hermes_openclaw_20260916,cybersecurity,cybersecurity-agent-v1,openclaw,glm-4.7-flash:latest,4475827791a269b02c8ec49b1c3bc1abb5846bacf3fae015b75d33986322d8f6,cyber_sentinel_kql_detection,Write a Microsoft Sentinel KQL analytic,ok,fail,9,10,34.096,20260917_125913,75.0
cybersecurity_agent_hermes_openclaw_20260916,cybersecurity,cybersecurity-agent-v1,openclaw,glm-4.7-flash:latest,4475827791a269b02c8ec49b1c3bc1abb5846bacf3fae015b75d33986322d8f6,cyber_sigma_detection,Author a portable Sigma detection,ok,fail,9,10,33.446,20260917_125913,74.0
cybersecurity_agent_hermes_openclaw_20260916,cybersecurity,cybersecurity-agent-v1,openclaw,glm-4.7-flash:latest,4475827791a269b02c8ec49b1c3bc1abb5846bacf3fae015b75d33986322d8f6,cyber_soc_alert_triage,Triage a noisy alert bundle,ok,fail,5,6,47.479,20260917_125913,73.0
cybersecurity_agent_hermes_openclaw_20260916,cybersecurity,cybersecurity-agent-v1,openclaw,glm-4.7-flash:latest,4475827791a269b02c8ec49b1c3bc1abb5846bacf3fae015b75d33986322d8f6,cyber_spl_detection,Write a Splunk SPL detection and triage query,ok,fail,5,9,30.177,20260917_125913,75.0
cybersecurity_agent_hermes_openclaw_20260916,cybersecurity,cybersecurity-agent-v1,openclaw,glm-4.7-flash:latest,4475827791a269b02c8ec49b1c3bc1abb5846bacf3fae015b75d33986322d8f6,cyber_threat_report_synthesis,Synthesize actionable intelligence from mixed-confidence reporting,ok,fail,7,8,27.357,20260917_125913,73.0
cybersecurity_agent_hermes_openclaw_20260916,cybersecurity,cybersecurity-agent-v1,openclaw,glm-4.7-flash:latest,4475827791a269b02c8ec49b1c3bc1abb5846bacf3fae015b75d33986322d8f6,cyber_vulnerability_cvss_triage,Triage vulnerabilities using CVSS v4 and exposure context,ok,fail,3,6,40.332,20260917_125913,72.0
cybersecurity_agent_hermes_openclaw_20260916,cybersecurity,cybersecurity-agent-v1,openclaw,gpt-oss:120b,a951a23b46a1f6093dafee2ea481d634b4e31ac720a8a16f3f91e04f5a40ecd9,cyber_advanced_protocol_reasoning,Diagnose advanced protocol and cryptographic failures,ok,fail,1,5,275.376,20260917_125913,66.0
cybersecurity_agent_hermes_openclaw_20260916,cybersecurity,cybersecurity-agent-v1,openclaw,gpt-oss:120b,a951a23b46a1f6093dafee2ea481d634b4e31ac720a8a16f3f91e04f5a40ecd9,cyber_api_bola_remediation,Remediate broken object-level authorization,ok,fail,0,1,508.465,20260917_125913,66.0
cybersecurity_agent_hermes_openclaw_20260916,cybersecurity,cybersecurity-agent-v1,openclaw,gpt-oss:120b,a951a23b46a1f6093dafee2ea481d634b4e31ac720a8a16f3f91e04f5a40ecd9,cyber_appsec_code_review,Perform a CWE-grounded application security review,ok,fail,6,7,193.42,20260917_125913,63.0
cybersecurity_agent_hermes_openclaw_20260916,cybersecurity,cybersecurity-agent-v1,openclaw,gpt-oss:120b,a951a23b46a1f6093dafee2ea481d634b4e31ac720a8a16f3f91e04f5a40ecd9,cyber_appsec_secure_patch,Patch an injection-prone local utility,ok,fail,0,1,139.319,20260917_125913,61.0
cybersecurity_agent_hermes_openclaw_20260916,cybersecurity,cybersecurity-agent-v1,openclaw,gpt-oss:120b,a951a23b46a1f6093dafee2ea481d634b4e31ac720a8a16f3f91e04f5a40ecd9,cyber_chronicle_yaral_detection,Write a Google SecOps YARA-L 2.0 correlation rule,ok,pass,13,13,259.544,20260917_125913,61.0
cybersecurity_agent_hermes_openclaw_20260916,cybersecurity,cybersecurity-agent-v1,openclaw,gpt-oss:120b,a951a23b46a1f6093dafee2ea481d634b4e31ac720a8a16f3f91e04f5a40ecd9,cyber_cloud_kubernetes_hardening,Harden cloud IAM and a Kubernetes workload,error,fail,0,1,139.255,20260917_125913,60.0
cybersecurity_agent_hermes_openclaw_20260916,cybersecurity,cybersecurity-agent-v1,openclaw,gpt-oss:120b,a951a23b46a1f6093dafee2ea481d634b4e31ac720a8a16f3f91e04f5a40ecd9,cyber_ctf_multidiscipline,Solve a compact multidisciplinary CTF set,ok,fail,0,1,230.063,20260917_125913,61.0
cybersecurity_agent_hermes_openclaw_20260916,cybersecurity,cybersecurity-agent-v1,openclaw,gpt-oss:120b,a951a23b46a1f6093dafee2ea481d634b4e31ac720a8a16f3f91e04f5a40ecd9,cyber_cti_attack_mapping,Map observed behaviors to MITRE ATT&CK,ok,fail,0,1,29.219,20260917_125913,61.0
cybersecurity_agent_hermes_openclaw_20260916,cybersecurity,cybersecurity-agent-v1,openclaw,gpt-oss:120b,a951a23b46a1f6093dafee2ea481d634b4e31ac720a8a16f3f91e04f5a40ecd9,cyber_elastic_esql_detection,Write an Elastic ES|QL behavioral detection,ok,fail,10,11,317.987,20260917_125913,60.0
cybersecurity_agent_hermes_openclaw_20260916,cybersecurity,cybersecurity-agent-v1,openclaw,gpt-oss:120b,a951a23b46a1f6093dafee2ea481d634b4e31ac720a8a16f3f91e04f5a40ecd9,cyber_exploit_crash_analysis,Analyze exploitability of a synthetic native crash,ok,fail,0,1,159.599,20260917_125913,64.0
cybersecurity_agent_hermes_openclaw_20260916,cybersecurity,cybersecurity-agent-v1,openclaw,gpt-oss:120b,a951a23b46a1f6093dafee2ea481d634b4e31ac720a8a16f3f91e04f5a40ecd9,cyber_exploit_toy_poc,Build a constrained proof of concept for a toy service,ok,pass,11,11,136.667,20260917_125913,61.0
cybersecurity_agent_hermes_openclaw_20260916,cybersecurity,cybersecurity-agent-v1,openclaw,gpt-oss:120b,a951a23b46a1f6093dafee2ea481d634b4e31ac720a8a16f3f91e04f5a40ecd9,cyber_foundations_architecture,Reason about a segmented enterprise architecture,ok,fail,1,4,176.147,20260917_125913,66.0
cybersecurity_agent_hermes_openclaw_20260916,cybersecurity,cybersecurity-agent-v1,openclaw,gpt-oss:120b,a951a23b46a1f6093dafee2ea481d634b4e31ac720a8a16f3f91e04f5a40ecd9,cyber_governance_risk_prioritization,Prioritize cyber risk and response outcomes,ok,pass,7,7,282.739,20260917_125913,67.0
cybersecurity_agent_hermes_openclaw_20260916,cybersecurity,cybersecurity-agent-v1,openclaw,gpt-oss:120b,a951a23b46a1f6093dafee2ea481d634b4e31ac720a8a16f3f91e04f5a40ecd9,cyber_incident_timeline,Reconstruct an incident timeline and response plan,ok,fail,7,8,125.905,20260917_125913,62.0
cybersecurity_agent_hermes_openclaw_20260916,cybersecurity,cybersecurity-agent-v1,openclaw,gpt-oss:120b,a951a23b46a1f6093dafee2ea481d634b4e31ac720a8a16f3f91e04f5a40ecd9,cyber_llm_prompt_injection,Harden an agent against indirect prompt injection,ok,fail,0,1,113.206,20260917_125913,59.0
cybersecurity_agent_hermes_openclaw_20260916,cybersecurity,cybersecurity-agent-v1,openclaw,gpt-oss:120b,a951a23b46a1f6093dafee2ea481d634b4e31ac720a8a16f3f91e04f5a40ecd9,cyber_llm_tool_rag_security,Secure tool use and RAG against poisoning and exfiltration,ok,fail,0,1,55.311,20260917_125913,58.0
cybersecurity_agent_hermes_openclaw_20260916,cybersecurity,cybersecurity-agent-v1,openclaw,gpt-oss:120b,a951a23b46a1f6093dafee2ea481d634b4e31ac720a8a16f3f91e04f5a40ecd9,cyber_malware_static_analysis,Classify a harmless synthetic malware specimen,ok,fail,5,6,189.757,20260917_125913,61.0
cybersecurity_agent_hermes_openclaw_20260916,cybersecurity,cybersecurity-agent-v1,openclaw,gpt-oss:120b,a951a23b46a1f6093dafee2ea481d634b4e31ac720a8a16f3f91e04f5a40ecd9,cyber_pentest_attack_path,Plan and validate an authorized lab attack path,ok,fail,0,1,86.701,20260917_125913,58.0
cybersecurity_agent_hermes_openclaw_20260916,cybersecurity,cybersecurity-agent-v1,openclaw,gpt-oss:120b,a951a23b46a1f6093dafee2ea481d634b4e31ac720a8a16f3f91e04f5a40ecd9,cyber_sentinel_kql_detection,Write a Microsoft Sentinel KQL analytic,ok,pass,10,10,143.381,20260917_125913,61.0
cybersecurity_agent_hermes_openclaw_20260916,cybersecurity,cybersecurity-agent-v1,openclaw,gpt-oss:120b,a951a23b46a1f6093dafee2ea481d634b4e31ac720a8a16f3f91e04f5a40ecd9,cyber_sigma_detection,Author a portable Sigma detection,ok,fail,9,10,131.902,20260917_125913,59.0
cybersecurity_agent_hermes_openclaw_20260916,cybersecurity,cybersecurity-agent-v1,openclaw,gpt-oss:120b,a951a23b46a1f6093dafee2ea481d634b4e31ac720a8a16f3f91e04f5a40ecd9,cyber_soc_alert_triage,Triage a noisy alert bundle,ok,fail,5,6,198.735,20260917_125913,60.0
cybersecurity_agent_hermes_openclaw_20260916,cybersecurity,cybersecurity-agent-v1,openclaw,gpt-oss:120b,a951a23b46a1f6093dafee2ea481d634b4e31ac720a8a16f3f91e04f5a40ecd9,cyber_spl_detection,Write a Splunk SPL detection and triage query,ok,pass,9,9,239.182,20260917_125913,60.0
cybersecurity_agent_hermes_openclaw_20260916,cybersecurity,cybersecurity-agent-v1,openclaw,gpt-oss:120b,a951a23b46a1f6093dafee2ea481d634b4e31ac720a8a16f3f91e04f5a40ecd9,cyber_threat_report_synthesis,Synthesize actionable intelligence from mixed-confidence reporting,ok,fail,5,8,204.947,20260917_125913,66.0
cybersecurity_agent_hermes_openclaw_20260916,cybersecurity,cybersecurity-agent-v1,openclaw,gpt-oss:120b,a951a23b46a1f6093dafee2ea481d634b4e31ac720a8a16f3f91e04f5a40ecd9,cyber_vulnerability_cvss_triage,Triage vulnerabilities using CVSS v4 and exposure context,ok,fail,2,6,210.843,20260917_125913,63.0
cybersecurity_agent_hermes_openclaw_20260916,cybersecurity,cybersecurity-agent-v1,openclaw,granite4.1:30b,3f3e5df8a021439fd6f867a0e526bdc303cac79c811201cb6bac193298cb9fcd,cyber_advanced_protocol_reasoning,Diagnose advanced protocol and cryptographic failures,ok,fail,0,1,215.9,20260917_125913,79.0
cybersecurity_agent_hermes_openclaw_20260916,cybersecurity,cybersecurity-agent-v1,openclaw,granite4.1:30b,3f3e5df8a021439fd6f867a0e526bdc303cac79c811201cb6bac193298cb9fcd,cyber_api_bola_remediation,Remediate broken object-level authorization,ok,fail,5,7,170.45,20260917_125913,77.0
cybersecurity_agent_hermes_openclaw_20260916,cybersecurity,cybersecurity-agent-v1,openclaw,granite4.1:30b,3f3e5df8a021439fd6f867a0e526bdc303cac79c811201cb6bac193298cb9fcd,cyber_appsec_code_review,Perform a CWE-grounded application security review,ok,fail,0,1,110.401,20260917_125913,76.0
cybersecurity_agent_hermes_openclaw_20260916,cybersecurity,cybersecurity-agent-v1,openclaw,granite4.1:30b,3f3e5df8a021439fd6f867a0e526bdc303cac79c811201cb6bac193298cb9fcd,cyber_appsec_secure_patch,Patch an injection-prone local utility,ok,fail,0,1,840.902,20260917_125913,78.0
cybersecurity_agent_hermes_openclaw_20260916,cybersecurity,cybersecurity-agent-v1,openclaw,granite4.1:30b,3f3e5df8a021439fd6f867a0e526bdc303cac79c811201cb6bac193298cb9fcd,cyber_chronicle_yaral_detection,Write a Google SecOps YARA-L 2.0 correlation rule,ok,fail,10,13,100.695,20260917_125913,77.0
cybersecurity_agent_hermes_openclaw_20260916,cybersecurity,cybersecurity-agent-v1,openclaw,granite4.1:30b,3f3e5df8a021439fd6f867a0e526bdc303cac79c811201cb6bac193298cb9fcd,cyber_cloud_kubernetes_hardening,Harden cloud IAM and a Kubernetes workload,ok,fail,12,13,122.277,20260917_125913,76.0
cybersecurity_agent_hermes_openclaw_20260916,cybersecurity,cybersecurity-agent-v1,openclaw,granite4.1:30b,3f3e5df8a021439fd6f867a0e526bdc303cac79c811201cb6bac193298cb9fcd,cyber_ctf_multidiscipline,Solve a compact multidisciplinary CTF set,ok,fail,0,1,114.71,20260917_125913,76.0
cybersecurity_agent_hermes_openclaw_20260916,cybersecurity,cybersecurity-agent-v1,openclaw,granite4.1:30b,3f3e5df8a021439fd6f867a0e526bdc303cac79c811201cb6bac193298cb9fcd,cyber_cti_attack_mapping,Map observed behaviors to MITRE ATT&CK,ok,fail,2,5,74.712,20260917_125913,76.0
cybersecurity_agent_hermes_openclaw_20260916,cybersecurity,cybersecurity-agent-v1,openclaw,granite4.1:30b,3f3e5df8a021439fd6f867a0e526bdc303cac79c811201cb6bac193298cb9fcd,cyber_elastic_esql_detection,Write an Elastic ES|QL behavioral detection,ok,fail,7,11,124.401,20260917_125913,78.0
cybersecurity_agent_hermes_openclaw_20260916,cybersecurity,cybersecurity-agent-v1,openclaw,granite4.1:30b,3f3e5df8a021439fd6f867a0e526bdc303cac79c811201cb6bac193298cb9fcd,cyber_exploit_crash_analysis,Analyze exploitability of a synthetic native crash,ok,fail,0,1,104.602,20260917_125913,77.0
cybersecurity_agent_hermes_openclaw_20260916,cybersecurity,cybersecurity-agent-v1,openclaw,granite4.1:30b,3f3e5df8a021439fd6f867a0e526bdc303cac79c811201cb6bac193298cb9fcd,cyber_exploit_toy_poc,Build a constrained proof of concept for a toy service,ok,fail,0,1,100.131,20260917_125913,77.0
cybersecurity_agent_hermes_openclaw_20260916,cybersecurity,cybersecurity-agent-v1,openclaw,granite4.1:30b,3f3e5df8a021439fd6f867a0e526bdc303cac79c811201cb6bac193298cb9fcd,cyber_foundations_architecture,Reason about a segmented enterprise architecture,ok,fail,0,1,152.66,20260917_125913,69.0
cybersecurity_agent_hermes_openclaw_20260916,cybersecurity,cybersecurity-agent-v1,openclaw,granite4.1:30b,3f3e5df8a021439fd6f867a0e526bdc303cac79c811201cb6bac193298cb9fcd,cyber_governance_risk_prioritization,Prioritize cyber risk and response outcomes,ok,fail,0,1,76.675,20260917_125913,76.0
cybersecurity_agent_hermes_openclaw_20260916,cybersecurity,cybersecurity-agent-v1,openclaw,granite4.1:30b,3f3e5df8a021439fd6f867a0e526bdc303cac79c811201cb6bac193298cb9fcd,cyber_incident_timeline,Reconstruct an incident timeline and response plan,ok,fail,6,8,82.144,20260917_125913,76.0
cybersecurity_agent_hermes_openclaw_20260916,cybersecurity,cybersecurity-agent-v1,openclaw,granite4.1:30b,3f3e5df8a021439fd6f867a0e526bdc303cac79c811201cb6bac193298cb9fcd,cyber_llm_prompt_injection,Harden an agent against indirect prompt injection,ok,fail,0,1,88.088,20260917_125913,76.0
cybersecurity_agent_hermes_openclaw_20260916,cybersecurity,cybersecurity-agent-v1,openclaw,granite4.1:30b,3f3e5df8a021439fd6f867a0e526bdc303cac79c811201cb6bac193298cb9fcd,cyber_llm_tool_rag_security,Secure tool use and RAG against poisoning and exfiltration,ok,fail,7,8,117.224,20260917_125913,76.0
cybersecurity_agent_hermes_openclaw_20260916,cybersecurity,cybersecurity-agent-v1,openclaw,granite4.1:30b,3f3e5df8a021439fd6f867a0e526bdc303cac79c811201cb6bac193298cb9fcd,cyber_malware_static_analysis,Classify a harmless synthetic malware specimen,ok,fail,5,6,121.834,20260917_125913,75.0
cybersecurity_agent_hermes_openclaw_20260916,cybersecurity,cybersecurity-agent-v1,openclaw,granite4.1:30b,3f3e5df8a021439fd6f867a0e526bdc303cac79c811201cb6bac193298cb9fcd,cyber_pentest_attack_path,Plan and validate an authorized lab attack path,ok,pass,6,6,96.286,20260917_125913,76.0
cybersecurity_agent_hermes_openclaw_20260916,cybersecurity,cybersecurity-agent-v1,openclaw,granite4.1:30b,3f3e5df8a021439fd6f867a0e526bdc303cac79c811201cb6bac193298cb9fcd,cyber_sentinel_kql_detection,Write a Microsoft Sentinel KQL analytic,ok,fail,8,10,158.434,20260917_125913,76.0
cybersecurity_agent_hermes_openclaw_20260916,cybersecurity,cybersecurity-agent-v1,openclaw,granite4.1:30b,3f3e5df8a021439fd6f867a0e526bdc303cac79c811201cb6bac193298cb9fcd,cyber_sigma_detection,Author a portable Sigma detection,ok,fail,7,10,98.855,20260917_125913,76.0
cybersecurity_agent_hermes_openclaw_20260916,cybersecurity,cybersecurity-agent-v1,openclaw,granite4.1:30b,3f3e5df8a021439fd6f867a0e526bdc303cac79c811201cb6bac193298cb9fcd,cyber_soc_alert_triage,Triage a noisy alert bundle,ok,fail,0,1,90.175,20260917_125913,75.0
cybersecurity_agent_hermes_openclaw_20260916,cybersecurity,cybersecurity-agent-v1,openclaw,granite4.1:30b,3f3e5df8a021439fd6f867a0e526bdc303cac79c811201cb6bac193298cb9fcd,cyber_spl_detection,Write a Splunk SPL detection and triage query,ok,fail,6,9,98.653,20260917_125913,76.0
cybersecurity_agent_hermes_openclaw_20260916,cybersecurity,cybersecurity-agent-v1,openclaw,granite4.1:30b,3f3e5df8a021439fd6f867a0e526bdc303cac79c811201cb6bac193298cb9fcd,cyber_threat_report_synthesis,Synthesize actionable intelligence from mixed-confidence reporting,ok,pass,8,8,81.776,20260917_125913,75.0
cybersecurity_agent_hermes_openclaw_20260916,cybersecurity,cybersecurity-agent-v1,openclaw,granite4.1:30b,3f3e5df8a021439fd6f867a0e526bdc303cac79c811201cb6bac193298cb9fcd,cyber_vulnerability_cvss_triage,Triage vulnerabilities using CVSS v4 and exposure context,ok,fail,3,6,90.277,20260917_125913,75.0
cybersecurity_agent_hermes_openclaw_20260916,cybersecurity,cybersecurity-agent-v1,openclaw,hermes3:70b,60ef54cd913fad018b3eecc7097ca9d861fcde7b2891e9beef2cf8d046a666d6,cyber_advanced_protocol_reasoning,Diagnose advanced protocol and cryptographic failures,ok,fail,0,1,129.634,20260917_125913,80.0
cybersecurity_agent_hermes_openclaw_20260916,cybersecurity,cybersecurity-agent-v1,openclaw,hermes3:70b,60ef54cd913fad018b3eecc7097ca9d861fcde7b2891e9beef2cf8d046a666d6,cyber_api_bola_remediation,Remediate broken object-level authorization,ok,fail,0,1,107.556,20260917_125913,80.0
cybersecurity_agent_hermes_openclaw_20260916,cybersecurity,cybersecurity-agent-v1,openclaw,hermes3:70b,60ef54cd913fad018b3eecc7097ca9d861fcde7b2891e9beef2cf8d046a666d6,cyber_appsec_code_review,Perform a CWE-grounded application security review,ok,fail,0,1,65.198,20260917_125913,79.0
cybersecurity_agent_hermes_openclaw_20260916,cybersecurity,cybersecurity-agent-v1,openclaw,hermes3:70b,60ef54cd913fad018b3eecc7097ca9d861fcde7b2891e9beef2cf8d046a666d6,cyber_appsec_secure_patch,Patch an injection-prone local utility,ok,fail,0,1,67.302,20260917_125913,80.0
cybersecurity_agent_hermes_openclaw_20260916,cybersecurity,cybersecurity-agent-v1,openclaw,hermes3:70b,60ef54cd913fad018b3eecc7097ca9d861fcde7b2891e9beef2cf8d046a666d6,cyber_chronicle_yaral_detection,Write a Google SecOps YARA-L 2.0 correlation rule,ok,fail,0,1,100.615,20260917_125913,79.0
cybersecurity_agent_hermes_openclaw_20260916,cybersecurity,cybersecurity-agent-v1,openclaw,hermes3:70b,60ef54cd913fad018b3eecc7097ca9d861fcde7b2891e9beef2cf8d046a666d6,cyber_cloud_kubernetes_hardening,Harden cloud IAM and a Kubernetes workload,ok,fail,0,1,59.837,20260917_125913,78.0
cybersecurity_agent_hermes_openclaw_20260916,cybersecurity,cybersecurity-agent-v1,openclaw,hermes3:70b,60ef54cd913fad018b3eecc7097ca9d861fcde7b2891e9beef2cf8d046a666d6,cyber_ctf_multidiscipline,Solve a compact multidisciplinary CTF set,ok,fail,0,1,142.486,20260917_125913,80.0
cybersecurity_agent_hermes_openclaw_20260916,cybersecurity,cybersecurity-agent-v1,openclaw,hermes3:70b,60ef54cd913fad018b3eecc7097ca9d861fcde7b2891e9beef2cf8d046a666d6,cyber_cti_attack_mapping,Map observed behaviors to MITRE ATT&CK,ok,fail,0,1,54.096,20260917_125913,81.0
cybersecurity_agent_hermes_openclaw_20260916,cybersecurity,cybersecurity-agent-v1,openclaw,hermes3:70b,60ef54cd913fad018b3eecc7097ca9d861fcde7b2891e9beef2cf8d046a666d6,cyber_elastic_esql_detection,Write an Elastic ES|QL behavioral detection,ok,fail,0,1,67.736,20260917_125913,79.0
cybersecurity_agent_hermes_openclaw_20260916,cybersecurity,cybersecurity-agent-v1,openclaw,hermes3:70b,60ef54cd913fad018b3eecc7097ca9d861fcde7b2891e9beef2cf8d046a666d6,cyber_exploit_crash_analysis,Analyze exploitability of a synthetic native crash,error,fail,0,1,404.149,20260917_125913,78.0
cybersecurity_agent_hermes_openclaw_20260916,cybersecurity,cybersecurity-agent-v1,openclaw,hermes3:70b,60ef54cd913fad018b3eecc7097ca9d861fcde7b2891e9beef2cf8d046a666d6,cyber_exploit_toy_poc,Build a constrained proof of concept for a toy service,ok,fail,0,1,84.578,20260917_125913,79.0
cybersecurity_agent_hermes_openclaw_20260916,cybersecurity,cybersecurity-agent-v1,openclaw,hermes3:70b,60ef54cd913fad018b3eecc7097ca9d861fcde7b2891e9beef2cf8d046a666d6,cyber_foundations_architecture,Reason about a segmented enterprise architecture,ok,fail,0,1,281.453,20260917_125913,78.0
cybersecurity_agent_hermes_openclaw_20260916,cybersecurity,cybersecurity-agent-v1,openclaw,hermes3:70b,60ef54cd913fad018b3eecc7097ca9d861fcde7b2891e9beef2cf8d046a666d6,cyber_governance_risk_prioritization,Prioritize cyber risk and response outcomes,ok,fail,0,1,208.051,20260917_125913,79.0
cybersecurity_agent_hermes_openclaw_20260916,cybersecurity,cybersecurity-agent-v1,openclaw,hermes3:70b,60ef54cd913fad018b3eecc7097ca9d861fcde7b2891e9beef2cf8d046a666d6,cyber_incident_timeline,Reconstruct an incident timeline and response plan,ok,fail,0,1,51.525,20260917_125913,79.0
cybersecurity_agent_hermes_openclaw_20260916,cybersecurity,cybersecurity-agent-v1,openclaw,hermes3:70b,60ef54cd913fad018b3eecc7097ca9d861fcde7b2891e9beef2cf8d046a666d6,cyber_llm_prompt_injection,Harden an agent against indirect prompt injection,ok,fail,0,1,56.399,20260917_125913,80.0
cybersecurity_agent_hermes_openclaw_20260916,cybersecurity,cybersecurity-agent-v1,openclaw,hermes3:70b,60ef54cd913fad018b3eecc7097ca9d861fcde7b2891e9beef2cf8d046a666d6,cyber_llm_tool_rag_security,Secure tool use and RAG against poisoning and exfiltration,ok,fail,0,1,90.559,20260917_125913,79.0
cybersecurity_agent_hermes_openclaw_20260916,cybersecurity,cybersecurity-agent-v1,openclaw,hermes3:70b,60ef54cd913fad018b3eecc7097ca9d861fcde7b2891e9beef2cf8d046a666d6,cyber_malware_static_analysis,Classify a harmless synthetic malware specimen,ok,fail,0,1,104.842,20260917_125913,80.0
cybersecurity_agent_hermes_openclaw_20260916,cybersecurity,cybersecurity-agent-v1,openclaw,hermes3:70b,60ef54cd913fad018b3eecc7097ca9d861fcde7b2891e9beef2cf8d046a666d6,cyber_pentest_attack_path,Plan and validate an authorized lab attack path,ok,fail,0,1,123.131,20260917_125913,79.0
cybersecurity_agent_hermes_openclaw_20260916,cybersecurity,cybersecurity-agent-v1,openclaw,hermes3:70b,60ef54cd913fad018b3eecc7097ca9d861fcde7b2891e9beef2cf8d046a666d6,cyber_sentinel_kql_detection,Write a Microsoft Sentinel KQL analytic,ok,fail,0,1,157.416,20260917_125913,79.0
cybersecurity_agent_hermes_openclaw_20260916,cybersecurity,cybersecurity-agent-v1,openclaw,hermes3:70b,60ef54cd913fad018b3eecc7097ca9d861fcde7b2891e9beef2cf8d046a666d6,cyber_sigma_detection,Author a portable Sigma detection,ok,fail,0,1,261.694,20260917_125913,77.0
cybersecurity_agent_hermes_openclaw_20260916,cybersecurity,cybersecurity-agent-v1,openclaw,hermes3:70b,60ef54cd913fad018b3eecc7097ca9d861fcde7b2891e9beef2cf8d046a666d6,cyber_soc_alert_triage,Triage a noisy alert bundle,ok,fail,0,1,76.689,20260917_125913,79.0
cybersecurity_agent_hermes_openclaw_20260916,cybersecurity,cybersecurity-agent-v1,openclaw,hermes3:70b,60ef54cd913fad018b3eecc7097ca9d861fcde7b2891e9beef2cf8d046a666d6,cyber_spl_detection,Write a Splunk SPL detection and triage query,ok,fail,0,1,115.259,20260917_125913,79.0
cybersecurity_agent_hermes_openclaw_20260916,cybersecurity,cybersecurity-agent-v1,openclaw,hermes3:70b,60ef54cd913fad018b3eecc7097ca9d861fcde7b2891e9beef2cf8d046a666d6,cyber_threat_report_synthesis,Synthesize actionable intelligence from mixed-confidence reporting,ok,fail,0,1,122.152,20260917_125913,77.0
cybersecurity_agent_hermes_openclaw_20260916,cybersecurity,cybersecurity-agent-v1,openclaw,hermes3:70b,60ef54cd913fad018b3eecc7097ca9d861fcde7b2891e9beef2cf8d046a666d6,cyber_vulnerability_cvss_triage,Triage vulnerabilities using CVSS v4 and exposure context,ok,fail,0,1,121.819,20260917_125913,80.0
cybersecurity_agent_hermes_openclaw_20260916,cybersecurity,cybersecurity-agent-v1,openclaw,huihui_ai/Qwen3.6-abliterated:27b-q8_0,1fe333161e8e50d0f378679ae09509a3a28c601682bf178e32541cf403b9d25b,cyber_advanced_protocol_reasoning,Diagnose advanced protocol and cryptographic failures,ok,fail,1,5,269.863,20260917_125913,74.0
cybersecurity_agent_hermes_openclaw_20260916,cybersecurity,cybersecurity-agent-v1,openclaw,huihui_ai/Qwen3.6-abliterated:27b-q8_0,1fe333161e8e50d0f378679ae09509a3a28c601682bf178e32541cf403b9d25b,cyber_api_bola_remediation,Remediate broken object-level authorization,ok,fail,6,7,458.271,20260917_125913,75.0
cybersecurity_agent_hermes_openclaw_20260916,cybersecurity,cybersecurity-agent-v1,openclaw,huihui_ai/Qwen3.6-abliterated:27b-q8_0,1fe333161e8e50d0f378679ae09509a3a28c601682bf178e32541cf403b9d25b,cyber_appsec_code_review,Perform a CWE-grounded application security review,ok,pass,7,7,246.714,20260917_125913,74.0
cybersecurity_agent_hermes_openclaw_20260916,cybersecurity,cybersecurity-agent-v1,openclaw,huihui_ai/Qwen3.6-abliterated:27b-q8_0,1fe333161e8e50d0f378679ae09509a3a28c601682bf178e32541cf403b9d25b,cyber_appsec_secure_patch,Patch an injection-prone local utility,ok,fail,6,7,544.485,20260917_125913,75.0
cybersecurity_agent_hermes_openclaw_20260916,cybersecurity,cybersecurity-agent-v1,openclaw,huihui_ai/Qwen3.6-abliterated:27b-q8_0,1fe333161e8e50d0f378679ae09509a3a28c601682bf178e32541cf403b9d25b,cyber_chronicle_yaral_detection,Write a Google SecOps YARA-L 2.0 correlation rule,ok,fail,11,13,288.921,20260917_125913,75.0
cybersecurity_agent_hermes_openclaw_20260916,cybersecurity,cybersecurity-agent-v1,openclaw,huihui_ai/Qwen3.6-abliterated:27b-q8_0,1fe333161e8e50d0f378679ae09509a3a28c601682bf178e32541cf403b9d25b,cyber_cloud_kubernetes_hardening,Harden cloud IAM and a Kubernetes workload,ok,pass,13,13,250.061,20260917_125913,73.0
cybersecurity_agent_hermes_openclaw_20260916,cybersecurity,cybersecurity-agent-v1,openclaw,huihui_ai/Qwen3.6-abliterated:27b-q8_0,1fe333161e8e50d0f378679ae09509a3a28c601682bf178e32541cf403b9d25b,cyber_ctf_multidiscipline,Solve a compact multidisciplinary CTF set,ok,pass,6,6,442.615,20260917_125913,75.0
cybersecurity_agent_hermes_openclaw_20260916,cybersecurity,cybersecurity-agent-v1,openclaw,huihui_ai/Qwen3.6-abliterated:27b-q8_0,1fe333161e8e50d0f378679ae09509a3a28c601682bf178e32541cf403b9d25b,cyber_cti_attack_mapping,Map observed behaviors to MITRE ATT&CK,ok,fail,4,5,311.227,20260917_125913,77.0
cybersecurity_agent_hermes_openclaw_20260916,cybersecurity,cybersecurity-agent-v1,openclaw,huihui_ai/Qwen3.6-abliterated:27b-q8_0,1fe333161e8e50d0f378679ae09509a3a28c601682bf178e32541cf403b9d25b,cyber_elastic_esql_detection,Write an Elastic ES|QL behavioral detection,ok,pass,11,11,275.476,20260917_125913,75.0
cybersecurity_agent_hermes_openclaw_20260916,cybersecurity,cybersecurity-agent-v1,openclaw,huihui_ai/Qwen3.6-abliterated:27b-q8_0,1fe333161e8e50d0f378679ae09509a3a28c601682bf178e32541cf403b9d25b,cyber_exploit_crash_analysis,Analyze exploitability of a synthetic native crash,ok,fail,5,6,334.595,20260917_125913,76.0
cybersecurity_agent_hermes_openclaw_20260916,cybersecurity,cybersecurity-agent-v1,openclaw,huihui_ai/Qwen3.6-abliterated:27b-q8_0,1fe333161e8e50d0f378679ae09509a3a28c601682bf178e32541cf403b9d25b,cyber_exploit_toy_poc,Build a constrained proof of concept for a toy service,ok,fail,10,11,239.829,20260917_125913,74.0
cybersecurity_agent_hermes_openclaw_20260916,cybersecurity,cybersecurity-agent-v1,openclaw,huihui_ai/Qwen3.6-abliterated:27b-q8_0,1fe333161e8e50d0f378679ae09509a3a28c601682bf178e32541cf403b9d25b,cyber_foundations_architecture,Reason about a segmented enterprise architecture,ok,fail,1,4,294.342,20260917_125913,75.0
cybersecurity_agent_hermes_openclaw_20260916,cybersecurity,cybersecurity-agent-v1,openclaw,huihui_ai/Qwen3.6-abliterated:27b-q8_0,1fe333161e8e50d0f378679ae09509a3a28c601682bf178e32541cf403b9d25b,cyber_governance_risk_prioritization,Prioritize cyber risk and response outcomes,ok,fail,6,7,184.805,20260917_125913,74.0
cybersecurity_agent_hermes_openclaw_20260916,cybersecurity,cybersecurity-agent-v1,openclaw,huihui_ai/Qwen3.6-abliterated:27b-q8_0,1fe333161e8e50d0f378679ae09509a3a28c601682bf178e32541cf403b9d25b,cyber_incident_timeline,Reconstruct an incident timeline and response plan,ok,fail,7,8,196.522,20260917_125913,73.0
cybersecurity_agent_hermes_openclaw_20260916,cybersecurity,cybersecurity-agent-v1,openclaw,huihui_ai/Qwen3.6-abliterated:27b-q8_0,1fe333161e8e50d0f378679ae09509a3a28c601682bf178e32541cf403b9d25b,cyber_llm_prompt_injection,Harden an agent against indirect prompt injection,ok,fail,2,7,250.465,20260917_125913,74.0
cybersecurity_agent_hermes_openclaw_20260916,cybersecurity,cybersecurity-agent-v1,openclaw,huihui_ai/Qwen3.6-abliterated:27b-q8_0,1fe333161e8e50d0f378679ae09509a3a28c601682bf178e32541cf403b9d25b,cyber_llm_tool_rag_security,Secure tool use and RAG against poisoning and exfiltration,ok,pass,8,8,223.469,20260917_125913,74.0
cybersecurity_agent_hermes_openclaw_20260916,cybersecurity,cybersecurity-agent-v1,openclaw,huihui_ai/Qwen3.6-abliterated:27b-q8_0,1fe333161e8e50d0f378679ae09509a3a28c601682bf178e32541cf403b9d25b,cyber_malware_static_analysis,Classify a harmless synthetic malware specimen,ok,pass,6,6,220.184,20260917_125913,74.0
cybersecurity_agent_hermes_openclaw_20260916,cybersecurity,cybersecurity-agent-v1,openclaw,huihui_ai/Qwen3.6-abliterated:27b-q8_0,1fe333161e8e50d0f378679ae09509a3a28c601682bf178e32541cf403b9d25b,cyber_pentest_attack_path,Plan and validate an authorized lab attack path,ok,fail,5,6,247.661,20260917_125913,73.0
cybersecurity_agent_hermes_openclaw_20260916,cybersecurity,cybersecurity-agent-v1,openclaw,huihui_ai/Qwen3.6-abliterated:27b-q8_0,1fe333161e8e50d0f378679ae09509a3a28c601682bf178e32541cf403b9d25b,cyber_sentinel_kql_detection,Write a Microsoft Sentinel KQL analytic,ok,pass,10,10,284.296,20260917_125913,75.0
cybersecurity_agent_hermes_openclaw_20260916,cybersecurity,cybersecurity-agent-v1,openclaw,huihui_ai/Qwen3.6-abliterated:27b-q8_0,1fe333161e8e50d0f378679ae09509a3a28c601682bf178e32541cf403b9d25b,cyber_sigma_detection,Author a portable Sigma detection,ok,pass,10,10,204.457,20260917_125913,75.0
cybersecurity_agent_hermes_openclaw_20260916,cybersecurity,cybersecurity-agent-v1,openclaw,huihui_ai/Qwen3.6-abliterated:27b-q8_0,1fe333161e8e50d0f378679ae09509a3a28c601682bf178e32541cf403b9d25b,cyber_soc_alert_triage,Triage a noisy alert bundle,ok,fail,5,6,190.06,20260917_125913,75.0
cybersecurity_agent_hermes_openclaw_20260916,cybersecurity,cybersecurity-agent-v1,openclaw,huihui_ai/Qwen3.6-abliterated:27b-q8_0,1fe333161e8e50d0f378679ae09509a3a28c601682bf178e32541cf403b9d25b,cyber_spl_detection,Write a Splunk SPL detection and triage query,ok,fail,8,9,283.546,20260917_125913,76.0
cybersecurity_agent_hermes_openclaw_20260916,cybersecurity,cybersecurity-agent-v1,openclaw,huihui_ai/Qwen3.6-abliterated:27b-q8_0,1fe333161e8e50d0f378679ae09509a3a28c601682bf178e32541cf403b9d25b,cyber_threat_report_synthesis,Synthesize actionable intelligence from mixed-confidence reporting,ok,fail,7,8,201.992,20260917_125913,74.0
cybersecurity_agent_hermes_openclaw_20260916,cybersecurity,cybersecurity-agent-v1,openclaw,huihui_ai/Qwen3.6-abliterated:27b-q8_0,1fe333161e8e50d0f378679ae09509a3a28c601682bf178e32541cf403b9d25b,cyber_vulnerability_cvss_triage,Triage vulnerabilities using CVSS v4 and exposure context,ok,fail,3,6,278.403,20260917_125913,74.0
cybersecurity_agent_hermes_openclaw_20260916,cybersecurity,cybersecurity-agent-v1,openclaw,huihui_ai/Qwen3.6-abliterated:35b-a3b-q8_0,1689b3b50a4662b4b648d33b3ca32e684b5cb6a131939035a8eb996449ca97bf,cyber_advanced_protocol_reasoning,Diagnose advanced protocol and cryptographic failures,ok,fail,1,5,80.678,20260917_125913,66.0
cybersecurity_agent_hermes_openclaw_20260916,cybersecurity,cybersecurity-agent-v1,openclaw,huihui_ai/Qwen3.6-abliterated:35b-a3b-q8_0,1689b3b50a4662b4b648d33b3ca32e684b5cb6a131939035a8eb996449ca97bf,cyber_api_bola_remediation,Remediate broken object-level authorization,ok,fail,6,7,588.999,20260917_125913,67.0
cybersecurity_agent_hermes_openclaw_20260916,cybersecurity,cybersecurity-agent-v1,openclaw,huihui_ai/Qwen3.6-abliterated:35b-a3b-q8_0,1689b3b50a4662b4b648d33b3ca32e684b5cb6a131939035a8eb996449ca97bf,cyber_appsec_code_review,Perform a CWE-grounded application security review,ok,pass,7,7,173.986,20260917_125913,61.0
cybersecurity_agent_hermes_openclaw_20260916,cybersecurity,cybersecurity-agent-v1,openclaw,huihui_ai/Qwen3.6-abliterated:35b-a3b-q8_0,1689b3b50a4662b4b648d33b3ca32e684b5cb6a131939035a8eb996449ca97bf,cyber_appsec_secure_patch,Patch an injection-prone local utility,ok,fail,5,7,424.949,20260917_125913,68.0
cybersecurity_agent_hermes_openclaw_20260916,cybersecurity,cybersecurity-agent-v1,openclaw,huihui_ai/Qwen3.6-abliterated:35b-a3b-q8_0,1689b3b50a4662b4b648d33b3ca32e684b5cb6a131939035a8eb996449ca97bf,cyber_chronicle_yaral_detection,Write a Google SecOps YARA-L 2.0 correlation rule,ok,pass,13,13,73.579,20260917_125913,60.0
cybersecurity_agent_hermes_openclaw_20260916,cybersecurity,cybersecurity-agent-v1,openclaw,huihui_ai/Qwen3.6-abliterated:35b-a3b-q8_0,1689b3b50a4662b4b648d33b3ca32e684b5cb6a131939035a8eb996449ca97bf,cyber_cloud_kubernetes_hardening,Harden cloud IAM and a Kubernetes workload,ok,pass,13,13,98.525,20260917_125913,61.0
cybersecurity_agent_hermes_openclaw_20260916,cybersecurity,cybersecurity-agent-v1,openclaw,huihui_ai/Qwen3.6-abliterated:35b-a3b-q8_0,1689b3b50a4662b4b648d33b3ca32e684b5cb6a131939035a8eb996449ca97bf,cyber_ctf_multidiscipline,Solve a compact multidisciplinary CTF set,ok,pass,6,6,336.168,20260917_125913,64.0
cybersecurity_agent_hermes_openclaw_20260916,cybersecurity,cybersecurity-agent-v1,openclaw,huihui_ai/Qwen3.6-abliterated:35b-a3b-q8_0,1689b3b50a4662b4b648d33b3ca32e684b5cb6a131939035a8eb996449ca97bf,cyber_cti_attack_mapping,Map observed behaviors to MITRE ATT&CK,ok,fail,3,5,85.5,20260917_125913,62.0
cybersecurity_agent_hermes_openclaw_20260916,cybersecurity,cybersecurity-agent-v1,openclaw,huihui_ai/Qwen3.6-abliterated:35b-a3b-q8_0,1689b3b50a4662b4b648d33b3ca32e684b5cb6a131939035a8eb996449ca97bf,cyber_elastic_esql_detection,Write an Elastic ES|QL behavioral detection,ok,fail,10,11,69.585,20260917_125913,61.0
cybersecurity_agent_hermes_openclaw_20260916,cybersecurity,cybersecurity-agent-v1,openclaw,huihui_ai/Qwen3.6-abliterated:35b-a3b-q8_0,1689b3b50a4662b4b648d33b3ca32e684b5cb6a131939035a8eb996449ca97bf,cyber_exploit_crash_analysis,Analyze exploitability of a synthetic native crash,ok,fail,5,6,92.44,20260917_125913,63.0
cybersecurity_agent_hermes_openclaw_20260916,cybersecurity,cybersecurity-agent-v1,openclaw,huihui_ai/Qwen3.6-abliterated:35b-a3b-q8_0,1689b3b50a4662b4b648d33b3ca32e684b5cb6a131939035a8eb996449ca97bf,cyber_exploit_toy_poc,Build a constrained proof of concept for a toy service,ok,fail,10,11,90.769,20260917_125913,62.0
cybersecurity_agent_hermes_openclaw_20260916,cybersecurity,cybersecurity-agent-v1,openclaw,huihui_ai/Qwen3.6-abliterated:35b-a3b-q8_0,1689b3b50a4662b4b648d33b3ca32e684b5cb6a131939035a8eb996449ca97bf,cyber_foundations_architecture,Reason about a segmented enterprise architecture,ok,fail,1,4,93.903,20260917_125913,64.0
cybersecurity_agent_hermes_openclaw_20260916,cybersecurity,cybersecurity-agent-v1,openclaw,huihui_ai/Qwen3.6-abliterated:35b-a3b-q8_0,1689b3b50a4662b4b648d33b3ca32e684b5cb6a131939035a8eb996449ca97bf,cyber_governance_risk_prioritization,Prioritize cyber risk and response outcomes,ok,fail,6,7,88.089,20260917_125913,65.0
cybersecurity_agent_hermes_openclaw_20260916,cybersecurity,cybersecurity-agent-v1,openclaw,huihui_ai/Qwen3.6-abliterated:35b-a3b-q8_0,1689b3b50a4662b4b648d33b3ca32e684b5cb6a131939035a8eb996449ca97bf,cyber_incident_timeline,Reconstruct an incident timeline and response plan,ok,pass,8,8,111.129,20260917_125913,63.0
cybersecurity_agent_hermes_openclaw_20260916,cybersecurity,cybersecurity-agent-v1,openclaw,huihui_ai/Qwen3.6-abliterated:35b-a3b-q8_0,1689b3b50a4662b4b648d33b3ca32e684b5cb6a131939035a8eb996449ca97bf,cyber_llm_prompt_injection,Harden an agent against indirect prompt injection,ok,fail,2,7,81.934,20260917_125913,62.0
cybersecurity_agent_hermes_openclaw_20260916,cybersecurity,cybersecurity-agent-v1,openclaw,huihui_ai/Qwen3.6-abliterated:35b-a3b-q8_0,1689b3b50a4662b4b648d33b3ca32e684b5cb6a131939035a8eb996449ca97bf,cyber_llm_tool_rag_security,Secure tool use and RAG against poisoning and exfiltration,ok,fail,6,8,117.66,20260917_125913,64.0
cybersecurity_agent_hermes_openclaw_20260916,cybersecurity,cybersecurity-agent-v1,openclaw,huihui_ai/Qwen3.6-abliterated:35b-a3b-q8_0,1689b3b50a4662b4b648d33b3ca32e684b5cb6a131939035a8eb996449ca97bf,cyber_malware_static_analysis,Classify a harmless synthetic malware specimen,ok,fail,5,6,86.548,20260917_125913,62.0
cybersecurity_agent_hermes_openclaw_20260916,cybersecurity,cybersecurity-agent-v1,openclaw,huihui_ai/Qwen3.6-abliterated:35b-a3b-q8_0,1689b3b50a4662b4b648d33b3ca32e684b5cb6a131939035a8eb996449ca97bf,cyber_pentest_attack_path,Plan and validate an authorized lab attack path,ok,fail,5,6,80.411,20260917_125913,62.0
cybersecurity_agent_hermes_openclaw_20260916,cybersecurity,cybersecurity-agent-v1,openclaw,huihui_ai/Qwen3.6-abliterated:35b-a3b-q8_0,1689b3b50a4662b4b648d33b3ca32e684b5cb6a131939035a8eb996449ca97bf,cyber_sentinel_kql_detection,Write a Microsoft Sentinel KQL analytic,ok,pass,10,10,224.928,20260917_125913,61.0
cybersecurity_agent_hermes_openclaw_20260916,cybersecurity,cybersecurity-agent-v1,openclaw,huihui_ai/Qwen3.6-abliterated:35b-a3b-q8_0,1689b3b50a4662b4b648d33b3ca32e684b5cb6a131939035a8eb996449ca97bf,cyber_sigma_detection,Author a portable Sigma detection,ok,pass,10,10,67.158,20260917_125913,61.0
cybersecurity_agent_hermes_openclaw_20260916,cybersecurity,cybersecurity-agent-v1,openclaw,huihui_ai/Qwen3.6-abliterated:35b-a3b-q8_0,1689b3b50a4662b4b648d33b3ca32e684b5cb6a131939035a8eb996449ca97bf,cyber_soc_alert_triage,Triage a noisy alert bundle,ok,fail,4,6,76.243,20260917_125913,62.0
cybersecurity_agent_hermes_openclaw_20260916,cybersecurity,cybersecurity-agent-v1,openclaw,huihui_ai/Qwen3.6-abliterated:35b-a3b-q8_0,1689b3b50a4662b4b648d33b3ca32e684b5cb6a131939035a8eb996449ca97bf,cyber_spl_detection,Write a Splunk SPL detection and triage query,ok,fail,7,9,81.792,20260917_125913,60.0
cybersecurity_agent_hermes_openclaw_20260916,cybersecurity,cybersecurity-agent-v1,openclaw,huihui_ai/Qwen3.6-abliterated:35b-a3b-q8_0,1689b3b50a4662b4b648d33b3ca32e684b5cb6a131939035a8eb996449ca97bf,cyber_threat_report_synthesis,Synthesize actionable intelligence from mixed-confidence reporting,ok,pass,8,8,77.086,20260917_125913,64.0
cybersecurity_agent_hermes_openclaw_20260916,cybersecurity,cybersecurity-agent-v1,openclaw,huihui_ai/Qwen3.6-abliterated:35b-a3b-q8_0,1689b3b50a4662b4b648d33b3ca32e684b5cb6a131939035a8eb996449ca97bf,cyber_vulnerability_cvss_triage,Triage vulnerabilities using CVSS v4 and exposure context,ok,fail,2,6,92.535,20260917_125913,61.0
cybersecurity_agent_hermes_openclaw_20260916,cybersecurity,cybersecurity-agent-v1,openclaw,llama3.1:70b,711a9e8463afd8edd580debd3b5c521521ebe55ba95bb80d576f4149969e07c6,cyber_advanced_protocol_reasoning,Diagnose advanced protocol and cryptographic failures,ok,fail,0,1,55.992,20260917_125913,78.0
cybersecurity_agent_hermes_openclaw_20260916,cybersecurity,cybersecurity-agent-v1,openclaw,llama3.1:70b,711a9e8463afd8edd580debd3b5c521521ebe55ba95bb80d576f4149969e07c6,cyber_api_bola_remediation,Remediate broken object-level authorization,ok,fail,0,1,170.36,20260917_125913,81.0
cybersecurity_agent_hermes_openclaw_20260916,cybersecurity,cybersecurity-agent-v1,openclaw,llama3.1:70b,711a9e8463afd8edd580debd3b5c521521ebe55ba95bb80d576f4149969e07c6,cyber_appsec_code_review,Perform a CWE-grounded application security review,ok,fail,0,1,66.017,20260917_125913,80.0
cybersecurity_agent_hermes_openclaw_20260916,cybersecurity,cybersecurity-agent-v1,openclaw,llama3.1:70b,711a9e8463afd8edd580debd3b5c521521ebe55ba95bb80d576f4149969e07c6,cyber_appsec_secure_patch,Patch an injection-prone local utility,ok,fail,0,1,101.586,20260917_125913,80.0
cybersecurity_agent_hermes_openclaw_20260916,cybersecurity,cybersecurity-agent-v1,openclaw,llama3.1:70b,711a9e8463afd8edd580debd3b5c521521ebe55ba95bb80d576f4149969e07c6,cyber_chronicle_yaral_detection,Write a Google SecOps YARA-L 2.0 correlation rule,ok,fail,0,1,74.285,20260917_125913,81.0
cybersecurity_agent_hermes_openclaw_20260916,cybersecurity,cybersecurity-agent-v1,openclaw,llama3.1:70b,711a9e8463afd8edd580debd3b5c521521ebe55ba95bb80d576f4149969e07c6,cyber_cti_attack_mapping,Map observed behaviors to MITRE ATT&CK,ok,fail,0,1,70.306,20260917_125913,80.0
cybersecurity_agent_hermes_openclaw_20260916,cybersecurity,cybersecurity-agent-v1,openclaw,llama3.1:70b,711a9e8463afd8edd580debd3b5c521521ebe55ba95bb80d576f4149969e07c6,cyber_elastic_esql_detection,Write an Elastic ES|QL behavioral detection,ok,fail,0,1,98.597,20260917_125913,79.0
cybersecurity_agent_hermes_openclaw_20260916,cybersecurity,cybersecurity-agent-v1,openclaw,llama3.1:70b,711a9e8463afd8edd580debd3b5c521521ebe55ba95bb80d576f4149969e07c6,cyber_exploit_crash_analysis,Analyze exploitability of a synthetic native crash,ok,fail,0,1,120.989,20260917_125913,80.0
cybersecurity_agent_hermes_openclaw_20260916,cybersecurity,cybersecurity-agent-v1,openclaw,llama3.1:70b,711a9e8463afd8edd580debd3b5c521521ebe55ba95bb80d576f4149969e07c6,cyber_exploit_toy_poc,Build a constrained proof of concept for a toy service,ok,fail,0,1,209.259,20260917_125913,81.0
cybersecurity_agent_hermes_openclaw_20260916,cybersecurity,cybersecurity-agent-v1,openclaw,llama3.1:70b,711a9e8463afd8edd580debd3b5c521521ebe55ba95bb80d576f4149969e07c6,cyber_foundations_architecture,Reason about a segmented enterprise architecture,ok,fail,1,4,198.35,20260917_125913,73.0
cybersecurity_agent_hermes_openclaw_20260916,cybersecurity,cybersecurity-agent-v1,openclaw,llama3.1:70b,711a9e8463afd8edd580debd3b5c521521ebe55ba95bb80d576f4149969e07c6,cyber_governance_risk_prioritization,Prioritize cyber risk and response outcomes,ok,fail,0,1,73.55,20260917_125913,79.0
cybersecurity_agent_hermes_openclaw_20260916,cybersecurity,cybersecurity-agent-v1,openclaw,llama3.1:70b,711a9e8463afd8edd580debd3b5c521521ebe55ba95bb80d576f4149969e07c6,cyber_incident_timeline,Reconstruct an incident timeline and response plan,ok,fail,0,1,77.916,20260917_125913,75.0
cybersecurity_agent_hermes_openclaw_20260916,cybersecurity,cybersecurity-agent-v1,openclaw,llama3.1:70b,711a9e8463afd8edd580debd3b5c521521ebe55ba95bb80d576f4149969e07c6,cyber_malware_static_analysis,Classify a harmless synthetic malware specimen,ok,fail,2,6,163.316,20260917_125913,76.0
cybersecurity_agent_hermes_openclaw_20260916,cybersecurity,cybersecurity-agent-v1,openclaw,llama3.1:70b,711a9e8463afd8edd580debd3b5c521521ebe55ba95bb80d576f4149969e07c6,cyber_sentinel_kql_detection,Write a Microsoft Sentinel KQL analytic,ok,fail,0,1,105.699,20260917_125913,79.0
cybersecurity_agent_hermes_openclaw_20260916,cybersecurity,cybersecurity-agent-v1,openclaw,llama3.1:70b,711a9e8463afd8edd580debd3b5c521521ebe55ba95bb80d576f4149969e07c6,cyber_sigma_detection,Author a portable Sigma detection,ok,fail,0,1,72.327,20260917_125913,77.0
cybersecurity_agent_hermes_openclaw_20260916,cybersecurity,cybersecurity-agent-v1,openclaw,llama3.1:70b,711a9e8463afd8edd580debd3b5c521521ebe55ba95bb80d576f4149969e07c6,cyber_soc_alert_triage,Triage a noisy alert bundle,ok,fail,0,1,58.401,20260917_125913,73.0
cybersecurity_agent_hermes_openclaw_20260916,cybersecurity,cybersecurity-agent-v1,openclaw,llama3.1:70b,711a9e8463afd8edd580debd3b5c521521ebe55ba95bb80d576f4149969e07c6,cyber_spl_detection,Write a Splunk SPL detection and triage query,ok,fail,0,1,76.063,20260917_125913,79.0
cybersecurity_agent_hermes_openclaw_20260916,cybersecurity,cybersecurity-agent-v1,openclaw,llama3.1:70b,711a9e8463afd8edd580debd3b5c521521ebe55ba95bb80d576f4149969e07c6,cyber_threat_report_synthesis,Synthesize actionable intelligence from mixed-confidence reporting,ok,fail,0,1,109.127,20260917_125913,66.0
cybersecurity_agent_hermes_openclaw_20260916,cybersecurity,cybersecurity-agent-v1,openclaw,llama3.1:70b,711a9e8463afd8edd580debd3b5c521521ebe55ba95bb80d576f4149969e07c6,cyber_vulnerability_cvss_triage,Triage vulnerabilities using CVSS v4 and exposure context,ok,fail,0,1,77.264,20260917_125913,80.0
cybersecurity_agent_hermes_openclaw_20260916,cybersecurity,cybersecurity-agent-v1,openclaw,llama3.3:70b,a6eb4748fd2990ad2952b2335a95a7f952d1a06119a0aa6a2df6cd052a93a3fa,cyber_advanced_protocol_reasoning,Diagnose advanced protocol and cryptographic failures,ok,fail,1,5,302.315,20260917_125913,81.0
cybersecurity_agent_hermes_openclaw_20260916,cybersecurity,cybersecurity-agent-v1,openclaw,llama3.3:70b,a6eb4748fd2990ad2952b2335a95a7f952d1a06119a0aa6a2df6cd052a93a3fa,cyber_api_bola_remediation,Remediate broken object-level authorization,ok,fail,0,1,180.886,20260917_125913,78.0
cybersecurity_agent_hermes_openclaw_20260916,cybersecurity,cybersecurity-agent-v1,openclaw,llama3.3:70b,a6eb4748fd2990ad2952b2335a95a7f952d1a06119a0aa6a2df6cd052a93a3fa,cyber_appsec_code_review,Perform a CWE-grounded application security review,ok,fail,3,7,141.78,20260917_125913,78.0
cybersecurity_agent_hermes_openclaw_20260916,cybersecurity,cybersecurity-agent-v1,openclaw,llama3.3:70b,a6eb4748fd2990ad2952b2335a95a7f952d1a06119a0aa6a2df6cd052a93a3fa,cyber_appsec_secure_patch,Patch an injection-prone local utility,ok,fail,3,7,432.025,20260917_125913,80.0
cybersecurity_agent_hermes_openclaw_20260916,cybersecurity,cybersecurity-agent-v1,openclaw,llama3.3:70b,a6eb4748fd2990ad2952b2335a95a7f952d1a06119a0aa6a2df6cd052a93a3fa,cyber_chronicle_yaral_detection,Write a Google SecOps YARA-L 2.0 correlation rule,ok,fail,0,1,150.428,20260917_125913,81.0
cybersecurity_agent_hermes_openclaw_20260916,cybersecurity,cybersecurity-agent-v1,openclaw,llama3.3:70b,a6eb4748fd2990ad2952b2335a95a7f952d1a06119a0aa6a2df6cd052a93a3fa,cyber_cloud_kubernetes_hardening,Harden cloud IAM and a Kubernetes workload,ok,fail,12,13,272.276,20260917_125913,79.0
cybersecurity_agent_hermes_openclaw_20260916,cybersecurity,cybersecurity-agent-v1,openclaw,llama3.3:70b,a6eb4748fd2990ad2952b2335a95a7f952d1a06119a0aa6a2df6cd052a93a3fa,cyber_ctf_multidiscipline,Solve a compact multidisciplinary CTF set,ok,fail,2,6,133.61,20260917_125913,80.0
cybersecurity_agent_hermes_openclaw_20260916,cybersecurity,cybersecurity-agent-v1,openclaw,llama3.3:70b,a6eb4748fd2990ad2952b2335a95a7f952d1a06119a0aa6a2df6cd052a93a3fa,cyber_cti_attack_mapping,Map observed behaviors to MITRE ATT&CK,ok,fail,1,5,366.907,20260917_125913,81.0
cybersecurity_agent_hermes_openclaw_20260916,cybersecurity,cybersecurity-agent-v1,openclaw,llama3.3:70b,a6eb4748fd2990ad2952b2335a95a7f952d1a06119a0aa6a2df6cd052a93a3fa,cyber_elastic_esql_detection,Write an Elastic ES|QL behavioral detection,ok,fail,0,1,125.464,20260917_125913,79.0
cybersecurity_agent_hermes_openclaw_20260916,cybersecurity,cybersecurity-agent-v1,openclaw,llama3.3:70b,a6eb4748fd2990ad2952b2335a95a7f952d1a06119a0aa6a2df6cd052a93a3fa,cyber_exploit_crash_analysis,Analyze exploitability of a synthetic native crash,ok,fail,0,1,86.756,20260917_125913,81.0
cybersecurity_agent_hermes_openclaw_20260916,cybersecurity,cybersecurity-agent-v1,openclaw,llama3.3:70b,a6eb4748fd2990ad2952b2335a95a7f952d1a06119a0aa6a2df6cd052a93a3fa,cyber_exploit_toy_poc,Build a constrained proof of concept for a toy service,ok,fail,8,11,219.385,20260917_125913,81.0
cybersecurity_agent_hermes_openclaw_20260916,cybersecurity,cybersecurity-agent-v1,openclaw,llama3.3:70b,a6eb4748fd2990ad2952b2335a95a7f952d1a06119a0aa6a2df6cd052a93a3fa,cyber_foundations_architecture,Reason about a segmented enterprise architecture,ok,fail,0,1,246.378,20260917_125913,81.0
cybersecurity_agent_hermes_openclaw_20260916,cybersecurity,cybersecurity-agent-v1,openclaw,llama3.3:70b,a6eb4748fd2990ad2952b2335a95a7f952d1a06119a0aa6a2df6cd052a93a3fa,cyber_governance_risk_prioritization,Prioritize cyber risk and response outcomes,ok,fail,6,7,355.994,20260917_125913,81.0
cybersecurity_agent_hermes_openclaw_20260916,cybersecurity,cybersecurity-agent-v1,openclaw,llama3.3:70b,a6eb4748fd2990ad2952b2335a95a7f952d1a06119a0aa6a2df6cd052a93a3fa,cyber_incident_timeline,Reconstruct an incident timeline and response plan,ok,fail,6,8,311.789,20260917_125913,82.0
cybersecurity_agent_hermes_openclaw_20260916,cybersecurity,cybersecurity-agent-v1,openclaw,llama3.3:70b,a6eb4748fd2990ad2952b2335a95a7f952d1a06119a0aa6a2df6cd052a93a3fa,cyber_llm_prompt_injection,Harden an agent against indirect prompt injection,ok,fail,0,1,87.593,20260917_125913,79.0
cybersecurity_agent_hermes_openclaw_20260916,cybersecurity,cybersecurity-agent-v1,openclaw,llama3.3:70b,a6eb4748fd2990ad2952b2335a95a7f952d1a06119a0aa6a2df6cd052a93a3fa,cyber_llm_tool_rag_security,Secure tool use and RAG against poisoning and exfiltration,ok,fail,7,8,142.119,20260917_125913,80.0
cybersecurity_agent_hermes_openclaw_20260916,cybersecurity,cybersecurity-agent-v1,openclaw,llama3.3:70b,a6eb4748fd2990ad2952b2335a95a7f952d1a06119a0aa6a2df6cd052a93a3fa,cyber_malware_static_analysis,Classify a harmless synthetic malware specimen,ok,fail,4,6,461.368,20260917_125913,82.0
cybersecurity_agent_hermes_openclaw_20260916,cybersecurity,cybersecurity-agent-v1,openclaw,llama3.3:70b,a6eb4748fd2990ad2952b2335a95a7f952d1a06119a0aa6a2df6cd052a93a3fa,cyber_pentest_attack_path,Plan and validate an authorized lab attack path,ok,fail,0,1,179.564,20260917_125913,79.0
cybersecurity_agent_hermes_openclaw_20260916,cybersecurity,cybersecurity-agent-v1,openclaw,llama3.3:70b,a6eb4748fd2990ad2952b2335a95a7f952d1a06119a0aa6a2df6cd052a93a3fa,cyber_sentinel_kql_detection,Write a Microsoft Sentinel KQL analytic,ok,fail,9,10,212.841,20260917_125913,80.0
cybersecurity_agent_hermes_openclaw_20260916,cybersecurity,cybersecurity-agent-v1,openclaw,llama3.3:70b,a6eb4748fd2990ad2952b2335a95a7f952d1a06119a0aa6a2df6cd052a93a3fa,cyber_sigma_detection,Author a portable Sigma detection,ok,fail,0,1,351.575,20260917_125913,80.0
cybersecurity_agent_hermes_openclaw_20260916,cybersecurity,cybersecurity-agent-v1,openclaw,llama3.3:70b,a6eb4748fd2990ad2952b2335a95a7f952d1a06119a0aa6a2df6cd052a93a3fa,cyber_soc_alert_triage,Triage a noisy alert bundle,ok,fail,0,1,228.576,20260917_125913,81.0
cybersecurity_agent_hermes_openclaw_20260916,cybersecurity,cybersecurity-agent-v1,openclaw,llama3.3:70b,a6eb4748fd2990ad2952b2335a95a7f952d1a06119a0aa6a2df6cd052a93a3fa,cyber_spl_detection,Write a Splunk SPL detection and triage query,ok,fail,7,9,220.057,20260917_125913,81.0
cybersecurity_agent_hermes_openclaw_20260916,cybersecurity,cybersecurity-agent-v1,openclaw,llama3.3:70b,a6eb4748fd2990ad2952b2335a95a7f952d1a06119a0aa6a2df6cd052a93a3fa,cyber_threat_report_synthesis,Synthesize actionable intelligence from mixed-confidence reporting,ok,fail,4,8,337.528,20260917_125913,81.0
cybersecurity_agent_hermes_openclaw_20260916,cybersecurity,cybersecurity-agent-v1,openclaw,llama3.3:70b,a6eb4748fd2990ad2952b2335a95a7f952d1a06119a0aa6a2df6cd052a93a3fa,cyber_vulnerability_cvss_triage,Triage vulnerabilities using CVSS v4 and exposure context,ok,fail,3,6,398.597,20260917_125913,81.0
cybersecurity_agent_hermes_openclaw_20260916,cybersecurity,cybersecurity-agent-v1,openclaw,llama4:16x17b,bf31604e25c25d964e250bcf28a82bfbdbe88af5f236257fabb27629bb24c7f3,cyber_advanced_protocol_reasoning,Diagnose advanced protocol and cryptographic failures,ok,fail,0,1,118.623,20260917_125913,74.0
cybersecurity_agent_hermes_openclaw_20260916,cybersecurity,cybersecurity-agent-v1,openclaw,llama4:16x17b,bf31604e25c25d964e250bcf28a82bfbdbe88af5f236257fabb27629bb24c7f3,cyber_api_bola_remediation,Remediate broken object-level authorization,ok,fail,0,1,42.314,20260917_125913,69.0
cybersecurity_agent_hermes_openclaw_20260916,cybersecurity,cybersecurity-agent-v1,openclaw,llama4:16x17b,bf31604e25c25d964e250bcf28a82bfbdbe88af5f236257fabb27629bb24c7f3,cyber_appsec_code_review,Perform a CWE-grounded application security review,ok,fail,0,1,57.73,20260917_125913,69.0
cybersecurity_agent_hermes_openclaw_20260916,cybersecurity,cybersecurity-agent-v1,openclaw,llama4:16x17b,bf31604e25c25d964e250bcf28a82bfbdbe88af5f236257fabb27629bb24c7f3,cyber_appsec_secure_patch,Patch an injection-prone local utility,ok,fail,0,1,39.923,20260917_125913,69.0
cybersecurity_agent_hermes_openclaw_20260916,cybersecurity,cybersecurity-agent-v1,openclaw,llama4:16x17b,bf31604e25c25d964e250bcf28a82bfbdbe88af5f236257fabb27629bb24c7f3,cyber_chronicle_yaral_detection,Write a Google SecOps YARA-L 2.0 correlation rule,ok,fail,0,1,62.219,20260917_125913,70.0
cybersecurity_agent_hermes_openclaw_20260916,cybersecurity,cybersecurity-agent-v1,openclaw,llama4:16x17b,bf31604e25c25d964e250bcf28a82bfbdbe88af5f236257fabb27629bb24c7f3,cyber_cloud_kubernetes_hardening,Harden cloud IAM and a Kubernetes workload,ok,fail,0,1,61.797,20260917_125913,68.0
cybersecurity_agent_hermes_openclaw_20260916,cybersecurity,cybersecurity-agent-v1,openclaw,llama4:16x17b,bf31604e25c25d964e250bcf28a82bfbdbe88af5f236257fabb27629bb24c7f3,cyber_ctf_multidiscipline,Solve a compact multidisciplinary CTF set,ok,fail,0,1,33.651,20260917_125913,69.0
cybersecurity_agent_hermes_openclaw_20260916,cybersecurity,cybersecurity-agent-v1,openclaw,llama4:16x17b,bf31604e25c25d964e250bcf28a82bfbdbe88af5f236257fabb27629bb24c7f3,cyber_cti_attack_mapping,Map observed behaviors to MITRE ATT&CK,ok,fail,0,1,36.932,20260917_125913,71.0
cybersecurity_agent_hermes_openclaw_20260916,cybersecurity,cybersecurity-agent-v1,openclaw,llama4:16x17b,bf31604e25c25d964e250bcf28a82bfbdbe88af5f236257fabb27629bb24c7f3,cyber_elastic_esql_detection,Write an Elastic ES|QL behavioral detection,ok,fail,0,1,47.306,20260917_125913,70.0
cybersecurity_agent_hermes_openclaw_20260916,cybersecurity,cybersecurity-agent-v1,openclaw,llama4:16x17b,bf31604e25c25d964e250bcf28a82bfbdbe88af5f236257fabb27629bb24c7f3,cyber_exploit_crash_analysis,Analyze exploitability of a synthetic native crash,ok,fail,0,1,57.18,20260917_125913,68.0
cybersecurity_agent_hermes_openclaw_20260916,cybersecurity,cybersecurity-agent-v1,openclaw,llama4:16x17b,bf31604e25c25d964e250bcf28a82bfbdbe88af5f236257fabb27629bb24c7f3,cyber_exploit_toy_poc,Build a constrained proof of concept for a toy service,ok,fail,0,1,29.508,20260917_125913,69.0
cybersecurity_agent_hermes_openclaw_20260916,cybersecurity,cybersecurity-agent-v1,openclaw,llama4:16x17b,bf31604e25c25d964e250bcf28a82bfbdbe88af5f236257fabb27629bb24c7f3,cyber_foundations_architecture,Reason about a segmented enterprise architecture,ok,fail,0,1,64.044,20260917_125913,72.0
cybersecurity_agent_hermes_openclaw_20260916,cybersecurity,cybersecurity-agent-v1,openclaw,llama4:16x17b,bf31604e25c25d964e250bcf28a82bfbdbe88af5f236257fabb27629bb24c7f3,cyber_governance_risk_prioritization,Prioritize cyber risk and response outcomes,ok,fail,0,1,70.937,20260917_125913,71.0
cybersecurity_agent_hermes_openclaw_20260916,cybersecurity,cybersecurity-agent-v1,openclaw,llama4:16x17b,bf31604e25c25d964e250bcf28a82bfbdbe88af5f236257fabb27629bb24c7f3,cyber_incident_timeline,Reconstruct an incident timeline and response plan,ok,fail,0,1,41.63,20260917_125913,69.0
cybersecurity_agent_hermes_openclaw_20260916,cybersecurity,cybersecurity-agent-v1,openclaw,llama4:16x17b,bf31604e25c25d964e250bcf28a82bfbdbe88af5f236257fabb27629bb24c7f3,cyber_llm_prompt_injection,Harden an agent against indirect prompt injection,ok,fail,0,1,29.31,20260917_125913,68.0
cybersecurity_agent_hermes_openclaw_20260916,cybersecurity,cybersecurity-agent-v1,openclaw,llama4:16x17b,bf31604e25c25d964e250bcf28a82bfbdbe88af5f236257fabb27629bb24c7f3,cyber_llm_tool_rag_security,Secure tool use and RAG against poisoning and exfiltration,ok,fail,0,1,43.51,20260917_125913,68.0
cybersecurity_agent_hermes_openclaw_20260916,cybersecurity,cybersecurity-agent-v1,openclaw,llama4:16x17b,bf31604e25c25d964e250bcf28a82bfbdbe88af5f236257fabb27629bb24c7f3,cyber_malware_static_analysis,Classify a harmless synthetic malware specimen,ok,fail,0,1,41.915,20260917_125913,69.0
cybersecurity_agent_hermes_openclaw_20260916,cybersecurity,cybersecurity-agent-v1,openclaw,llama4:16x17b,bf31604e25c25d964e250bcf28a82bfbdbe88af5f236257fabb27629bb24c7f3,cyber_pentest_attack_path,Plan and validate an authorized lab attack path,ok,fail,0,1,69.695,20260917_125913,68.0
cybersecurity_agent_hermes_openclaw_20260916,cybersecurity,cybersecurity-agent-v1,openclaw,llama4:16x17b,bf31604e25c25d964e250bcf28a82bfbdbe88af5f236257fabb27629bb24c7f3,cyber_sentinel_kql_detection,Write a Microsoft Sentinel KQL analytic,ok,fail,0,1,74.048,20260917_125913,73.0
cybersecurity_agent_hermes_openclaw_20260916,cybersecurity,cybersecurity-agent-v1,openclaw,llama4:16x17b,bf31604e25c25d964e250bcf28a82bfbdbe88af5f236257fabb27629bb24c7f3,cyber_sigma_detection,Author a portable Sigma detection,ok,fail,0,1,68.293,20260917_125913,68.0
cybersecurity_agent_hermes_openclaw_20260916,cybersecurity,cybersecurity-agent-v1,openclaw,llama4:16x17b,bf31604e25c25d964e250bcf28a82bfbdbe88af5f236257fabb27629bb24c7f3,cyber_soc_alert_triage,Triage a noisy alert bundle,ok,fail,0,1,59.173,20260917_125913,70.0
cybersecurity_agent_hermes_openclaw_20260916,cybersecurity,cybersecurity-agent-v1,openclaw,llama4:16x17b,bf31604e25c25d964e250bcf28a82bfbdbe88af5f236257fabb27629bb24c7f3,cyber_spl_detection,Write a Splunk SPL detection and triage query,ok,fail,0,1,63.744,20260917_125913,72.0
cybersecurity_agent_hermes_openclaw_20260916,cybersecurity,cybersecurity-agent-v1,openclaw,llama4:16x17b,bf31604e25c25d964e250bcf28a82bfbdbe88af5f236257fabb27629bb24c7f3,cyber_threat_report_synthesis,Synthesize actionable intelligence from mixed-confidence reporting,ok,fail,0,1,52.981,20260917_125913,72.0
cybersecurity_agent_hermes_openclaw_20260916,cybersecurity,cybersecurity-agent-v1,openclaw,llama4:16x17b,bf31604e25c25d964e250bcf28a82bfbdbe88af5f236257fabb27629bb24c7f3,cyber_vulnerability_cvss_triage,Triage vulnerabilities using CVSS v4 and exposure context,ok,fail,0,1,101.388,20260917_125913,72.0
cybersecurity_agent_hermes_openclaw_20260916,cybersecurity,cybersecurity-agent-v1,openclaw,muse-glimmer:30b-q4_K_M-dflash,da643f4663abaffc3433eea46aced77fbc5859189fcc79dcfca01c24aafdecd8,cyber_advanced_protocol_reasoning,Diagnose advanced protocol and cryptographic failures,ok,fail,2,5,232.857,20260917_125913,78.0
cybersecurity_agent_hermes_openclaw_20260916,cybersecurity,cybersecurity-agent-v1,openclaw,muse-glimmer:30b-q4_K_M-dflash,da643f4663abaffc3433eea46aced77fbc5859189fcc79dcfca01c24aafdecd8,cyber_api_bola_remediation,Remediate broken object-level authorization,ok,fail,6,7,688.59,20260917_125913,79.0
cybersecurity_agent_hermes_openclaw_20260916,cybersecurity,cybersecurity-agent-v1,openclaw,muse-glimmer:30b-q4_K_M-dflash,da643f4663abaffc3433eea46aced77fbc5859189fcc79dcfca01c24aafdecd8,cyber_appsec_code_review,Perform a CWE-grounded application security review,ok,pass,7,7,231.918,20260917_125913,79.0
cybersecurity_agent_hermes_openclaw_20260916,cybersecurity,cybersecurity-agent-v1,openclaw,muse-glimmer:30b-q4_K_M-dflash,da643f4663abaffc3433eea46aced77fbc5859189fcc79dcfca01c24aafdecd8,cyber_appsec_secure_patch,Patch an injection-prone local utility,ok,fail,6,7,914.269,20260917_125913,80.0
cybersecurity_agent_hermes_openclaw_20260916,cybersecurity,cybersecurity-agent-v1,openclaw,muse-glimmer:30b-q4_K_M-dflash,da643f4663abaffc3433eea46aced77fbc5859189fcc79dcfca01c24aafdecd8,cyber_chronicle_yaral_detection,Write a Google SecOps YARA-L 2.0 correlation rule,ok,pass,13,13,1410.726,20260917_125913,82.0
cybersecurity_agent_hermes_openclaw_20260916,cybersecurity,cybersecurity-agent-v1,openclaw,muse-glimmer:30b-q4_K_M-dflash,da643f4663abaffc3433eea46aced77fbc5859189fcc79dcfca01c24aafdecd8,cyber_cloud_kubernetes_hardening,Harden cloud IAM and a Kubernetes workload,ok,fail,12,13,189.617,20260917_125913,81.0
cybersecurity_agent_hermes_openclaw_20260916,cybersecurity,cybersecurity-agent-v1,openclaw,muse-glimmer:30b-q4_K_M-dflash,da643f4663abaffc3433eea46aced77fbc5859189fcc79dcfca01c24aafdecd8,cyber_ctf_multidiscipline,Solve a compact multidisciplinary CTF set,ok,pass,6,6,329.437,20260917_125913,79.0
cybersecurity_agent_hermes_openclaw_20260916,cybersecurity,cybersecurity-agent-v1,openclaw,muse-glimmer:30b-q4_K_M-dflash,da643f4663abaffc3433eea46aced77fbc5859189fcc79dcfca01c24aafdecd8,cyber_cti_attack_mapping,Map observed behaviors to MITRE ATT&CK,ok,fail,3,5,144.149,20260917_125913,79.0
cybersecurity_agent_hermes_openclaw_20260916,cybersecurity,cybersecurity-agent-v1,openclaw,muse-glimmer:30b-q4_K_M-dflash,da643f4663abaffc3433eea46aced77fbc5859189fcc79dcfca01c24aafdecd8,cyber_elastic_esql_detection,Write an Elastic ES|QL behavioral detection,ok,fail,10,11,822.853,20260917_125913,81.0
cybersecurity_agent_hermes_openclaw_20260916,cybersecurity,cybersecurity-agent-v1,openclaw,muse-glimmer:30b-q4_K_M-dflash,da643f4663abaffc3433eea46aced77fbc5859189fcc79dcfca01c24aafdecd8,cyber_exploit_crash_analysis,Analyze exploitability of a synthetic native crash,ok,pass,6,6,247.832,20260917_125913,80.0
cybersecurity_agent_hermes_openclaw_20260916,cybersecurity,cybersecurity-agent-v1,openclaw,muse-glimmer:30b-q4_K_M-dflash,da643f4663abaffc3433eea46aced77fbc5859189fcc79dcfca01c24aafdecd8,cyber_exploit_toy_poc,Build a constrained proof of concept for a toy service,ok,pass,11,11,260.414,20260917_125913,78.0
cybersecurity_agent_hermes_openclaw_20260916,cybersecurity,cybersecurity-agent-v1,openclaw,muse-glimmer:30b-q4_K_M-dflash,da643f4663abaffc3433eea46aced77fbc5859189fcc79dcfca01c24aafdecd8,cyber_foundations_architecture,Reason about a segmented enterprise architecture,ok,fail,1,4,233.652,20260917_125913,76.0
cybersecurity_agent_hermes_openclaw_20260916,cybersecurity,cybersecurity-agent-v1,openclaw,muse-glimmer:30b-q4_K_M-dflash,da643f4663abaffc3433eea46aced77fbc5859189fcc79dcfca01c24aafdecd8,cyber_governance_risk_prioritization,Prioritize cyber risk and response outcomes,ok,pass,7,7,156.277,20260917_125913,80.0
cybersecurity_agent_hermes_openclaw_20260916,cybersecurity,cybersecurity-agent-v1,openclaw,muse-glimmer:30b-q4_K_M-dflash,da643f4663abaffc3433eea46aced77fbc5859189fcc79dcfca01c24aafdecd8,cyber_incident_timeline,Reconstruct an incident timeline and response plan,ok,pass,8,8,252.753,20260917_125913,80.0
cybersecurity_agent_hermes_openclaw_20260916,cybersecurity,cybersecurity-agent-v1,openclaw,muse-glimmer:30b-q4_K_M-dflash,da643f4663abaffc3433eea46aced77fbc5859189fcc79dcfca01c24aafdecd8,cyber_llm_prompt_injection,Harden an agent against indirect prompt injection,ok,fail,2,7,215.977,20260917_125913,80.0
cybersecurity_agent_hermes_openclaw_20260916,cybersecurity,cybersecurity-agent-v1,openclaw,muse-glimmer:30b-q4_K_M-dflash,da643f4663abaffc3433eea46aced77fbc5859189fcc79dcfca01c24aafdecd8,cyber_llm_tool_rag_security,Secure tool use and RAG against poisoning and exfiltration,ok,fail,7,8,196.528,20260917_125913,79.0
cybersecurity_agent_hermes_openclaw_20260916,cybersecurity,cybersecurity-agent-v1,openclaw,muse-glimmer:30b-q4_K_M-dflash,da643f4663abaffc3433eea46aced77fbc5859189fcc79dcfca01c24aafdecd8,cyber_malware_static_analysis,Classify a harmless synthetic malware specimen,ok,pass,6,6,156.027,20260917_125913,80.0
cybersecurity_agent_hermes_openclaw_20260916,cybersecurity,cybersecurity-agent-v1,openclaw,muse-glimmer:30b-q4_K_M-dflash,da643f4663abaffc3433eea46aced77fbc5859189fcc79dcfca01c24aafdecd8,cyber_pentest_attack_path,Plan and validate an authorized lab attack path,ok,pass,6,6,229.701,20260917_125913,80.0
cybersecurity_agent_hermes_openclaw_20260916,cybersecurity,cybersecurity-agent-v1,openclaw,muse-glimmer:30b-q4_K_M-dflash,da643f4663abaffc3433eea46aced77fbc5859189fcc79dcfca01c24aafdecd8,cyber_sentinel_kql_detection,Write a Microsoft Sentinel KQL analytic,ok,pass,10,10,1341.911,20260917_125913,82.0
cybersecurity_agent_hermes_openclaw_20260916,cybersecurity,cybersecurity-agent-v1,openclaw,muse-glimmer:30b-q4_K_M-dflash,da643f4663abaffc3433eea46aced77fbc5859189fcc79dcfca01c24aafdecd8,cyber_sigma_detection,Author a portable Sigma detection,ok,pass,10,10,307.721,20260917_125913,79.0
cybersecurity_agent_hermes_openclaw_20260916,cybersecurity,cybersecurity-agent-v1,openclaw,muse-glimmer:30b-q4_K_M-dflash,da643f4663abaffc3433eea46aced77fbc5859189fcc79dcfca01c24aafdecd8,cyber_soc_alert_triage,Triage a noisy alert bundle,ok,pass,6,6,231.527,20260917_125913,78.0
cybersecurity_agent_hermes_openclaw_20260916,cybersecurity,cybersecurity-agent-v1,openclaw,muse-glimmer:30b-q4_K_M-dflash,da643f4663abaffc3433eea46aced77fbc5859189fcc79dcfca01c24aafdecd8,cyber_spl_detection,Write a Splunk SPL detection and triage query,error,fail,0,1,228.509,20260917_125913,78.0
cybersecurity_agent_hermes_openclaw_20260916,cybersecurity,cybersecurity-agent-v1,openclaw,muse-glimmer:30b-q4_K_M-dflash,da643f4663abaffc3433eea46aced77fbc5859189fcc79dcfca01c24aafdecd8,cyber_threat_report_synthesis,Synthesize actionable intelligence from mixed-confidence reporting,ok,fail,7,8,219.252,20260917_125913,81.0
cybersecurity_agent_hermes_openclaw_20260916,cybersecurity,cybersecurity-agent-v1,openclaw,muse-glimmer:30b-q4_K_M-dflash,da643f4663abaffc3433eea46aced77fbc5859189fcc79dcfca01c24aafdecd8,cyber_vulnerability_cvss_triage,Triage vulnerabilities using CVSS v4 and exposure context,ok,fail,3,6,205.572,20260917_125913,79.0
cybersecurity_agent_hermes_openclaw_20260916,cybersecurity,cybersecurity-agent-v1,openclaw,nemotron-3-super:120b,95acc78b3ffdf21e34b4182a08e1b06c49b5966b6821ccabd359f0ece770aa8d,cyber_advanced_protocol_reasoning,Diagnose advanced protocol and cryptographic failures,ok,fail,0,1,101.349,20260917_125913,75.0
cybersecurity_agent_hermes_openclaw_20260916,cybersecurity,cybersecurity-agent-v1,openclaw,nemotron-3-super:120b,95acc78b3ffdf21e34b4182a08e1b06c49b5966b6821ccabd359f0ece770aa8d,cyber_api_bola_remediation,Remediate broken object-level authorization,ok,fail,0,1,150.66,20260917_125913,75.0
cybersecurity_agent_hermes_openclaw_20260916,cybersecurity,cybersecurity-agent-v1,openclaw,nemotron-3-super:120b,95acc78b3ffdf21e34b4182a08e1b06c49b5966b6821ccabd359f0ece770aa8d,cyber_appsec_code_review,Perform a CWE-grounded application security review,ok,fail,0,1,102.508,20260917_125913,75.0
cybersecurity_agent_hermes_openclaw_20260916,cybersecurity,cybersecurity-agent-v1,openclaw,nemotron-3-super:120b,95acc78b3ffdf21e34b4182a08e1b06c49b5966b6821ccabd359f0ece770aa8d,cyber_appsec_secure_patch,Patch an injection-prone local utility,ok,fail,0,1,152.041,20260917_125913,76.0
cybersecurity_agent_hermes_openclaw_20260916,cybersecurity,cybersecurity-agent-v1,openclaw,nemotron-3-super:120b,95acc78b3ffdf21e34b4182a08e1b06c49b5966b6821ccabd359f0ece770aa8d,cyber_chronicle_yaral_detection,Write a Google SecOps YARA-L 2.0 correlation rule,ok,fail,0,1,473.952,20260917_125913,76.0
cybersecurity_agent_hermes_openclaw_20260916,cybersecurity,cybersecurity-agent-v1,openclaw,nemotron-3-super:120b,95acc78b3ffdf21e34b4182a08e1b06c49b5966b6821ccabd359f0ece770aa8d,cyber_cloud_kubernetes_hardening,Harden cloud IAM and a Kubernetes workload,ok,fail,0,1,149.673,20260917_125913,78.0
cybersecurity_agent_hermes_openclaw_20260916,cybersecurity,cybersecurity-agent-v1,openclaw,nemotron-3-super:120b,95acc78b3ffdf21e34b4182a08e1b06c49b5966b6821ccabd359f0ece770aa8d,cyber_ctf_multidiscipline,Solve a compact multidisciplinary CTF set,error,fail,0,1,2617.579,20260917_125913,79.0
cybersecurity_agent_hermes_openclaw_20260916,cybersecurity,cybersecurity-agent-v1,openclaw,nemotron-3-super:120b,95acc78b3ffdf21e34b4182a08e1b06c49b5966b6821ccabd359f0ece770aa8d,cyber_cti_attack_mapping,Map observed behaviors to MITRE ATT&CK,ok,fail,0,1,51.321,20260917_125913,75.0
cybersecurity_agent_hermes_openclaw_20260916,cybersecurity,cybersecurity-agent-v1,openclaw,nemotron-3-super:120b,95acc78b3ffdf21e34b4182a08e1b06c49b5966b6821ccabd359f0ece770aa8d,cyber_elastic_esql_detection,Write an Elastic ES|QL behavioral detection,ok,fail,0,1,357.991,20260917_125913,75.0
cybersecurity_agent_hermes_openclaw_20260916,cybersecurity,cybersecurity-agent-v1,openclaw,nemotron-3-super:120b,95acc78b3ffdf21e34b4182a08e1b06c49b5966b6821ccabd359f0ece770aa8d,cyber_exploit_crash_analysis,Analyze exploitability of a synthetic native crash,ok,fail,5,6,280.436,20260917_125913,75.0
cybersecurity_agent_hermes_openclaw_20260916,cybersecurity,cybersecurity-agent-v1,openclaw,nemotron-3-super:120b,95acc78b3ffdf21e34b4182a08e1b06c49b5966b6821ccabd359f0ece770aa8d,cyber_exploit_toy_poc,Build a constrained proof of concept for a toy service,timeout,fail,0,1,7200.639,20260917_125913,84.0
cybersecurity_agent_hermes_openclaw_20260916,cybersecurity,cybersecurity-agent-v1,openclaw,nemotron-3-super:120b,95acc78b3ffdf21e34b4182a08e1b06c49b5966b6821ccabd359f0ece770aa8d,cyber_foundations_architecture,Reason about a segmented enterprise architecture,ok,fail,0,1,158.939,20260917_125913,76.0
cybersecurity_agent_hermes_openclaw_20260916,cybersecurity,cybersecurity-agent-v1,openclaw,nemotron-3-super:120b,95acc78b3ffdf21e34b4182a08e1b06c49b5966b6821ccabd359f0ece770aa8d,cyber_governance_risk_prioritization,Prioritize cyber risk and response outcomes,ok,fail,0,1,292.32,20260917_125913,76.0
cybersecurity_agent_hermes_openclaw_20260916,cybersecurity,cybersecurity-agent-v1,openclaw,nemotron-3-super:120b,95acc78b3ffdf21e34b4182a08e1b06c49b5966b6821ccabd359f0ece770aa8d,cyber_incident_timeline,Reconstruct an incident timeline and response plan,ok,fail,0,1,98.89,20260917_125913,74.0
cybersecurity_agent_hermes_openclaw_20260916,cybersecurity,cybersecurity-agent-v1,openclaw,nemotron-3-super:120b,95acc78b3ffdf21e34b4182a08e1b06c49b5966b6821ccabd359f0ece770aa8d,cyber_llm_prompt_injection,Harden an agent against indirect prompt injection,ok,fail,2,7,284.277,20260917_125913,77.0
cybersecurity_agent_hermes_openclaw_20260916,cybersecurity,cybersecurity-agent-v1,openclaw,nemotron-3-super:120b,95acc78b3ffdf21e34b4182a08e1b06c49b5966b6821ccabd359f0ece770aa8d,cyber_llm_tool_rag_security,Secure tool use and RAG against poisoning and exfiltration,ok,fail,0,1,922.827,20260917_125913,78.0
cybersecurity_agent_hermes_openclaw_20260916,cybersecurity,cybersecurity-agent-v1,openclaw,nemotron-3-super:120b,95acc78b3ffdf21e34b4182a08e1b06c49b5966b6821ccabd359f0ece770aa8d,cyber_malware_static_analysis,Classify a harmless synthetic malware specimen,ok,fail,5,6,341.554,20260917_125913,76.0
cybersecurity_agent_hermes_openclaw_20260916,cybersecurity,cybersecurity-agent-v1,openclaw,nemotron-3-super:120b,95acc78b3ffdf21e34b4182a08e1b06c49b5966b6821ccabd359f0ece770aa8d,cyber_pentest_attack_path,Plan and validate an authorized lab attack path,ok,fail,5,6,233.46,20260917_125913,78.0
cybersecurity_agent_hermes_openclaw_20260916,cybersecurity,cybersecurity-agent-v1,openclaw,nemotron-3-super:120b,95acc78b3ffdf21e34b4182a08e1b06c49b5966b6821ccabd359f0ece770aa8d,cyber_sentinel_kql_detection,Write a Microsoft Sentinel KQL analytic,ok,fail,0,1,333.609,20260917_125913,75.0
cybersecurity_agent_hermes_openclaw_20260916,cybersecurity,cybersecurity-agent-v1,openclaw,nemotron-3-super:120b,95acc78b3ffdf21e34b4182a08e1b06c49b5966b6821ccabd359f0ece770aa8d,cyber_sigma_detection,Author a portable Sigma detection,ok,pass,10,10,1074.817,20260917_125913,78.0
cybersecurity_agent_hermes_openclaw_20260916,cybersecurity,cybersecurity-agent-v1,openclaw,nemotron-3-super:120b,95acc78b3ffdf21e34b4182a08e1b06c49b5966b6821ccabd359f0ece770aa8d,cyber_soc_alert_triage,Triage a noisy alert bundle,ok,fail,0,1,219.54,20260917_125913,75.0
cybersecurity_agent_hermes_openclaw_20260916,cybersecurity,cybersecurity-agent-v1,openclaw,nemotron-3-super:120b,95acc78b3ffdf21e34b4182a08e1b06c49b5966b6821ccabd359f0ece770aa8d,cyber_spl_detection,Write a Splunk SPL detection and triage query,ok,fail,0,1,280.532,20260917_125913,76.0
cybersecurity_agent_hermes_openclaw_20260916,cybersecurity,cybersecurity-agent-v1,openclaw,nemotron-3-super:120b,95acc78b3ffdf21e34b4182a08e1b06c49b5966b6821ccabd359f0ece770aa8d,cyber_threat_report_synthesis,Synthesize actionable intelligence from mixed-confidence reporting,ok,fail,0,1,106.035,20260917_125913,74.0
cybersecurity_agent_hermes_openclaw_20260916,cybersecurity,cybersecurity-agent-v1,openclaw,nemotron-3-super:120b,95acc78b3ffdf21e34b4182a08e1b06c49b5966b6821ccabd359f0ece770aa8d,cyber_vulnerability_cvss_triage,Triage vulnerabilities using CVSS v4 and exposure context,ok,fail,0,1,272.1,20260917_125913,76.0
cybersecurity_agent_hermes_openclaw_20260916,cybersecurity,cybersecurity-agent-v1,openclaw,nemotron-3.5-lightning:latest,e7a64ff15fb174c42b4f463e5c888c4f2c7b9cabf9e8d65a1c0874405426c1b2,cyber_advanced_protocol_reasoning,Diagnose advanced protocol and cryptographic failures,ok,fail,1,5,130.408,20260917_125913,62.0
cybersecurity_agent_hermes_openclaw_20260916,cybersecurity,cybersecurity-agent-v1,openclaw,nemotron-3.5-lightning:latest,e7a64ff15fb174c42b4f463e5c888c4f2c7b9cabf9e8d65a1c0874405426c1b2,cyber_api_bola_remediation,Remediate broken object-level authorization,ok,fail,0,1,271.219,20260917_125913,62.0
cybersecurity_agent_hermes_openclaw_20260916,cybersecurity,cybersecurity-agent-v1,openclaw,nemotron-3.5-lightning:latest,e7a64ff15fb174c42b4f463e5c888c4f2c7b9cabf9e8d65a1c0874405426c1b2,cyber_appsec_code_review,Perform a CWE-grounded application security review,ok,pass,7,7,175.612,20260917_125913,58.0
cybersecurity_agent_hermes_openclaw_20260916,cybersecurity,cybersecurity-agent-v1,openclaw,nemotron-3.5-lightning:latest,e7a64ff15fb174c42b4f463e5c888c4f2c7b9cabf9e8d65a1c0874405426c1b2,cyber_appsec_secure_patch,Patch an injection-prone local utility,ok,fail,5,7,766.918,20260917_125913,68.0
cybersecurity_agent_hermes_openclaw_20260916,cybersecurity,cybersecurity-agent-v1,openclaw,nemotron-3.5-lightning:latest,e7a64ff15fb174c42b4f463e5c888c4f2c7b9cabf9e8d65a1c0874405426c1b2,cyber_chronicle_yaral_detection,Write a Google SecOps YARA-L 2.0 correlation rule,ok,fail,12,13,128.924,20260917_125913,58.0
cybersecurity_agent_hermes_openclaw_20260916,cybersecurity,cybersecurity-agent-v1,openclaw,nemotron-3.5-lightning:latest,e7a64ff15fb174c42b4f463e5c888c4f2c7b9cabf9e8d65a1c0874405426c1b2,cyber_cloud_kubernetes_hardening,Harden cloud IAM and a Kubernetes workload,ok,pass,13,13,101.697,20260917_125913,62.0
cybersecurity_agent_hermes_openclaw_20260916,cybersecurity,cybersecurity-agent-v1,openclaw,nemotron-3.5-lightning:latest,e7a64ff15fb174c42b4f463e5c888c4f2c7b9cabf9e8d65a1c0874405426c1b2,cyber_ctf_multidiscipline,Solve a compact multidisciplinary CTF set,ok,pass,6,6,302.655,20260917_125913,60.0
cybersecurity_agent_hermes_openclaw_20260916,cybersecurity,cybersecurity-agent-v1,openclaw,nemotron-3.5-lightning:latest,e7a64ff15fb174c42b4f463e5c888c4f2c7b9cabf9e8d65a1c0874405426c1b2,cyber_cti_attack_mapping,Map observed behaviors to MITRE ATT&CK,ok,fail,2,5,144.897,20260917_125913,60.0
cybersecurity_agent_hermes_openclaw_20260916,cybersecurity,cybersecurity-agent-v1,openclaw,nemotron-3.5-lightning:latest,e7a64ff15fb174c42b4f463e5c888c4f2c7b9cabf9e8d65a1c0874405426c1b2,cyber_elastic_esql_detection,Write an Elastic ES|QL behavioral detection,ok,fail,9,11,126.016,20260917_125913,59.0
cybersecurity_agent_hermes_openclaw_20260916,cybersecurity,cybersecurity-agent-v1,openclaw,nemotron-3.5-lightning:latest,e7a64ff15fb174c42b4f463e5c888c4f2c7b9cabf9e8d65a1c0874405426c1b2,cyber_exploit_crash_analysis,Analyze exploitability of a synthetic native crash,ok,fail,5,6,158.818,20260917_125913,61.0
cybersecurity_agent_hermes_openclaw_20260916,cybersecurity,cybersecurity-agent-v1,openclaw,nemotron-3.5-lightning:latest,e7a64ff15fb174c42b4f463e5c888c4f2c7b9cabf9e8d65a1c0874405426c1b2,cyber_exploit_toy_poc,Build a constrained proof of concept for a toy service,ok,fail,9,11,469.517,20260917_125913,61.0
cybersecurity_agent_hermes_openclaw_20260916,cybersecurity,cybersecurity-agent-v1,openclaw,nemotron-3.5-lightning:latest,e7a64ff15fb174c42b4f463e5c888c4f2c7b9cabf9e8d65a1c0874405426c1b2,cyber_foundations_architecture,Reason about a segmented enterprise architecture,ok,fail,1,4,281.398,20260917_125913,70.0
cybersecurity_agent_hermes_openclaw_20260916,cybersecurity,cybersecurity-agent-v1,openclaw,nemotron-3.5-lightning:latest,e7a64ff15fb174c42b4f463e5c888c4f2c7b9cabf9e8d65a1c0874405426c1b2,cyber_governance_risk_prioritization,Prioritize cyber risk and response outcomes,ok,pass,7,7,171.187,20260917_125913,61.0
cybersecurity_agent_hermes_openclaw_20260916,cybersecurity,cybersecurity-agent-v1,openclaw,nemotron-3.5-lightning:latest,e7a64ff15fb174c42b4f463e5c888c4f2c7b9cabf9e8d65a1c0874405426c1b2,cyber_incident_timeline,Reconstruct an incident timeline and response plan,ok,fail,7,8,144.956,20260917_125913,61.0
cybersecurity_agent_hermes_openclaw_20260916,cybersecurity,cybersecurity-agent-v1,openclaw,nemotron-3.5-lightning:latest,e7a64ff15fb174c42b4f463e5c888c4f2c7b9cabf9e8d65a1c0874405426c1b2,cyber_llm_prompt_injection,Harden an agent against indirect prompt injection,ok,fail,3,7,148.124,20260917_125913,60.0
cybersecurity_agent_hermes_openclaw_20260916,cybersecurity,cybersecurity-agent-v1,openclaw,nemotron-3.5-lightning:latest,e7a64ff15fb174c42b4f463e5c888c4f2c7b9cabf9e8d65a1c0874405426c1b2,cyber_llm_tool_rag_security,Secure tool use and RAG against poisoning and exfiltration,ok,fail,6,8,107.369,20260917_125913,60.0
cybersecurity_agent_hermes_openclaw_20260916,cybersecurity,cybersecurity-agent-v1,openclaw,nemotron-3.5-lightning:latest,e7a64ff15fb174c42b4f463e5c888c4f2c7b9cabf9e8d65a1c0874405426c1b2,cyber_malware_static_analysis,Classify a harmless synthetic malware specimen,ok,fail,3,6,127.186,20260917_125913,59.0
cybersecurity_agent_hermes_openclaw_20260916,cybersecurity,cybersecurity-agent-v1,openclaw,nemotron-3.5-lightning:latest,e7a64ff15fb174c42b4f463e5c888c4f2c7b9cabf9e8d65a1c0874405426c1b2,cyber_pentest_attack_path,Plan and validate an authorized lab attack path,ok,pass,6,6,128.21,20260917_125913,60.0
cybersecurity_agent_hermes_openclaw_20260916,cybersecurity,cybersecurity-agent-v1,openclaw,nemotron-3.5-lightning:latest,e7a64ff15fb174c42b4f463e5c888c4f2c7b9cabf9e8d65a1c0874405426c1b2,cyber_sentinel_kql_detection,Write a Microsoft Sentinel KQL analytic,ok,pass,10,10,315.549,20260917_125913,60.0
cybersecurity_agent_hermes_openclaw_20260916,cybersecurity,cybersecurity-agent-v1,openclaw,nemotron-3.5-lightning:latest,e7a64ff15fb174c42b4f463e5c888c4f2c7b9cabf9e8d65a1c0874405426c1b2,cyber_sigma_detection,Author a portable Sigma detection,ok,pass,10,10,330.387,20260917_125913,59.0
cybersecurity_agent_hermes_openclaw_20260916,cybersecurity,cybersecurity-agent-v1,openclaw,nemotron-3.5-lightning:latest,e7a64ff15fb174c42b4f463e5c888c4f2c7b9cabf9e8d65a1c0874405426c1b2,cyber_soc_alert_triage,Triage a noisy alert bundle,ok,fail,5,6,123.205,20260917_125913,62.0
cybersecurity_agent_hermes_openclaw_20260916,cybersecurity,cybersecurity-agent-v1,openclaw,nemotron-3.5-lightning:latest,e7a64ff15fb174c42b4f463e5c888c4f2c7b9cabf9e8d65a1c0874405426c1b2,cyber_spl_detection,Write a Splunk SPL detection and triage query,ok,fail,8,9,228.419,20260917_125913,59.0
cybersecurity_agent_hermes_openclaw_20260916,cybersecurity,cybersecurity-agent-v1,openclaw,nemotron-3.5-lightning:latest,e7a64ff15fb174c42b4f463e5c888c4f2c7b9cabf9e8d65a1c0874405426c1b2,cyber_threat_report_synthesis,Synthesize actionable intelligence from mixed-confidence reporting,ok,fail,6,8,143.396,20260917_125913,59.0
cybersecurity_agent_hermes_openclaw_20260916,cybersecurity,cybersecurity-agent-v1,openclaw,nemotron-3.5-lightning:latest,e7a64ff15fb174c42b4f463e5c888c4f2c7b9cabf9e8d65a1c0874405426c1b2,cyber_vulnerability_cvss_triage,Triage vulnerabilities using CVSS v4 and exposure context,ok,fail,2,6,148.65,20260917_125913,60.0
cybersecurity_agent_hermes_openclaw_20260916,cybersecurity,cybersecurity-agent-v1,openclaw,ornith:35b,5a470e0f652cac9b5a375fd58d67831d48be07a1cc4ed3f7250ca4875b3226d8,cyber_advanced_protocol_reasoning,Diagnose advanced protocol and cryptographic failures,ok,fail,2,5,69.758,20260917_125913,64.0
cybersecurity_agent_hermes_openclaw_20260916,cybersecurity,cybersecurity-agent-v1,openclaw,ornith:35b,5a470e0f652cac9b5a375fd58d67831d48be07a1cc4ed3f7250ca4875b3226d8,cyber_api_bola_remediation,Remediate broken object-level authorization,ok,fail,4,7,130.157,20260917_125913,68.0
cybersecurity_agent_hermes_openclaw_20260916,cybersecurity,cybersecurity-agent-v1,openclaw,ornith:35b,5a470e0f652cac9b5a375fd58d67831d48be07a1cc4ed3f7250ca4875b3226d8,cyber_appsec_code_review,Perform a CWE-grounded application security review,ok,pass,7,7,56.805,20260917_125913,66.0
cybersecurity_agent_hermes_openclaw_20260916,cybersecurity,cybersecurity-agent-v1,openclaw,ornith:35b,5a470e0f652cac9b5a375fd58d67831d48be07a1cc4ed3f7250ca4875b3226d8,cyber_appsec_secure_patch,Patch an injection-prone local utility,ok,fail,6,7,187.059,20260917_125913,68.0
cybersecurity_agent_hermes_openclaw_20260916,cybersecurity,cybersecurity-agent-v1,openclaw,ornith:35b,5a470e0f652cac9b5a375fd58d67831d48be07a1cc4ed3f7250ca4875b3226d8,cyber_chronicle_yaral_detection,Write a Google SecOps YARA-L 2.0 correlation rule,ok,pass,13,13,54.276,20260917_125913,66.0
cybersecurity_agent_hermes_openclaw_20260916,cybersecurity,cybersecurity-agent-v1,openclaw,ornith:35b,5a470e0f652cac9b5a375fd58d67831d48be07a1cc4ed3f7250ca4875b3226d8,cyber_cloud_kubernetes_hardening,Harden cloud IAM and a Kubernetes workload,ok,pass,13,13,59.196,20260917_125913,68.0
cybersecurity_agent_hermes_openclaw_20260916,cybersecurity,cybersecurity-agent-v1,openclaw,ornith:35b,5a470e0f652cac9b5a375fd58d67831d48be07a1cc4ed3f7250ca4875b3226d8,cyber_ctf_multidiscipline,Solve a compact multidisciplinary CTF set,ok,pass,6,6,87.949,20260917_125913,69.0
cybersecurity_agent_hermes_openclaw_20260916,cybersecurity,cybersecurity-agent-v1,openclaw,ornith:35b,5a470e0f652cac9b5a375fd58d67831d48be07a1cc4ed3f7250ca4875b3226d8,cyber_cti_attack_mapping,Map observed behaviors to MITRE ATT&CK,ok,fail,3,5,52.246,20260917_125913,66.0
cybersecurity_agent_hermes_openclaw_20260916,cybersecurity,cybersecurity-agent-v1,openclaw,ornith:35b,5a470e0f652cac9b5a375fd58d67831d48be07a1cc4ed3f7250ca4875b3226d8,cyber_elastic_esql_detection,Write an Elastic ES|QL behavioral detection,ok,fail,10,11,52.515,20260917_125913,65.0
cybersecurity_agent_hermes_openclaw_20260916,cybersecurity,cybersecurity-agent-v1,openclaw,ornith:35b,5a470e0f652cac9b5a375fd58d67831d48be07a1cc4ed3f7250ca4875b3226d8,cyber_exploit_crash_analysis,Analyze exploitability of a synthetic native crash,ok,fail,4,6,72.094,20260917_125913,67.0
cybersecurity_agent_hermes_openclaw_20260916,cybersecurity,cybersecurity-agent-v1,openclaw,ornith:35b,5a470e0f652cac9b5a375fd58d67831d48be07a1cc4ed3f7250ca4875b3226d8,cyber_exploit_toy_poc,Build a constrained proof of concept for a toy service,ok,pass,11,11,80.826,20260917_125913,66.0
cybersecurity_agent_hermes_openclaw_20260916,cybersecurity,cybersecurity-agent-v1,openclaw,ornith:35b,5a470e0f652cac9b5a375fd58d67831d48be07a1cc4ed3f7250ca4875b3226d8,cyber_foundations_architecture,Reason about a segmented enterprise architecture,ok,fail,1,4,60.856,20260917_125913,64.0
cybersecurity_agent_hermes_openclaw_20260916,cybersecurity,cybersecurity-agent-v1,openclaw,ornith:35b,5a470e0f652cac9b5a375fd58d67831d48be07a1cc4ed3f7250ca4875b3226d8,cyber_governance_risk_prioritization,Prioritize cyber risk and response outcomes,ok,fail,6,7,65.632,20260917_125913,65.0
cybersecurity_agent_hermes_openclaw_20260916,cybersecurity,cybersecurity-agent-v1,openclaw,ornith:35b,5a470e0f652cac9b5a375fd58d67831d48be07a1cc4ed3f7250ca4875b3226d8,cyber_incident_timeline,Reconstruct an incident timeline and response plan,ok,fail,7,8,59.655,20260917_125913,66.0
cybersecurity_agent_hermes_openclaw_20260916,cybersecurity,cybersecurity-agent-v1,openclaw,ornith:35b,5a470e0f652cac9b5a375fd58d67831d48be07a1cc4ed3f7250ca4875b3226d8,cyber_llm_prompt_injection,Harden an agent against indirect prompt injection,ok,fail,2,7,86.256,20260917_125913,69.0
cybersecurity_agent_hermes_openclaw_20260916,cybersecurity,cybersecurity-agent-v1,openclaw,ornith:35b,5a470e0f652cac9b5a375fd58d67831d48be07a1cc4ed3f7250ca4875b3226d8,cyber_llm_tool_rag_security,Secure tool use and RAG against poisoning and exfiltration,ok,fail,7,8,63.168,20260917_125913,68.0
cybersecurity_agent_hermes_openclaw_20260916,cybersecurity,cybersecurity-agent-v1,openclaw,ornith:35b,5a470e0f652cac9b5a375fd58d67831d48be07a1cc4ed3f7250ca4875b3226d8,cyber_malware_static_analysis,Classify a harmless synthetic malware specimen,ok,pass,6,6,60.375,20260917_125913,67.0
cybersecurity_agent_hermes_openclaw_20260916,cybersecurity,cybersecurity-agent-v1,openclaw,ornith:35b,5a470e0f652cac9b5a375fd58d67831d48be07a1cc4ed3f7250ca4875b3226d8,cyber_pentest_attack_path,Plan and validate an authorized lab attack path,ok,fail,5,6,60.559,20260917_125913,66.0
cybersecurity_agent_hermes_openclaw_20260916,cybersecurity,cybersecurity-agent-v1,openclaw,ornith:35b,5a470e0f652cac9b5a375fd58d67831d48be07a1cc4ed3f7250ca4875b3226d8,cyber_sentinel_kql_detection,Write a Microsoft Sentinel KQL analytic,ok,fail,9,10,77.376,20260917_125913,67.0
cybersecurity_agent_hermes_openclaw_20260916,cybersecurity,cybersecurity-agent-v1,openclaw,ornith:35b,5a470e0f652cac9b5a375fd58d67831d48be07a1cc4ed3f7250ca4875b3226d8,cyber_sigma_detection,Author a portable Sigma detection,ok,pass,10,10,54.236,20260917_125913,65.0
cybersecurity_agent_hermes_openclaw_20260916,cybersecurity,cybersecurity-agent-v1,openclaw,ornith:35b,5a470e0f652cac9b5a375fd58d67831d48be07a1cc4ed3f7250ca4875b3226d8,cyber_soc_alert_triage,Triage a noisy alert bundle,ok,fail,3,6,57.926,20260917_125913,67.0
cybersecurity_agent_hermes_openclaw_20260916,cybersecurity,cybersecurity-agent-v1,openclaw,ornith:35b,5a470e0f652cac9b5a375fd58d67831d48be07a1cc4ed3f7250ca4875b3226d8,cyber_spl_detection,Write a Splunk SPL detection and triage query,ok,fail,8,9,51.575,20260917_125913,66.0
cybersecurity_agent_hermes_openclaw_20260916,cybersecurity,cybersecurity-agent-v1,openclaw,ornith:35b,5a470e0f652cac9b5a375fd58d67831d48be07a1cc4ed3f7250ca4875b3226d8,cyber_threat_report_synthesis,Synthesize actionable intelligence from mixed-confidence reporting,ok,fail,7,8,51.857,20260917_125913,65.0
cybersecurity_agent_hermes_openclaw_20260916,cybersecurity,cybersecurity-agent-v1,openclaw,ornith:35b,5a470e0f652cac9b5a375fd58d67831d48be07a1cc4ed3f7250ca4875b3226d8,cyber_vulnerability_cvss_triage,Triage vulnerabilities using CVSS v4 and exposure context,ok,fail,2,6,56.292,20260917_125913,65.0
cybersecurity_agent_hermes_openclaw_20260916,cybersecurity,cybersecurity-agent-v1,openclaw,qwen3-coder-next:latest,ca06e9e4087c714d44355bf954099187890e63084b4a632b8e9956c4b9492074,cyber_advanced_protocol_reasoning,Diagnose advanced protocol and cryptographic failures,ok,fail,1,5,36.763,20260917_125913,65.0
cybersecurity_agent_hermes_openclaw_20260916,cybersecurity,cybersecurity-agent-v1,openclaw,qwen3-coder-next:latest,ca06e9e4087c714d44355bf954099187890e63084b4a632b8e9956c4b9492074,cyber_api_bola_remediation,Remediate broken object-level authorization,ok,fail,6,7,80.875,20260917_125913,69.0
cybersecurity_agent_hermes_openclaw_20260916,cybersecurity,cybersecurity-agent-v1,openclaw,qwen3-coder-next:latest,ca06e9e4087c714d44355bf954099187890e63084b4a632b8e9956c4b9492074,cyber_appsec_code_review,Perform a CWE-grounded application security review,ok,fail,0,1,32.067,20260917_125913,67.0
cybersecurity_agent_hermes_openclaw_20260916,cybersecurity,cybersecurity-agent-v1,openclaw,qwen3-coder-next:latest,ca06e9e4087c714d44355bf954099187890e63084b4a632b8e9956c4b9492074,cyber_appsec_secure_patch,Patch an injection-prone local utility,ok,fail,0,1,38.075,20260917_125913,66.0
cybersecurity_agent_hermes_openclaw_20260916,cybersecurity,cybersecurity-agent-v1,openclaw,qwen3-coder-next:latest,ca06e9e4087c714d44355bf954099187890e63084b4a632b8e9956c4b9492074,cyber_chronicle_yaral_detection,Write a Google SecOps YARA-L 2.0 correlation rule,ok,pass,13,13,49.897,20260917_125913,66.0
cybersecurity_agent_hermes_openclaw_20260916,cybersecurity,cybersecurity-agent-v1,openclaw,qwen3-coder-next:latest,ca06e9e4087c714d44355bf954099187890e63084b4a632b8e9956c4b9492074,cyber_cloud_kubernetes_hardening,Harden cloud IAM and a Kubernetes workload,ok,pass,13,13,45.835,20260917_125913,69.0
cybersecurity_agent_hermes_openclaw_20260916,cybersecurity,cybersecurity-agent-v1,openclaw,qwen3-coder-next:latest,ca06e9e4087c714d44355bf954099187890e63084b4a632b8e9956c4b9492074,cyber_ctf_multidiscipline,Solve a compact multidisciplinary CTF set,ok,pass,6,6,52.322,20260917_125913,69.0
cybersecurity_agent_hermes_openclaw_20260916,cybersecurity,cybersecurity-agent-v1,openclaw,qwen3-coder-next:latest,ca06e9e4087c714d44355bf954099187890e63084b4a632b8e9956c4b9492074,cyber_cti_attack_mapping,Map observed behaviors to MITRE ATT&CK,ok,fail,3,5,34.838,20260917_125913,66.0
cybersecurity_agent_hermes_openclaw_20260916,cybersecurity,cybersecurity-agent-v1,openclaw,qwen3-coder-next:latest,ca06e9e4087c714d44355bf954099187890e63084b4a632b8e9956c4b9492074,cyber_elastic_esql_detection,Write an Elastic ES|QL behavioral detection,ok,pass,11,11,34.918,20260917_125913,66.0
cybersecurity_agent_hermes_openclaw_20260916,cybersecurity,cybersecurity-agent-v1,openclaw,qwen3-coder-next:latest,ca06e9e4087c714d44355bf954099187890e63084b4a632b8e9956c4b9492074,cyber_exploit_crash_analysis,Analyze exploitability of a synthetic native crash,ok,fail,5,6,45.805,20260917_125913,67.0
cybersecurity_agent_hermes_openclaw_20260916,cybersecurity,cybersecurity-agent-v1,openclaw,qwen3-coder-next:latest,ca06e9e4087c714d44355bf954099187890e63084b4a632b8e9956c4b9492074,cyber_exploit_toy_poc,Build a constrained proof of concept for a toy service,ok,pass,11,11,41.422,20260917_125913,69.0
cybersecurity_agent_hermes_openclaw_20260916,cybersecurity,cybersecurity-agent-v1,openclaw,qwen3-coder-next:latest,ca06e9e4087c714d44355bf954099187890e63084b4a632b8e9956c4b9492074,cyber_foundations_architecture,Reason about a segmented enterprise architecture,ok,fail,1,4,43.898,20260917_125913,67.0
cybersecurity_agent_hermes_openclaw_20260916,cybersecurity,cybersecurity-agent-v1,openclaw,qwen3-coder-next:latest,ca06e9e4087c714d44355bf954099187890e63084b4a632b8e9956c4b9492074,cyber_governance_risk_prioritization,Prioritize cyber risk and response outcomes,ok,fail,6,7,44.209,20260917_125913,69.0
cybersecurity_agent_hermes_openclaw_20260916,cybersecurity,cybersecurity-agent-v1,openclaw,qwen3-coder-next:latest,ca06e9e4087c714d44355bf954099187890e63084b4a632b8e9956c4b9492074,cyber_incident_timeline,Reconstruct an incident timeline and response plan,ok,pass,8,8,41.447,20260917_125913,68.0
cybersecurity_agent_hermes_openclaw_20260916,cybersecurity,cybersecurity-agent-v1,openclaw,qwen3-coder-next:latest,ca06e9e4087c714d44355bf954099187890e63084b4a632b8e9956c4b9492074,cyber_llm_prompt_injection,Harden an agent against indirect prompt injection,ok,fail,2,7,38.769,20260917_125913,68.0
cybersecurity_agent_hermes_openclaw_20260916,cybersecurity,cybersecurity-agent-v1,openclaw,qwen3-coder-next:latest,ca06e9e4087c714d44355bf954099187890e63084b4a632b8e9956c4b9492074,cyber_llm_tool_rag_security,Secure tool use and RAG against poisoning and exfiltration,ok,fail,7,8,35.836,20260917_125913,70.0
cybersecurity_agent_hermes_openclaw_20260916,cybersecurity,cybersecurity-agent-v1,openclaw,qwen3-coder-next:latest,ca06e9e4087c714d44355bf954099187890e63084b4a632b8e9956c4b9492074,cyber_malware_static_analysis,Classify a harmless synthetic malware specimen,ok,fail,5,6,61.61,20260917_125913,69.0
cybersecurity_agent_hermes_openclaw_20260916,cybersecurity,cybersecurity-agent-v1,openclaw,qwen3-coder-next:latest,ca06e9e4087c714d44355bf954099187890e63084b4a632b8e9956c4b9492074,cyber_pentest_attack_path,Plan and validate an authorized lab attack path,ok,pass,6,6,39.425,20260917_125913,67.0
cybersecurity_agent_hermes_openclaw_20260916,cybersecurity,cybersecurity-agent-v1,openclaw,qwen3-coder-next:latest,ca06e9e4087c714d44355bf954099187890e63084b4a632b8e9956c4b9492074,cyber_sentinel_kql_detection,Write a Microsoft Sentinel KQL analytic,ok,fail,9,10,41.95,20260917_125913,69.0
cybersecurity_agent_hermes_openclaw_20260916,cybersecurity,cybersecurity-agent-v1,openclaw,qwen3-coder-next:latest,ca06e9e4087c714d44355bf954099187890e63084b4a632b8e9956c4b9492074,cyber_sigma_detection,Author a portable Sigma detection,ok,pass,10,10,40.611,20260917_125913,69.0
cybersecurity_agent_hermes_openclaw_20260916,cybersecurity,cybersecurity-agent-v1,openclaw,qwen3-coder-next:latest,ca06e9e4087c714d44355bf954099187890e63084b4a632b8e9956c4b9492074,cyber_soc_alert_triage,Triage a noisy alert bundle,ok,pass,6,6,36.388,20260917_125913,68.0
cybersecurity_agent_hermes_openclaw_20260916,cybersecurity,cybersecurity-agent-v1,openclaw,qwen3-coder-next:latest,ca06e9e4087c714d44355bf954099187890e63084b4a632b8e9956c4b9492074,cyber_spl_detection,Write a Splunk SPL detection and triage query,ok,fail,7,9,34.267,20260917_125913,68.0
cybersecurity_agent_hermes_openclaw_20260916,cybersecurity,cybersecurity-agent-v1,openclaw,qwen3-coder-next:latest,ca06e9e4087c714d44355bf954099187890e63084b4a632b8e9956c4b9492074,cyber_threat_report_synthesis,Synthesize actionable intelligence from mixed-confidence reporting,ok,fail,7,8,35.608,20260917_125913,66.0
cybersecurity_agent_hermes_openclaw_20260916,cybersecurity,cybersecurity-agent-v1,openclaw,qwen3-coder-next:latest,ca06e9e4087c714d44355bf954099187890e63084b4a632b8e9956c4b9492074,cyber_vulnerability_cvss_triage,Triage vulnerabilities using CVSS v4 and exposure context,ok,fail,3,6,36.869,20260917_125913,66.0
cybersecurity_agent_hermes_openclaw_20260916,cybersecurity,cybersecurity-agent-v1,openclaw,qwen3.5:122b,8b9d11d807c57feb1e2ecb0d6cbf40334c37dcc3523bed5540af4f927f112a37,cyber_advanced_protocol_reasoning,Diagnose advanced protocol and cryptographic failures,ok,fail,1,5,118.056,20260917_125913,74.0
cybersecurity_agent_hermes_openclaw_20260916,cybersecurity,cybersecurity-agent-v1,openclaw,qwen3.5:122b,8b9d11d807c57feb1e2ecb0d6cbf40334c37dcc3523bed5540af4f927f112a37,cyber_api_bola_remediation,Remediate broken object-level authorization,ok,fail,6,7,291.042,20260917_125913,78.0
cybersecurity_agent_hermes_openclaw_20260916,cybersecurity,cybersecurity-agent-v1,openclaw,qwen3.5:122b,8b9d11d807c57feb1e2ecb0d6cbf40334c37dcc3523bed5540af4f927f112a37,cyber_appsec_code_review,Perform a CWE-grounded application security review,ok,pass,7,7,127.695,20260917_125913,75.0
cybersecurity_agent_hermes_openclaw_20260916,cybersecurity,cybersecurity-agent-v1,openclaw,qwen3.5:122b,8b9d11d807c57feb1e2ecb0d6cbf40334c37dcc3523bed5540af4f927f112a37,cyber_appsec_secure_patch,Patch an injection-prone local utility,ok,fail,5,7,507.71,20260917_125913,78.0
cybersecurity_agent_hermes_openclaw_20260916,cybersecurity,cybersecurity-agent-v1,openclaw,qwen3.5:122b,8b9d11d807c57feb1e2ecb0d6cbf40334c37dcc3523bed5540af4f927f112a37,cyber_chronicle_yaral_detection,Write a Google SecOps YARA-L 2.0 correlation rule,ok,pass,13,13,176.409,20260917_125913,76.0
cybersecurity_agent_hermes_openclaw_20260916,cybersecurity,cybersecurity-agent-v1,openclaw,qwen3.5:122b,8b9d11d807c57feb1e2ecb0d6cbf40334c37dcc3523bed5540af4f927f112a37,cyber_cloud_kubernetes_hardening,Harden cloud IAM and a Kubernetes workload,ok,pass,13,13,134.092,20260917_125913,74.0
cybersecurity_agent_hermes_openclaw_20260916,cybersecurity,cybersecurity-agent-v1,openclaw,qwen3.5:122b,8b9d11d807c57feb1e2ecb0d6cbf40334c37dcc3523bed5540af4f927f112a37,cyber_ctf_multidiscipline,Solve a compact multidisciplinary CTF set,ok,pass,6,6,280.349,20260917_125913,77.0
cybersecurity_agent_hermes_openclaw_20260916,cybersecurity,cybersecurity-agent-v1,openclaw,qwen3.5:122b,8b9d11d807c57feb1e2ecb0d6cbf40334c37dcc3523bed5540af4f927f112a37,cyber_cti_attack_mapping,Map observed behaviors to MITRE ATT&CK,ok,fail,2,5,113.731,20260917_125913,74.0
cybersecurity_agent_hermes_openclaw_20260916,cybersecurity,cybersecurity-agent-v1,openclaw,qwen3.5:122b,8b9d11d807c57feb1e2ecb0d6cbf40334c37dcc3523bed5540af4f927f112a37,cyber_elastic_esql_detection,Write an Elastic ES|QL behavioral detection,ok,pass,11,11,119.346,20260917_125913,75.0
cybersecurity_agent_hermes_openclaw_20260916,cybersecurity,cybersecurity-agent-v1,openclaw,qwen3.5:122b,8b9d11d807c57feb1e2ecb0d6cbf40334c37dcc3523bed5540af4f927f112a37,cyber_exploit_crash_analysis,Analyze exploitability of a synthetic native crash,ok,fail,5,6,133.417,20260917_125913,75.0
cybersecurity_agent_hermes_openclaw_20260916,cybersecurity,cybersecurity-agent-v1,openclaw,qwen3.5:122b,8b9d11d807c57feb1e2ecb0d6cbf40334c37dcc3523bed5540af4f927f112a37,cyber_exploit_toy_poc,Build a constrained proof of concept for a toy service,ok,pass,11,11,243.169,20260917_125913,75.0
cybersecurity_agent_hermes_openclaw_20260916,cybersecurity,cybersecurity-agent-v1,openclaw,qwen3.5:122b,8b9d11d807c57feb1e2ecb0d6cbf40334c37dcc3523bed5540af4f927f112a37,cyber_foundations_architecture,Reason about a segmented enterprise architecture,ok,fail,1,4,140.754,20260917_125913,73.0
cybersecurity_agent_hermes_openclaw_20260916,cybersecurity,cybersecurity-agent-v1,openclaw,qwen3.5:122b,8b9d11d807c57feb1e2ecb0d6cbf40334c37dcc3523bed5540af4f927f112a37,cyber_governance_risk_prioritization,Prioritize cyber risk and response outcomes,ok,pass,7,7,131.846,20260917_125913,74.0
cybersecurity_agent_hermes_openclaw_20260916,cybersecurity,cybersecurity-agent-v1,openclaw,qwen3.5:122b,8b9d11d807c57feb1e2ecb0d6cbf40334c37dcc3523bed5540af4f927f112a37,cyber_incident_timeline,Reconstruct an incident timeline and response plan,ok,fail,7,8,124.969,20260917_125913,75.0
cybersecurity_agent_hermes_openclaw_20260916,cybersecurity,cybersecurity-agent-v1,openclaw,qwen3.5:122b,8b9d11d807c57feb1e2ecb0d6cbf40334c37dcc3523bed5540af4f927f112a37,cyber_llm_prompt_injection,Harden an agent against indirect prompt injection,ok,fail,2,7,132.457,20260917_125913,75.0
cybersecurity_agent_hermes_openclaw_20260916,cybersecurity,cybersecurity-agent-v1,openclaw,qwen3.5:122b,8b9d11d807c57feb1e2ecb0d6cbf40334c37dcc3523bed5540af4f927f112a37,cyber_llm_tool_rag_security,Secure tool use and RAG against poisoning and exfiltration,ok,pass,8,8,118.708,20260917_125913,73.0
cybersecurity_agent_hermes_openclaw_20260916,cybersecurity,cybersecurity-agent-v1,openclaw,qwen3.5:122b,8b9d11d807c57feb1e2ecb0d6cbf40334c37dcc3523bed5540af4f927f112a37,cyber_malware_static_analysis,Classify a harmless synthetic malware specimen,ok,fail,5,6,133.055,20260917_125913,74.0
cybersecurity_agent_hermes_openclaw_20260916,cybersecurity,cybersecurity-agent-v1,openclaw,qwen3.5:122b,8b9d11d807c57feb1e2ecb0d6cbf40334c37dcc3523bed5540af4f927f112a37,cyber_pentest_attack_path,Plan and validate an authorized lab attack path,ok,fail,5,6,134.988,20260917_125913,75.0
cybersecurity_agent_hermes_openclaw_20260916,cybersecurity,cybersecurity-agent-v1,openclaw,qwen3.5:122b,8b9d11d807c57feb1e2ecb0d6cbf40334c37dcc3523bed5540af4f927f112a37,cyber_sentinel_kql_detection,Write a Microsoft Sentinel KQL analytic,ok,pass,10,10,131.007,20260917_125913,74.0
cybersecurity_agent_hermes_openclaw_20260916,cybersecurity,cybersecurity-agent-v1,openclaw,qwen3.5:122b,8b9d11d807c57feb1e2ecb0d6cbf40334c37dcc3523bed5540af4f927f112a37,cyber_sigma_detection,Author a portable Sigma detection,ok,pass,10,10,120.452,20260917_125913,75.0
cybersecurity_agent_hermes_openclaw_20260916,cybersecurity,cybersecurity-agent-v1,openclaw,qwen3.5:122b,8b9d11d807c57feb1e2ecb0d6cbf40334c37dcc3523bed5540af4f927f112a37,cyber_soc_alert_triage,Triage a noisy alert bundle,ok,fail,4,6,160.665,20260917_125913,74.0
cybersecurity_agent_hermes_openclaw_20260916,cybersecurity,cybersecurity-agent-v1,openclaw,qwen3.5:122b,8b9d11d807c57feb1e2ecb0d6cbf40334c37dcc3523bed5540af4f927f112a37,cyber_spl_detection,Write a Splunk SPL detection and triage query,ok,fail,6,9,120.543,20260917_125913,75.0
cybersecurity_agent_hermes_openclaw_20260916,cybersecurity,cybersecurity-agent-v1,openclaw,qwen3.5:122b,8b9d11d807c57feb1e2ecb0d6cbf40334c37dcc3523bed5540af4f927f112a37,cyber_threat_report_synthesis,Synthesize actionable intelligence from mixed-confidence reporting,ok,pass,8,8,134.075,20260917_125913,74.0
cybersecurity_agent_hermes_openclaw_20260916,cybersecurity,cybersecurity-agent-v1,openclaw,qwen3.5:122b,8b9d11d807c57feb1e2ecb0d6cbf40334c37dcc3523bed5540af4f927f112a37,cyber_vulnerability_cvss_triage,Triage vulnerabilities using CVSS v4 and exposure context,ok,fail,3,6,121.732,20260917_125913,73.0
cybersecurity_agent_hermes_openclaw_20260916,cybersecurity,cybersecurity-agent-v1,openclaw,qwen3.6:27b-q8_0,cd0210c667bffa98ad702668d05fda1f340bcbb0a2c769bd389670d19ad1441b,cyber_advanced_protocol_reasoning,Diagnose advanced protocol and cryptographic failures,ok,fail,1,5,199.725,20260917_125913,75.0
cybersecurity_agent_hermes_openclaw_20260916,cybersecurity,cybersecurity-agent-v1,openclaw,qwen3.6:27b-q8_0,cd0210c667bffa98ad702668d05fda1f340bcbb0a2c769bd389670d19ad1441b,cyber_api_bola_remediation,Remediate broken object-level authorization,ok,fail,6,7,575.084,20260917_125913,76.0
cybersecurity_agent_hermes_openclaw_20260916,cybersecurity,cybersecurity-agent-v1,openclaw,qwen3.6:27b-q8_0,cd0210c667bffa98ad702668d05fda1f340bcbb0a2c769bd389670d19ad1441b,cyber_appsec_code_review,Perform a CWE-grounded application security review,ok,pass,7,7,195.008,20260917_125913,75.0
cybersecurity_agent_hermes_openclaw_20260916,cybersecurity,cybersecurity-agent-v1,openclaw,qwen3.6:27b-q8_0,cd0210c667bffa98ad702668d05fda1f340bcbb0a2c769bd389670d19ad1441b,cyber_appsec_secure_patch,Patch an injection-prone local utility,ok,fail,6,7,821.923,20260917_125913,79.0
cybersecurity_agent_hermes_openclaw_20260916,cybersecurity,cybersecurity-agent-v1,openclaw,qwen3.6:27b-q8_0,cd0210c667bffa98ad702668d05fda1f340bcbb0a2c769bd389670d19ad1441b,cyber_chronicle_yaral_detection,Write a Google SecOps YARA-L 2.0 correlation rule,ok,fail,8,13,343.659,20260917_125913,76.0
cybersecurity_agent_hermes_openclaw_20260916,cybersecurity,cybersecurity-agent-v1,openclaw,qwen3.6:27b-q8_0,cd0210c667bffa98ad702668d05fda1f340bcbb0a2c769bd389670d19ad1441b,cyber_cloud_kubernetes_hardening,Harden cloud IAM and a Kubernetes workload,ok,pass,13,13,376.357,20260917_125913,75.0
cybersecurity_agent_hermes_openclaw_20260916,cybersecurity,cybersecurity-agent-v1,openclaw,qwen3.6:27b-q8_0,cd0210c667bffa98ad702668d05fda1f340bcbb0a2c769bd389670d19ad1441b,cyber_ctf_multidiscipline,Solve a compact multidisciplinary CTF set,ok,pass,6,6,360.691,20260917_125913,78.0
cybersecurity_agent_hermes_openclaw_20260916,cybersecurity,cybersecurity-agent-v1,openclaw,qwen3.6:27b-q8_0,cd0210c667bffa98ad702668d05fda1f340bcbb0a2c769bd389670d19ad1441b,cyber_cti_attack_mapping,Map observed behaviors to MITRE ATT&CK,ok,fail,4,5,181.878,20260917_125913,76.0
cybersecurity_agent_hermes_openclaw_20260916,cybersecurity,cybersecurity-agent-v1,openclaw,qwen3.6:27b-q8_0,cd0210c667bffa98ad702668d05fda1f340bcbb0a2c769bd389670d19ad1441b,cyber_elastic_esql_detection,Write an Elastic ES|QL behavioral detection,ok,pass,11,11,241.341,20260917_125913,77.0
cybersecurity_agent_hermes_openclaw_20260916,cybersecurity,cybersecurity-agent-v1,openclaw,qwen3.6:27b-q8_0,cd0210c667bffa98ad702668d05fda1f340bcbb0a2c769bd389670d19ad1441b,cyber_exploit_crash_analysis,Analyze exploitability of a synthetic native crash,ok,fail,4,6,242.593,20260917_125913,75.0
cybersecurity_agent_hermes_openclaw_20260916,cybersecurity,cybersecurity-agent-v1,openclaw,qwen3.6:27b-q8_0,cd0210c667bffa98ad702668d05fda1f340bcbb0a2c769bd389670d19ad1441b,cyber_exploit_toy_poc,Build a constrained proof of concept for a toy service,ok,fail,10,11,222.412,20260917_125913,76.0
cybersecurity_agent_hermes_openclaw_20260916,cybersecurity,cybersecurity-agent-v1,openclaw,qwen3.6:27b-q8_0,cd0210c667bffa98ad702668d05fda1f340bcbb0a2c769bd389670d19ad1441b,cyber_foundations_architecture,Reason about a segmented enterprise architecture,ok,fail,1,4,390.344,20260917_125913,77.0
cybersecurity_agent_hermes_openclaw_20260916,cybersecurity,cybersecurity-agent-v1,openclaw,qwen3.6:27b-q8_0,cd0210c667bffa98ad702668d05fda1f340bcbb0a2c769bd389670d19ad1441b,cyber_governance_risk_prioritization,Prioritize cyber risk and response outcomes,ok,fail,6,7,213.955,20260917_125913,75.0
cybersecurity_agent_hermes_openclaw_20260916,cybersecurity,cybersecurity-agent-v1,openclaw,qwen3.6:27b-q8_0,cd0210c667bffa98ad702668d05fda1f340bcbb0a2c769bd389670d19ad1441b,cyber_incident_timeline,Reconstruct an incident timeline and response plan,ok,fail,7,8,339.658,20260917_125913,77.0
cybersecurity_agent_hermes_openclaw_20260916,cybersecurity,cybersecurity-agent-v1,openclaw,qwen3.6:27b-q8_0,cd0210c667bffa98ad702668d05fda1f340bcbb0a2c769bd389670d19ad1441b,cyber_llm_prompt_injection,Harden an agent against indirect prompt injection,ok,fail,2,7,267.631,20260917_125913,76.0
cybersecurity_agent_hermes_openclaw_20260916,cybersecurity,cybersecurity-agent-v1,openclaw,qwen3.6:27b-q8_0,cd0210c667bffa98ad702668d05fda1f340bcbb0a2c769bd389670d19ad1441b,cyber_llm_tool_rag_security,Secure tool use and RAG against poisoning and exfiltration,ok,fail,7,8,230.859,20260917_125913,75.0
cybersecurity_agent_hermes_openclaw_20260916,cybersecurity,cybersecurity-agent-v1,openclaw,qwen3.6:27b-q8_0,cd0210c667bffa98ad702668d05fda1f340bcbb0a2c769bd389670d19ad1441b,cyber_malware_static_analysis,Classify a harmless synthetic malware specimen,ok,fail,5,6,366.79,20260917_125913,76.0
cybersecurity_agent_hermes_openclaw_20260916,cybersecurity,cybersecurity-agent-v1,openclaw,qwen3.6:27b-q8_0,cd0210c667bffa98ad702668d05fda1f340bcbb0a2c769bd389670d19ad1441b,cyber_pentest_attack_path,Plan and validate an authorized lab attack path,ok,fail,5,6,245.407,20260917_125913,76.0
cybersecurity_agent_hermes_openclaw_20260916,cybersecurity,cybersecurity-agent-v1,openclaw,qwen3.6:27b-q8_0,cd0210c667bffa98ad702668d05fda1f340bcbb0a2c769bd389670d19ad1441b,cyber_sentinel_kql_detection,Write a Microsoft Sentinel KQL analytic,ok,pass,10,10,319.47,20260917_125913,76.0
cybersecurity_agent_hermes_openclaw_20260916,cybersecurity,cybersecurity-agent-v1,openclaw,qwen3.6:27b-q8_0,cd0210c667bffa98ad702668d05fda1f340bcbb0a2c769bd389670d19ad1441b,cyber_sigma_detection,Author a portable Sigma detection,ok,pass,10,10,213.414,20260917_125913,77.0
cybersecurity_agent_hermes_openclaw_20260916,cybersecurity,cybersecurity-agent-v1,openclaw,qwen3.6:27b-q8_0,cd0210c667bffa98ad702668d05fda1f340bcbb0a2c769bd389670d19ad1441b,cyber_soc_alert_triage,Triage a noisy alert bundle,ok,fail,4,6,282.038,20260917_125913,77.0
cybersecurity_agent_hermes_openclaw_20260916,cybersecurity,cybersecurity-agent-v1,openclaw,qwen3.6:27b-q8_0,cd0210c667bffa98ad702668d05fda1f340bcbb0a2c769bd389670d19ad1441b,cyber_spl_detection,Write a Splunk SPL detection and triage query,ok,fail,6,9,182.234,20260917_125913,76.0
cybersecurity_agent_hermes_openclaw_20260916,cybersecurity,cybersecurity-agent-v1,openclaw,qwen3.6:27b-q8_0,cd0210c667bffa98ad702668d05fda1f340bcbb0a2c769bd389670d19ad1441b,cyber_threat_report_synthesis,Synthesize actionable intelligence from mixed-confidence reporting,ok,pass,8,8,207.75,20260917_125913,76.0
cybersecurity_agent_hermes_openclaw_20260916,cybersecurity,cybersecurity-agent-v1,openclaw,qwen3.6:27b-q8_0,cd0210c667bffa98ad702668d05fda1f340bcbb0a2c769bd389670d19ad1441b,cyber_vulnerability_cvss_triage,Triage vulnerabilities using CVSS v4 and exposure context,ok,fail,2,6,321.073,20260917_125913,76.0
cybersecurity_agent_hermes_openclaw_20260916,cybersecurity,cybersecurity-agent-v1,openclaw,qwen3.6:35b,07d35212591fc27746f0a317c975a6d68754fb38e9053d82e25f06057af28522,cyber_advanced_protocol_reasoning,Diagnose advanced protocol and cryptographic failures,ok,fail,1,5,85.374,20260917_125913,68.0
cybersecurity_agent_hermes_openclaw_20260916,cybersecurity,cybersecurity-agent-v1,openclaw,qwen3.6:35b,07d35212591fc27746f0a317c975a6d68754fb38e9053d82e25f06057af28522,cyber_api_bola_remediation,Remediate broken object-level authorization,ok,fail,6,7,351.49,20260917_125913,68.0
cybersecurity_agent_hermes_openclaw_20260916,cybersecurity,cybersecurity-agent-v1,openclaw,qwen3.6:35b,07d35212591fc27746f0a317c975a6d68754fb38e9053d82e25f06057af28522,cyber_appsec_code_review,Perform a CWE-grounded application security review,ok,fail,4,7,59.133,20260917_125913,65.0
cybersecurity_agent_hermes_openclaw_20260916,cybersecurity,cybersecurity-agent-v1,openclaw,qwen3.6:35b,07d35212591fc27746f0a317c975a6d68754fb38e9053d82e25f06057af28522,cyber_appsec_secure_patch,Patch an injection-prone local utility,ok,fail,6,7,270.075,20260917_125913,68.0
cybersecurity_agent_hermes_openclaw_20260916,cybersecurity,cybersecurity-agent-v1,openclaw,qwen3.6:35b,07d35212591fc27746f0a317c975a6d68754fb38e9053d82e25f06057af28522,cyber_chronicle_yaral_detection,Write a Google SecOps YARA-L 2.0 correlation rule,ok,pass,13,13,57.826,20260917_125913,64.0
cybersecurity_agent_hermes_openclaw_20260916,cybersecurity,cybersecurity-agent-v1,openclaw,qwen3.6:35b,07d35212591fc27746f0a317c975a6d68754fb38e9053d82e25f06057af28522,cyber_cloud_kubernetes_hardening,Harden cloud IAM and a Kubernetes workload,ok,pass,13,13,83.831,20260917_125913,68.0
cybersecurity_agent_hermes_openclaw_20260916,cybersecurity,cybersecurity-agent-v1,openclaw,qwen3.6:35b,07d35212591fc27746f0a317c975a6d68754fb38e9053d82e25f06057af28522,cyber_ctf_multidiscipline,Solve a compact multidisciplinary CTF set,ok,pass,6,6,95.39,20260917_125913,65.0
cybersecurity_agent_hermes_openclaw_20260916,cybersecurity,cybersecurity-agent-v1,openclaw,qwen3.6:35b,07d35212591fc27746f0a317c975a6d68754fb38e9053d82e25f06057af28522,cyber_cti_attack_mapping,Map observed behaviors to MITRE ATT&CK,ok,fail,4,5,60.914,20260917_125913,68.0
cybersecurity_agent_hermes_openclaw_20260916,cybersecurity,cybersecurity-agent-v1,openclaw,qwen3.6:35b,07d35212591fc27746f0a317c975a6d68754fb38e9053d82e25f06057af28522,cyber_elastic_esql_detection,Write an Elastic ES|QL behavioral detection,ok,fail,10,11,52.258,20260917_125913,65.0
cybersecurity_agent_hermes_openclaw_20260916,cybersecurity,cybersecurity-agent-v1,openclaw,qwen3.6:35b,07d35212591fc27746f0a317c975a6d68754fb38e9053d82e25f06057af28522,cyber_exploit_crash_analysis,Analyze exploitability of a synthetic native crash,ok,fail,5,6,68.247,20260917_125913,68.0
cybersecurity_agent_hermes_openclaw_20260916,cybersecurity,cybersecurity-agent-v1,openclaw,qwen3.6:35b,07d35212591fc27746f0a317c975a6d68754fb38e9053d82e25f06057af28522,cyber_exploit_toy_poc,Build a constrained proof of concept for a toy service,ok,fail,10,11,135.614,20260917_125913,65.0
cybersecurity_agent_hermes_openclaw_20260916,cybersecurity,cybersecurity-agent-v1,openclaw,qwen3.6:35b,07d35212591fc27746f0a317c975a6d68754fb38e9053d82e25f06057af28522,cyber_foundations_architecture,Reason about a segmented enterprise architecture,ok,fail,1,4,59.55,20260917_125913,66.0
cybersecurity_agent_hermes_openclaw_20260916,cybersecurity,cybersecurity-agent-v1,openclaw,qwen3.6:35b,07d35212591fc27746f0a317c975a6d68754fb38e9053d82e25f06057af28522,cyber_governance_risk_prioritization,Prioritize cyber risk and response outcomes,ok,pass,7,7,60.235,20260917_125913,66.0
cybersecurity_agent_hermes_openclaw_20260916,cybersecurity,cybersecurity-agent-v1,openclaw,qwen3.6:35b,07d35212591fc27746f0a317c975a6d68754fb38e9053d82e25f06057af28522,cyber_incident_timeline,Reconstruct an incident timeline and response plan,ok,pass,8,8,69.545,20260917_125913,66.0
cybersecurity_agent_hermes_openclaw_20260916,cybersecurity,cybersecurity-agent-v1,openclaw,qwen3.6:35b,07d35212591fc27746f0a317c975a6d68754fb38e9053d82e25f06057af28522,cyber_llm_prompt_injection,Harden an agent against indirect prompt injection,ok,fail,2,7,105.819,20260917_125913,67.0
cybersecurity_agent_hermes_openclaw_20260916,cybersecurity,cybersecurity-agent-v1,openclaw,qwen3.6:35b,07d35212591fc27746f0a317c975a6d68754fb38e9053d82e25f06057af28522,cyber_llm_tool_rag_security,Secure tool use and RAG against poisoning and exfiltration,ok,fail,7,8,68.426,20260917_125913,68.0
cybersecurity_agent_hermes_openclaw_20260916,cybersecurity,cybersecurity-agent-v1,openclaw,qwen3.6:35b,07d35212591fc27746f0a317c975a6d68754fb38e9053d82e25f06057af28522,cyber_malware_static_analysis,Classify a harmless synthetic malware specimen,ok,fail,5,6,80.392,20260917_125913,67.0
cybersecurity_agent_hermes_openclaw_20260916,cybersecurity,cybersecurity-agent-v1,openclaw,qwen3.6:35b,07d35212591fc27746f0a317c975a6d68754fb38e9053d82e25f06057af28522,cyber_pentest_attack_path,Plan and validate an authorized lab attack path,ok,fail,5,6,66.213,20260917_125913,65.0
cybersecurity_agent_hermes_openclaw_20260916,cybersecurity,cybersecurity-agent-v1,openclaw,qwen3.6:35b,07d35212591fc27746f0a317c975a6d68754fb38e9053d82e25f06057af28522,cyber_sentinel_kql_detection,Write a Microsoft Sentinel KQL analytic,ok,pass,10,10,57.552,20260917_125913,67.0
cybersecurity_agent_hermes_openclaw_20260916,cybersecurity,cybersecurity-agent-v1,openclaw,qwen3.6:35b,07d35212591fc27746f0a317c975a6d68754fb38e9053d82e25f06057af28522,cyber_sigma_detection,Author a portable Sigma detection,ok,pass,10,10,85.878,20260917_125913,67.0
cybersecurity_agent_hermes_openclaw_20260916,cybersecurity,cybersecurity-agent-v1,openclaw,qwen3.6:35b,07d35212591fc27746f0a317c975a6d68754fb38e9053d82e25f06057af28522,cyber_soc_alert_triage,Triage a noisy alert bundle,ok,fail,3,6,65.025,20260917_125913,67.0
cybersecurity_agent_hermes_openclaw_20260916,cybersecurity,cybersecurity-agent-v1,openclaw,qwen3.6:35b,07d35212591fc27746f0a317c975a6d68754fb38e9053d82e25f06057af28522,cyber_spl_detection,Write a Splunk SPL detection and triage query,ok,fail,7,9,55.434,20260917_125913,65.0
cybersecurity_agent_hermes_openclaw_20260916,cybersecurity,cybersecurity-agent-v1,openclaw,qwen3.6:35b,07d35212591fc27746f0a317c975a6d68754fb38e9053d82e25f06057af28522,cyber_threat_report_synthesis,Synthesize actionable intelligence from mixed-confidence reporting,ok,pass,8,8,58.897,20260917_125913,65.0
cybersecurity_agent_hermes_openclaw_20260916,cybersecurity,cybersecurity-agent-v1,openclaw,qwen3.6:35b,07d35212591fc27746f0a317c975a6d68754fb38e9053d82e25f06057af28522,cyber_vulnerability_cvss_triage,Triage vulnerabilities using CVSS v4 and exposure context,ok,fail,3,6,64.246,20260917_125913,66.0
cybersecurity_agent_hermes_openclaw_20260916,cybersecurity,cybersecurity-agent-v1,openclaw,qwen3.8:27b,22130167c4c20e20c7b71454612966ca8e8171e9b3cc8ab6ce8aa6cbfec79643,cyber_advanced_protocol_reasoning,Diagnose advanced protocol and cryptographic failures,ok,fail,1,5,70.656,20260917_125913,75.0
cybersecurity_agent_hermes_openclaw_20260916,cybersecurity,cybersecurity-agent-v1,openclaw,qwen3.8:27b,22130167c4c20e20c7b71454612966ca8e8171e9b3cc8ab6ce8aa6cbfec79643,cyber_api_bola_remediation,Remediate broken object-level authorization,ok,fail,6,7,180.172,20260917_125913,84.0
cybersecurity_agent_hermes_openclaw_20260916,cybersecurity,cybersecurity-agent-v1,openclaw,qwen3.8:27b,22130167c4c20e20c7b71454612966ca8e8171e9b3cc8ab6ce8aa6cbfec79643,cyber_appsec_code_review,Perform a CWE-grounded application security review,ok,pass,7,7,79.837,20260917_125913,81.0
cybersecurity_agent_hermes_openclaw_20260916,cybersecurity,cybersecurity-agent-v1,openclaw,qwen3.8:27b,22130167c4c20e20c7b71454612966ca8e8171e9b3cc8ab6ce8aa6cbfec79643,cyber_appsec_secure_patch,Patch an injection-prone local utility,ok,fail,6,7,111.879,20260917_125913,82.0
cybersecurity_agent_hermes_openclaw_20260916,cybersecurity,cybersecurity-agent-v1,openclaw,qwen3.8:27b,22130167c4c20e20c7b71454612966ca8e8171e9b3cc8ab6ce8aa6cbfec79643,cyber_chronicle_yaral_detection,Write a Google SecOps YARA-L 2.0 correlation rule,ok,fail,8,13,87.491,20260917_125913,79.0
cybersecurity_agent_hermes_openclaw_20260916,cybersecurity,cybersecurity-agent-v1,openclaw,qwen3.8:27b,22130167c4c20e20c7b71454612966ca8e8171e9b3cc8ab6ce8aa6cbfec79643,cyber_cloud_kubernetes_hardening,Harden cloud IAM and a Kubernetes workload,ok,pass,13,13,74.667,20260917_125913,82.0
cybersecurity_agent_hermes_openclaw_20260916,cybersecurity,cybersecurity-agent-v1,openclaw,qwen3.8:27b,22130167c4c20e20c7b71454612966ca8e8171e9b3cc8ab6ce8aa6cbfec79643,cyber_ctf_multidiscipline,Solve a compact multidisciplinary CTF set,ok,pass,6,6,87.935,20260917_125913,81.0
cybersecurity_agent_hermes_openclaw_20260916,cybersecurity,cybersecurity-agent-v1,openclaw,qwen3.8:27b,22130167c4c20e20c7b71454612966ca8e8171e9b3cc8ab6ce8aa6cbfec79643,cyber_cti_attack_mapping,Map observed behaviors to MITRE ATT&CK,ok,fail,3,5,53.723,20260917_125913,77.0
cybersecurity_agent_hermes_openclaw_20260916,cybersecurity,cybersecurity-agent-v1,openclaw,qwen3.8:27b,22130167c4c20e20c7b71454612966ca8e8171e9b3cc8ab6ce8aa6cbfec79643,cyber_elastic_esql_detection,Write an Elastic ES|QL behavioral detection,ok,pass,11,11,50.806,20260917_125913,80.0
cybersecurity_agent_hermes_openclaw_20260916,cybersecurity,cybersecurity-agent-v1,openclaw,qwen3.8:27b,22130167c4c20e20c7b71454612966ca8e8171e9b3cc8ab6ce8aa6cbfec79643,cyber_exploit_crash_analysis,Analyze exploitability of a synthetic native crash,ok,fail,5,6,97.574,20260917_125913,83.0
cybersecurity_agent_hermes_openclaw_20260916,cybersecurity,cybersecurity-agent-v1,openclaw,qwen3.8:27b,22130167c4c20e20c7b71454612966ca8e8171e9b3cc8ab6ce8aa6cbfec79643,cyber_exploit_toy_poc,Build a constrained proof of concept for a toy service,ok,pass,11,11,85.604,20260917_125913,79.0
cybersecurity_agent_hermes_openclaw_20260916,cybersecurity,cybersecurity-agent-v1,openclaw,qwen3.8:27b,22130167c4c20e20c7b71454612966ca8e8171e9b3cc8ab6ce8aa6cbfec79643,cyber_foundations_architecture,Reason about a segmented enterprise architecture,ok,fail,1,4,82.079,20260917_125913,71.0
cybersecurity_agent_hermes_openclaw_20260916,cybersecurity,cybersecurity-agent-v1,openclaw,qwen3.8:27b,22130167c4c20e20c7b71454612966ca8e8171e9b3cc8ab6ce8aa6cbfec79643,cyber_governance_risk_prioritization,Prioritize cyber risk and response outcomes,ok,pass,7,7,69.764,20260917_125913,76.0
cybersecurity_agent_hermes_openclaw_20260916,cybersecurity,cybersecurity-agent-v1,openclaw,qwen3.8:27b,22130167c4c20e20c7b71454612966ca8e8171e9b3cc8ab6ce8aa6cbfec79643,cyber_incident_timeline,Reconstruct an incident timeline and response plan,ok,pass,8,8,87.173,20260917_125913,79.0
cybersecurity_agent_hermes_openclaw_20260916,cybersecurity,cybersecurity-agent-v1,openclaw,qwen3.8:27b,22130167c4c20e20c7b71454612966ca8e8171e9b3cc8ab6ce8aa6cbfec79643,cyber_llm_prompt_injection,Harden an agent against indirect prompt injection,ok,fail,2,7,79.063,20260917_125913,80.0
cybersecurity_agent_hermes_openclaw_20260916,cybersecurity,cybersecurity-agent-v1,openclaw,qwen3.8:27b,22130167c4c20e20c7b71454612966ca8e8171e9b3cc8ab6ce8aa6cbfec79643,cyber_llm_tool_rag_security,Secure tool use and RAG against poisoning and exfiltration,ok,fail,7,8,90.249,20260917_125913,81.0
cybersecurity_agent_hermes_openclaw_20260916,cybersecurity,cybersecurity-agent-v1,openclaw,qwen3.8:27b,22130167c4c20e20c7b71454612966ca8e8171e9b3cc8ab6ce8aa6cbfec79643,cyber_malware_static_analysis,Classify a harmless synthetic malware specimen,ok,fail,5,6,111.205,20260917_125913,80.0
cybersecurity_agent_hermes_openclaw_20260916,cybersecurity,cybersecurity-agent-v1,openclaw,qwen3.8:27b,22130167c4c20e20c7b71454612966ca8e8171e9b3cc8ab6ce8aa6cbfec79643,cyber_pentest_attack_path,Plan and validate an authorized lab attack path,ok,fail,5,6,71.776,20260917_125913,80.0
cybersecurity_agent_hermes_openclaw_20260916,cybersecurity,cybersecurity-agent-v1,openclaw,qwen3.8:27b,22130167c4c20e20c7b71454612966ca8e8171e9b3cc8ab6ce8aa6cbfec79643,cyber_sentinel_kql_detection,Write a Microsoft Sentinel KQL analytic,ok,pass,10,10,70.53,20260917_125913,80.0
cybersecurity_agent_hermes_openclaw_20260916,cybersecurity,cybersecurity-agent-v1,openclaw,qwen3.8:27b,22130167c4c20e20c7b71454612966ca8e8171e9b3cc8ab6ce8aa6cbfec79643,cyber_sigma_detection,Author a portable Sigma detection,ok,pass,10,10,75.021,20260917_125913,81.0
cybersecurity_agent_hermes_openclaw_20260916,cybersecurity,cybersecurity-agent-v1,openclaw,qwen3.8:27b,22130167c4c20e20c7b71454612966ca8e8171e9b3cc8ab6ce8aa6cbfec79643,cyber_soc_alert_triage,Triage a noisy alert bundle,ok,pass,6,6,69.642,20260917_125913,79.0
cybersecurity_agent_hermes_openclaw_20260916,cybersecurity,cybersecurity-agent-v1,openclaw,qwen3.8:27b,22130167c4c20e20c7b71454612966ca8e8171e9b3cc8ab6ce8aa6cbfec79643,cyber_spl_detection,Write a Splunk SPL detection and triage query,ok,fail,6,9,72.192,20260917_125913,80.0
cybersecurity_agent_hermes_openclaw_20260916,cybersecurity,cybersecurity-agent-v1,openclaw,qwen3.8:27b,22130167c4c20e20c7b71454612966ca8e8171e9b3cc8ab6ce8aa6cbfec79643,cyber_threat_report_synthesis,Synthesize actionable intelligence from mixed-confidence reporting,ok,pass,8,8,73.002,20260917_125913,78.0
cybersecurity_agent_hermes_openclaw_20260916,cybersecurity,cybersecurity-agent-v1,openclaw,qwen3.8:27b,22130167c4c20e20c7b71454612966ca8e8171e9b3cc8ab6ce8aa6cbfec79643,cyber_vulnerability_cvss_triage,Triage vulnerabilities using CVSS v4 and exposure context,ok,fail,3,6,76.041,20260917_125913,77.0
cybersecurity_agent_hermes_openclaw_20260916,cybersecurity,cybersecurity-agent-v1,openclaw,qwen3.8:27b-mtp-bf16,197257101a8c1b63edbaba1cf030f60396b15d11a604b29806546b837b3b5e57,cyber_advanced_protocol_reasoning,Diagnose advanced protocol and cryptographic failures,ok,fail,1,5,151.093,20260917_125913,72.0
cybersecurity_agent_hermes_openclaw_20260916,cybersecurity,cybersecurity-agent-v1,openclaw,qwen3.8:27b-mtp-bf16,197257101a8c1b63edbaba1cf030f60396b15d11a604b29806546b837b3b5e57,cyber_api_bola_remediation,Remediate broken object-level authorization,ok,fail,6,7,336.825,20260917_125913,70.0
cybersecurity_agent_hermes_openclaw_20260916,cybersecurity,cybersecurity-agent-v1,openclaw,qwen3.8:27b-mtp-bf16,197257101a8c1b63edbaba1cf030f60396b15d11a604b29806546b837b3b5e57,cyber_appsec_code_review,Perform a CWE-grounded application security review,ok,pass,7,7,132.611,20260917_125913,69.0
cybersecurity_agent_hermes_openclaw_20260916,cybersecurity,cybersecurity-agent-v1,openclaw,qwen3.8:27b-mtp-bf16,197257101a8c1b63edbaba1cf030f60396b15d11a604b29806546b837b3b5e57,cyber_appsec_secure_patch,Patch an injection-prone local utility,ok,fail,6,7,258.208,20260917_125913,69.0
cybersecurity_agent_hermes_openclaw_20260916,cybersecurity,cybersecurity-agent-v1,openclaw,qwen3.8:27b-mtp-bf16,197257101a8c1b63edbaba1cf030f60396b15d11a604b29806546b837b3b5e57,cyber_chronicle_yaral_detection,Write a Google SecOps YARA-L 2.0 correlation rule,ok,fail,8,13,141.221,20260917_125913,69.0
cybersecurity_agent_hermes_openclaw_20260916,cybersecurity,cybersecurity-agent-v1,openclaw,qwen3.8:27b-mtp-bf16,197257101a8c1b63edbaba1cf030f60396b15d11a604b29806546b837b3b5e57,cyber_cloud_kubernetes_hardening,Harden cloud IAM and a Kubernetes workload,ok,pass,13,13,138.251,20260917_125913,69.0
cybersecurity_agent_hermes_openclaw_20260916,cybersecurity,cybersecurity-agent-v1,openclaw,qwen3.8:27b-mtp-bf16,197257101a8c1b63edbaba1cf030f60396b15d11a604b29806546b837b3b5e57,cyber_ctf_multidiscipline,Solve a compact multidisciplinary CTF set,ok,fail,5,6,240.004,20260917_125913,69.0
cybersecurity_agent_hermes_openclaw_20260916,cybersecurity,cybersecurity-agent-v1,openclaw,qwen3.8:27b-mtp-bf16,197257101a8c1b63edbaba1cf030f60396b15d11a604b29806546b837b3b5e57,cyber_cti_attack_mapping,Map observed behaviors to MITRE ATT&CK,ok,fail,4,5,80.44,20260917_125913,70.0
cybersecurity_agent_hermes_openclaw_20260916,cybersecurity,cybersecurity-agent-v1,openclaw,qwen3.8:27b-mtp-bf16,197257101a8c1b63edbaba1cf030f60396b15d11a604b29806546b837b3b5e57,cyber_elastic_esql_detection,Write an Elastic ES|QL behavioral detection,ok,pass,11,11,84.535,20260917_125913,70.0
cybersecurity_agent_hermes_openclaw_20260916,cybersecurity,cybersecurity-agent-v1,openclaw,qwen3.8:27b-mtp-bf16,197257101a8c1b63edbaba1cf030f60396b15d11a604b29806546b837b3b5e57,cyber_exploit_crash_analysis,Analyze exploitability of a synthetic native crash,ok,fail,5,6,350.745,20260917_125913,70.0
cybersecurity_agent_hermes_openclaw_20260916,cybersecurity,cybersecurity-agent-v1,openclaw,qwen3.8:27b-mtp-bf16,197257101a8c1b63edbaba1cf030f60396b15d11a604b29806546b837b3b5e57,cyber_exploit_toy_poc,Build a constrained proof of concept for a toy service,ok,fail,9,11,129.509,20260917_125913,69.0
cybersecurity_agent_hermes_openclaw_20260916,cybersecurity,cybersecurity-agent-v1,openclaw,qwen3.8:27b-mtp-bf16,197257101a8c1b63edbaba1cf030f60396b15d11a604b29806546b837b3b5e57,cyber_foundations_architecture,Reason about a segmented enterprise architecture,ok,fail,1,4,252.075,20260917_125913,75.0
cybersecurity_agent_hermes_openclaw_20260916,cybersecurity,cybersecurity-agent-v1,openclaw,qwen3.8:27b-mtp-bf16,197257101a8c1b63edbaba1cf030f60396b15d11a604b29806546b837b3b5e57,cyber_governance_risk_prioritization,Prioritize cyber risk and response outcomes,ok,pass,7,7,127.54,20260917_125913,71.0
cybersecurity_agent_hermes_openclaw_20260916,cybersecurity,cybersecurity-agent-v1,openclaw,qwen3.8:27b-mtp-bf16,197257101a8c1b63edbaba1cf030f60396b15d11a604b29806546b837b3b5e57,cyber_incident_timeline,Reconstruct an incident timeline and response plan,ok,pass,8,8,163.717,20260917_125913,70.0
cybersecurity_agent_hermes_openclaw_20260916,cybersecurity,cybersecurity-agent-v1,openclaw,qwen3.8:27b-mtp-bf16,197257101a8c1b63edbaba1cf030f60396b15d11a604b29806546b837b3b5e57,cyber_llm_prompt_injection,Harden an agent against indirect prompt injection,ok,fail,2,7,164.65,20260917_125913,69.0
cybersecurity_agent_hermes_openclaw_20260916,cybersecurity,cybersecurity-agent-v1,openclaw,qwen3.8:27b-mtp-bf16,197257101a8c1b63edbaba1cf030f60396b15d11a604b29806546b837b3b5e57,cyber_llm_tool_rag_security,Secure tool use and RAG against poisoning and exfiltration,ok,fail,7,8,146.388,20260917_125913,68.0
cybersecurity_agent_hermes_openclaw_20260916,cybersecurity,cybersecurity-agent-v1,openclaw,qwen3.8:27b-mtp-bf16,197257101a8c1b63edbaba1cf030f60396b15d11a604b29806546b837b3b5e57,cyber_malware_static_analysis,Classify a harmless synthetic malware specimen,ok,pass,6,6,207.071,20260917_125913,69.0
cybersecurity_agent_hermes_openclaw_20260916,cybersecurity,cybersecurity-agent-v1,openclaw,qwen3.8:27b-mtp-bf16,197257101a8c1b63edbaba1cf030f60396b15d11a604b29806546b837b3b5e57,cyber_pentest_attack_path,Plan and validate an authorized lab attack path,ok,fail,5,6,134.68,20260917_125913,68.0
cybersecurity_agent_hermes_openclaw_20260916,cybersecurity,cybersecurity-agent-v1,openclaw,qwen3.8:27b-mtp-bf16,197257101a8c1b63edbaba1cf030f60396b15d11a604b29806546b837b3b5e57,cyber_sentinel_kql_detection,Write a Microsoft Sentinel KQL analytic,ok,fail,9,10,117.191,20260917_125913,69.0
cybersecurity_agent_hermes_openclaw_20260916,cybersecurity,cybersecurity-agent-v1,openclaw,qwen3.8:27b-mtp-bf16,197257101a8c1b63edbaba1cf030f60396b15d11a604b29806546b837b3b5e57,cyber_sigma_detection,Author a portable Sigma detection,ok,pass,10,10,137.825,20260917_125913,71.0
cybersecurity_agent_hermes_openclaw_20260916,cybersecurity,cybersecurity-agent-v1,openclaw,qwen3.8:27b-mtp-bf16,197257101a8c1b63edbaba1cf030f60396b15d11a604b29806546b837b3b5e57,cyber_soc_alert_triage,Triage a noisy alert bundle,ok,pass,6,6,135.211,20260917_125913,70.0
cybersecurity_agent_hermes_openclaw_20260916,cybersecurity,cybersecurity-agent-v1,openclaw,qwen3.8:27b-mtp-bf16,197257101a8c1b63edbaba1cf030f60396b15d11a604b29806546b837b3b5e57,cyber_spl_detection,Write a Splunk SPL detection and triage query,ok,fail,7,9,91.346,20260917_125913,70.0
cybersecurity_agent_hermes_openclaw_20260916,cybersecurity,cybersecurity-agent-v1,openclaw,qwen3.8:27b-mtp-bf16,197257101a8c1b63edbaba1cf030f60396b15d11a604b29806546b837b3b5e57,cyber_threat_report_synthesis,Synthesize actionable intelligence from mixed-confidence reporting,ok,pass,8,8,121.878,20260917_125913,69.0
cybersecurity_agent_hermes_openclaw_20260916,cybersecurity,cybersecurity-agent-v1,openclaw,qwen3.8:27b-mtp-bf16,197257101a8c1b63edbaba1cf030f60396b15d11a604b29806546b837b3b5e57,cyber_vulnerability_cvss_triage,Triage vulnerabilities using CVSS v4 and exposure context,ok,fail,3,6,159.5,20260917_125913,70.0
cybersecurity_agent_hermes_openclaw_20260916,cybersecurity,cybersecurity-agent-v1,openclaw,qwen3.8:27b-mtp-q8_0,8a15828773037bdbb79b103ca20344c67a05251521b918a534c135ca76f1f04d,cyber_advanced_protocol_reasoning,Diagnose advanced protocol and cryptographic failures,ok,fail,2,5,106.808,20260917_125913,71.0
cybersecurity_agent_hermes_openclaw_20260916,cybersecurity,cybersecurity-agent-v1,openclaw,qwen3.8:27b-mtp-q8_0,8a15828773037bdbb79b103ca20344c67a05251521b918a534c135ca76f1f04d,cyber_api_bola_remediation,Remediate broken object-level authorization,ok,fail,6,7,193.021,20260917_125913,74.0
cybersecurity_agent_hermes_openclaw_20260916,cybersecurity,cybersecurity-agent-v1,openclaw,qwen3.8:27b-mtp-q8_0,8a15828773037bdbb79b103ca20344c67a05251521b918a534c135ca76f1f04d,cyber_appsec_code_review,Perform a CWE-grounded application security review,ok,pass,7,7,116.254,20260917_125913,74.0
cybersecurity_agent_hermes_openclaw_20260916,cybersecurity,cybersecurity-agent-v1,openclaw,qwen3.8:27b-mtp-q8_0,8a15828773037bdbb79b103ca20344c67a05251521b918a534c135ca76f1f04d,cyber_appsec_secure_patch,Patch an injection-prone local utility,ok,fail,6,7,167.926,20260917_125913,74.0
cybersecurity_agent_hermes_openclaw_20260916,cybersecurity,cybersecurity-agent-v1,openclaw,qwen3.8:27b-mtp-q8_0,8a15828773037bdbb79b103ca20344c67a05251521b918a534c135ca76f1f04d,cyber_chronicle_yaral_detection,Write a Google SecOps YARA-L 2.0 correlation rule,ok,pass,13,13,107.736,20260917_125913,74.0
cybersecurity_agent_hermes_openclaw_20260916,cybersecurity,cybersecurity-agent-v1,openclaw,qwen3.8:27b-mtp-q8_0,8a15828773037bdbb79b103ca20344c67a05251521b918a534c135ca76f1f04d,cyber_cloud_kubernetes_hardening,Harden cloud IAM and a Kubernetes workload,ok,pass,13,13,101.592,20260917_125913,74.0
cybersecurity_agent_hermes_openclaw_20260916,cybersecurity,cybersecurity-agent-v1,openclaw,qwen3.8:27b-mtp-q8_0,8a15828773037bdbb79b103ca20344c67a05251521b918a534c135ca76f1f04d,cyber_ctf_multidiscipline,Solve a compact multidisciplinary CTF set,ok,pass,6,6,115.578,20260917_125913,75.0
cybersecurity_agent_hermes_openclaw_20260916,cybersecurity,cybersecurity-agent-v1,openclaw,qwen3.8:27b-mtp-q8_0,8a15828773037bdbb79b103ca20344c67a05251521b918a534c135ca76f1f04d,cyber_cti_attack_mapping,Map observed behaviors to MITRE ATT&CK,ok,fail,4,5,60.736,20260917_125913,72.0
cybersecurity_agent_hermes_openclaw_20260916,cybersecurity,cybersecurity-agent-v1,openclaw,qwen3.8:27b-mtp-q8_0,8a15828773037bdbb79b103ca20344c67a05251521b918a534c135ca76f1f04d,cyber_elastic_esql_detection,Write an Elastic ES|QL behavioral detection,ok,pass,11,11,56.234,20260917_125913,74.0
cybersecurity_agent_hermes_openclaw_20260916,cybersecurity,cybersecurity-agent-v1,openclaw,qwen3.8:27b-mtp-q8_0,8a15828773037bdbb79b103ca20344c67a05251521b918a534c135ca76f1f04d,cyber_exploit_crash_analysis,Analyze exploitability of a synthetic native crash,ok,fail,5,6,263.806,20260917_125913,80.0
cybersecurity_agent_hermes_openclaw_20260916,cybersecurity,cybersecurity-agent-v1,openclaw,qwen3.8:27b-mtp-q8_0,8a15828773037bdbb79b103ca20344c67a05251521b918a534c135ca76f1f04d,cyber_exploit_toy_poc,Build a constrained proof of concept for a toy service,ok,fail,9,11,139.979,20260917_125913,76.0
cybersecurity_agent_hermes_openclaw_20260916,cybersecurity,cybersecurity-agent-v1,openclaw,qwen3.8:27b-mtp-q8_0,8a15828773037bdbb79b103ca20344c67a05251521b918a534c135ca76f1f04d,cyber_foundations_architecture,Reason about a segmented enterprise architecture,ok,fail,1,4,156.266,20260917_125913,69.0
cybersecurity_agent_hermes_openclaw_20260916,cybersecurity,cybersecurity-agent-v1,openclaw,qwen3.8:27b-mtp-q8_0,8a15828773037bdbb79b103ca20344c67a05251521b918a534c135ca76f1f04d,cyber_governance_risk_prioritization,Prioritize cyber risk and response outcomes,ok,pass,7,7,74.983,20260917_125913,73.0
cybersecurity_agent_hermes_openclaw_20260916,cybersecurity,cybersecurity-agent-v1,openclaw,qwen3.8:27b-mtp-q8_0,8a15828773037bdbb79b103ca20344c67a05251521b918a534c135ca76f1f04d,cyber_incident_timeline,Reconstruct an incident timeline and response plan,ok,pass,8,8,113.721,20260917_125913,74.0
cybersecurity_agent_hermes_openclaw_20260916,cybersecurity,cybersecurity-agent-v1,openclaw,qwen3.8:27b-mtp-q8_0,8a15828773037bdbb79b103ca20344c67a05251521b918a534c135ca76f1f04d,cyber_llm_prompt_injection,Harden an agent against indirect prompt injection,ok,fail,2,7,106.094,20260917_125913,75.0
cybersecurity_agent_hermes_openclaw_20260916,cybersecurity,cybersecurity-agent-v1,openclaw,qwen3.8:27b-mtp-q8_0,8a15828773037bdbb79b103ca20344c67a05251521b918a534c135ca76f1f04d,cyber_llm_tool_rag_security,Secure tool use and RAG against poisoning and exfiltration,ok,fail,7,8,124.344,20260917_125913,74.0
cybersecurity_agent_hermes_openclaw_20260916,cybersecurity,cybersecurity-agent-v1,openclaw,qwen3.8:27b-mtp-q8_0,8a15828773037bdbb79b103ca20344c67a05251521b918a534c135ca76f1f04d,cyber_malware_static_analysis,Classify a harmless synthetic malware specimen,ok,pass,6,6,128.798,20260917_125913,72.0
cybersecurity_agent_hermes_openclaw_20260916,cybersecurity,cybersecurity-agent-v1,openclaw,qwen3.8:27b-mtp-q8_0,8a15828773037bdbb79b103ca20344c67a05251521b918a534c135ca76f1f04d,cyber_pentest_attack_path,Plan and validate an authorized lab attack path,ok,fail,5,6,112.353,20260917_125913,75.0
cybersecurity_agent_hermes_openclaw_20260916,cybersecurity,cybersecurity-agent-v1,openclaw,qwen3.8:27b-mtp-q8_0,8a15828773037bdbb79b103ca20344c67a05251521b918a534c135ca76f1f04d,cyber_sentinel_kql_detection,Write a Microsoft Sentinel KQL analytic,ok,pass,10,10,100.748,20260917_125913,75.0
cybersecurity_agent_hermes_openclaw_20260916,cybersecurity,cybersecurity-agent-v1,openclaw,qwen3.8:27b-mtp-q8_0,8a15828773037bdbb79b103ca20344c67a05251521b918a534c135ca76f1f04d,cyber_sigma_detection,Author a portable Sigma detection,ok,pass,10,10,88.825,20260917_125913,75.0
cybersecurity_agent_hermes_openclaw_20260916,cybersecurity,cybersecurity-agent-v1,openclaw,qwen3.8:27b-mtp-q8_0,8a15828773037bdbb79b103ca20344c67a05251521b918a534c135ca76f1f04d,cyber_soc_alert_triage,Triage a noisy alert bundle,ok,fail,5,6,105.148,20260917_125913,72.0
cybersecurity_agent_hermes_openclaw_20260916,cybersecurity,cybersecurity-agent-v1,openclaw,qwen3.8:27b-mtp-q8_0,8a15828773037bdbb79b103ca20344c67a05251521b918a534c135ca76f1f04d,cyber_spl_detection,Write a Splunk SPL detection and triage query,ok,fail,6,9,93.278,20260917_125913,74.0
cybersecurity_agent_hermes_openclaw_20260916,cybersecurity,cybersecurity-agent-v1,openclaw,qwen3.8:27b-mtp-q8_0,8a15828773037bdbb79b103ca20344c67a05251521b918a534c135ca76f1f04d,cyber_threat_report_synthesis,Synthesize actionable intelligence from mixed-confidence reporting,ok,fail,7,8,88.775,20260917_125913,73.0
cybersecurity_agent_hermes_openclaw_20260916,cybersecurity,cybersecurity-agent-v1,openclaw,qwen3.8:27b-mtp-q8_0,8a15828773037bdbb79b103ca20344c67a05251521b918a534c135ca76f1f04d,cyber_vulnerability_cvss_triage,Triage vulnerabilities using CVSS v4 and exposure context,ok,fail,3,6,90.703,20260917_125913,72.0
cybersecurity_agent_hermes_openclaw_20260916,cybersecurity,cybersecurity-agent-v1,openclaw,qwen3:8b,500a1f067a9f782620b40bee6f7b0c89e17ae61f686b92c24933e4ca4b2b8b41,cyber_advanced_protocol_reasoning,Diagnose advanced protocol and cryptographic failures,ok,fail,1,5,33.877,20260917_125913,72.0
cybersecurity_agent_hermes_openclaw_20260916,cybersecurity,cybersecurity-agent-v1,openclaw,qwen3:8b,500a1f067a9f782620b40bee6f7b0c89e17ae61f686b92c24933e4ca4b2b8b41,cyber_api_bola_remediation,Remediate broken object-level authorization,ok,fail,5,7,36.547,20260917_125913,73.0
cybersecurity_agent_hermes_openclaw_20260916,cybersecurity,cybersecurity-agent-v1,openclaw,qwen3:8b,500a1f067a9f782620b40bee6f7b0c89e17ae61f686b92c24933e4ca4b2b8b41,cyber_appsec_code_review,Perform a CWE-grounded application security review,ok,fail,3,7,36.259,20260917_125913,74.0
cybersecurity_agent_hermes_openclaw_20260916,cybersecurity,cybersecurity-agent-v1,openclaw,qwen3:8b,500a1f067a9f782620b40bee6f7b0c89e17ae61f686b92c24933e4ca4b2b8b41,cyber_appsec_secure_patch,Patch an injection-prone local utility,ok,fail,0,1,32.442,20260917_125913,74.0
cybersecurity_agent_hermes_openclaw_20260916,cybersecurity,cybersecurity-agent-v1,openclaw,qwen3:8b,500a1f067a9f782620b40bee6f7b0c89e17ae61f686b92c24933e4ca4b2b8b41,cyber_chronicle_yaral_detection,Write a Google SecOps YARA-L 2.0 correlation rule,ok,fail,8,13,46.979,20260917_125913,74.0
cybersecurity_agent_hermes_openclaw_20260916,cybersecurity,cybersecurity-agent-v1,openclaw,qwen3:8b,500a1f067a9f782620b40bee6f7b0c89e17ae61f686b92c24933e4ca4b2b8b41,cyber_cloud_kubernetes_hardening,Harden cloud IAM and a Kubernetes workload,ok,fail,3,13,42.729,20260917_125913,73.0
cybersecurity_agent_hermes_openclaw_20260916,cybersecurity,cybersecurity-agent-v1,openclaw,qwen3:8b,500a1f067a9f782620b40bee6f7b0c89e17ae61f686b92c24933e4ca4b2b8b41,cyber_ctf_multidiscipline,Solve a compact multidisciplinary CTF set,ok,fail,0,1,46.536,20260917_125913,73.0
cybersecurity_agent_hermes_openclaw_20260916,cybersecurity,cybersecurity-agent-v1,openclaw,qwen3:8b,500a1f067a9f782620b40bee6f7b0c89e17ae61f686b92c24933e4ca4b2b8b41,cyber_cti_attack_mapping,Map observed behaviors to MITRE ATT&CK,ok,fail,1,5,30.671,20260917_125913,73.0
cybersecurity_agent_hermes_openclaw_20260916,cybersecurity,cybersecurity-agent-v1,openclaw,qwen3:8b,500a1f067a9f782620b40bee6f7b0c89e17ae61f686b92c24933e4ca4b2b8b41,cyber_elastic_esql_detection,Write an Elastic ES|QL behavioral detection,ok,fail,9,11,32.26,20260917_125913,74.0
cybersecurity_agent_hermes_openclaw_20260916,cybersecurity,cybersecurity-agent-v1,openclaw,qwen3:8b,500a1f067a9f782620b40bee6f7b0c89e17ae61f686b92c24933e4ca4b2b8b41,cyber_exploit_crash_analysis,Analyze exploitability of a synthetic native crash,ok,fail,5,6,41.627,20260917_125913,74.0
cybersecurity_agent_hermes_openclaw_20260916,cybersecurity,cybersecurity-agent-v1,openclaw,qwen3:8b,500a1f067a9f782620b40bee6f7b0c89e17ae61f686b92c24933e4ca4b2b8b41,cyber_exploit_toy_poc,Build a constrained proof of concept for a toy service,ok,fail,10,11,30.906,20260917_125913,74.0
cybersecurity_agent_hermes_openclaw_20260916,cybersecurity,cybersecurity-agent-v1,openclaw,qwen3:8b,500a1f067a9f782620b40bee6f7b0c89e17ae61f686b92c24933e4ca4b2b8b41,cyber_foundations_architecture,Reason about a segmented enterprise architecture,ok,fail,1,4,56.987,20260917_125913,69.0
cybersecurity_agent_hermes_openclaw_20260916,cybersecurity,cybersecurity-agent-v1,openclaw,qwen3:8b,500a1f067a9f782620b40bee6f7b0c89e17ae61f686b92c24933e4ca4b2b8b41,cyber_governance_risk_prioritization,Prioritize cyber risk and response outcomes,ok,fail,6,7,31.751,20260917_125913,72.0
cybersecurity_agent_hermes_openclaw_20260916,cybersecurity,cybersecurity-agent-v1,openclaw,qwen3:8b,500a1f067a9f782620b40bee6f7b0c89e17ae61f686b92c24933e4ca4b2b8b41,cyber_incident_timeline,Reconstruct an incident timeline and response plan,ok,fail,7,8,32.593,20260917_125913,75.0
cybersecurity_agent_hermes_openclaw_20260916,cybersecurity,cybersecurity-agent-v1,openclaw,qwen3:8b,500a1f067a9f782620b40bee6f7b0c89e17ae61f686b92c24933e4ca4b2b8b41,cyber_llm_prompt_injection,Harden an agent against indirect prompt injection,ok,fail,0,1,33.209,20260917_125913,73.0
cybersecurity_agent_hermes_openclaw_20260916,cybersecurity,cybersecurity-agent-v1,openclaw,qwen3:8b,500a1f067a9f782620b40bee6f7b0c89e17ae61f686b92c24933e4ca4b2b8b41,cyber_llm_tool_rag_security,Secure tool use and RAG against poisoning and exfiltration,ok,fail,7,8,30.465,20260917_125913,74.0
cybersecurity_agent_hermes_openclaw_20260916,cybersecurity,cybersecurity-agent-v1,openclaw,qwen3:8b,500a1f067a9f782620b40bee6f7b0c89e17ae61f686b92c24933e4ca4b2b8b41,cyber_malware_static_analysis,Classify a harmless synthetic malware specimen,ok,fail,2,6,33.33,20260917_125913,75.0
cybersecurity_agent_hermes_openclaw_20260916,cybersecurity,cybersecurity-agent-v1,openclaw,qwen3:8b,500a1f067a9f782620b40bee6f7b0c89e17ae61f686b92c24933e4ca4b2b8b41,cyber_pentest_attack_path,Plan and validate an authorized lab attack path,ok,fail,5,6,35.479,20260917_125913,73.0
cybersecurity_agent_hermes_openclaw_20260916,cybersecurity,cybersecurity-agent-v1,openclaw,qwen3:8b,500a1f067a9f782620b40bee6f7b0c89e17ae61f686b92c24933e4ca4b2b8b41,cyber_sentinel_kql_detection,Write a Microsoft Sentinel KQL analytic,ok,fail,8,10,33.655,20260917_125913,74.0
cybersecurity_agent_hermes_openclaw_20260916,cybersecurity,cybersecurity-agent-v1,openclaw,qwen3:8b,500a1f067a9f782620b40bee6f7b0c89e17ae61f686b92c24933e4ca4b2b8b41,cyber_sigma_detection,Author a portable Sigma detection,ok,pass,10,10,42.289,20260917_125913,75.0
cybersecurity_agent_hermes_openclaw_20260916,cybersecurity,cybersecurity-agent-v1,openclaw,qwen3:8b,500a1f067a9f782620b40bee6f7b0c89e17ae61f686b92c24933e4ca4b2b8b41,cyber_soc_alert_triage,Triage a noisy alert bundle,ok,fail,5,6,28.752,20260917_125913,76.0
cybersecurity_agent_hermes_openclaw_20260916,cybersecurity,cybersecurity-agent-v1,openclaw,qwen3:8b,500a1f067a9f782620b40bee6f7b0c89e17ae61f686b92c24933e4ca4b2b8b41,cyber_spl_detection,Write a Splunk SPL detection and triage query,ok,pass,9,9,40.621,20260917_125913,75.0
cybersecurity_agent_hermes_openclaw_20260916,cybersecurity,cybersecurity-agent-v1,openclaw,qwen3:8b,500a1f067a9f782620b40bee6f7b0c89e17ae61f686b92c24933e4ca4b2b8b41,cyber_threat_report_synthesis,Synthesize actionable intelligence from mixed-confidence reporting,ok,fail,7,8,34.366,20260917_125913,77.0
cybersecurity_agent_hermes_openclaw_20260916,cybersecurity,cybersecurity-agent-v1,openclaw,qwen3:8b,500a1f067a9f782620b40bee6f7b0c89e17ae61f686b92c24933e4ca4b2b8b41,cyber_vulnerability_cvss_triage,Triage vulnerabilities using CVSS v4 and exposure context,error,fail,0,1,442.143,20260917_125913,73.0
